Day_of_Week,Meal_Type,Dish,Special_Day,Total_Students,Students_on_Leave,Students_Staying,Persons_Consumed
Monday,Breakfast,Bread Omelette,Regular Day,1204,50,1154,953
Monday,Lunch,Chicken Curry-Rice,Regular Day,1204,36,1168,1123
Monday,Dinner,Chicken Biryani,Regular Day,1204,115,1089,996
Tuesday,Breakfast,Puri-Bhaji,Regular Day,1205,119,1086,893
Tuesday,Lunch,Curd Rice,Regular Day,1205,52,1153,1098
Tuesday,Dinner,Veg Noodles,Regular Day,1205,65,1140,1005
Wednesday,Breakfast,Idli-Sambar,Sports Event,1207,130,1077,903
Wednesday,Lunch,Rajma Chawal,Sports Event,1207,92,1115,1116
Wednesday,Dinner,Chapati-Paneer Curry,Sports Event,1207,116,1091,1037
Thursday,Breakfast,Upma,Regular Day,1193,105,1088,892
Thursday,Lunch,Chapati-Dal-Sabzi,Regular Day,1193,59,1134,1032
Thursday,Dinner,Veg Noodles,Regular Day,1193,68,1125,955
Friday,Breakfast,Poha,Festival,1203,234,969,902
Friday,Lunch,Veg Pulao,Festival,1203,190,1013,1044
Friday,Dinner,Chapati-Mixed Veg,Festival,1203,234,969,911
Saturday,Breakfast,Masala Dosa,Regular Day,1200,238,962,763
Saturday,Lunch,Veg Biryani,Regular Day,1200,195,1005,919
Saturday,Dinner,Veg Fried Rice,Regular Day,1200,164,1036,889
Sunday,Breakfast,Vada-Sambar,Holiday,1188,691,497,402
Sunday,Lunch,Sambar Rice,Holiday,1188,647,541,472
Sunday,Dinner,Veg Noodles,Holiday,1188,660,528,465
Monday,Breakfast,Cornflakes & Milk,Holiday,1205,534,671,555
Monday,Lunch,Chicken Curry-Rice,Holiday,1205,505,700,686
Monday,Dinner,Dal Rice,Holiday,1205,500,705,617
Tuesday,Breakfast,Cornflakes & Milk,Festival,1191,244,947,859
Tuesday,Lunch,Chapati-Dal-Sabzi,Festival,1191,203,988,1037
Tuesday,Dinner,Veg Fried Rice,Festival,1191,171,1020,980
Wednesday,Breakfast,Bread Omelette,Regular Day,1194,128,1066,884
Wednesday,Lunch,Sambar Rice,Regular Day,1194,64,1130,1047
Wednesday,Dinner,Chapati-Paneer Curry,Regular Day,1194,69,1125,980
Thursday,Breakfast,Idli-Sambar,Regular Day,1200,64,1136,966
Thursday,Lunch,Veg Biryani,Regular Day,1200,78,1122,1047
Thursday,Dinner,Dal Rice,Regular Day,1200,52,1148,1016
Friday,Breakfast,Aloo Paratha,Festival,1206,231,975,906
Friday,Lunch,Fried Rice-Manchurian,Festival,1206,213,993,1025
Friday,Dinner,Curd Rice,Festival,1206,218,988,926
Saturday,Breakfast,Masala Dosa,Regular Day,1199,207,992,815
Saturday,Lunch,Veg Biryani,Regular Day,1199,198,1001,865
Saturday,Dinner,Curd Rice,Regular Day,1199,170,1029,845
Sunday,Breakfast,Bread Omelette,Festival,1208,406,802,678
Sunday,Lunch,Sambar Rice,Festival,1208,356,852,814
Sunday,Dinner,Egg Curry-Rice,Festival,1208,400,808,728
Monday,Breakfast,Vada-Sambar,Regular Day,1215,129,1086,903
Monday,Lunch,Curd Rice,Regular Day,1215,119,1096,995
Monday,Dinner,Chapati-Mixed Veg,Regular Day,1215,91,1124,974
Tuesday,Breakfast,Masala Dosa,Regular Day,1198,96,1102,929
Tuesday,Lunch,Egg Curry-Rice,Regular Day,1198,25,1173,1083
Tuesday,Dinner,Curd Rice,Regular Day,1198,71,1127,961
Wednesday,Breakfast,Aloo Paratha,Regular Day,1205,89,1116,922
Wednesday,Lunch,Egg Curry-Rice,Regular Day,1205,42,1163,1096
Wednesday,Dinner,Chapati-Paneer Curry,Regular Day,1205,38,1167,1040
Thursday,Breakfast,Uttapam,Exam Period,1196,64,1132,841
Thursday,Lunch,Rice-Sambar-Rasam,Exam Period,1196,12,1184,1058
Thursday,Dinner,Chapati-Paneer Curry,Exam Period,1196,28,1168,942
Friday,Breakfast,Poha,Regular Day,1192,124,1068,856
Friday,Lunch,Fried Rice-Manchurian,Regular Day,1192,83,1109,1056
Friday,Dinner,Dal Rice,Regular Day,1192,80,1112,962
Saturday,Breakfast,Vada-Sambar,Sports Event,1211,316,895,729
Saturday,Lunch,Sambar Rice,Sports Event,1211,243,968,896
Saturday,Dinner,Khichdi,Sports Event,1211,264,947,842
Sunday,Breakfast,Bread Omelette,Exam Period,1207,224,983,726
Sunday,Lunch,Egg Curry-Rice,Exam Period,1207,199,1008,840
Sunday,Dinner,Veg Noodles,Exam Period,1207,207,1000,810
Monday,Breakfast,Masala Dosa,Regular Day,1201,97,1104,935
Monday,Lunch,Egg Curry-Rice,Regular Day,1201,81,1120,1065
Monday,Dinner,Khichdi,Regular Day,1201,51,1150,1023
Tuesday,Breakfast,Bread Omelette,Exam Period,1206,76,1130,902
Tuesday,Lunch,Chapati-Dal-Sabzi,Exam Period,1206,18,1188,978
Tuesday,Dinner,Egg Curry-Rice,Exam Period,1206,43,1163,938
Wednesday,Breakfast,Upma,Regular Day,1203,83,1120,894
Wednesday,Lunch,Fried Rice-Manchurian,Regular Day,1203,101,1102,1059
Wednesday,Dinner,Veg Noodles,Regular Day,1203,75,1128,992
Thursday,Breakfast,Idli-Sambar,Cultural Event,1198,151,1047,963
Thursday,Lunch,Veg Pulao,Cultural Event,1198,115,1083,1064
Thursday,Dinner,Khichdi,Cultural Event,1198,143,1055,963
Friday,Breakfast,Uttapam,Regular Day,1194,139,1055,820
Friday,Lunch,Veg Pulao,Regular Day,1194,100,1094,1021
Friday,Dinner,Curd Rice,Regular Day,1194,82,1112,945
Saturday,Breakfast,Upma,Regular Day,1195,254,941,742
Saturday,Lunch,Fried Rice-Manchurian,Regular Day,1195,198,997,898
Saturday,Dinner,Dal Rice,Regular Day,1195,205,990,818
Sunday,Breakfast,Idli-Sambar,Regular Day,1196,275,921,724
Sunday,Lunch,Veg Pulao,Regular Day,1196,232,964,855
Sunday,Dinner,Egg Curry-Rice,Regular Day,1196,277,919,732
Monday,Breakfast,Poha,Regular Day,1191,96,1095,890
Monday,Lunch,Egg Curry-Rice,Regular Day,1191,66,1125,1071
Monday,Dinner,Egg Curry-Rice,Regular Day,1191,82,1109,982
Tuesday,Breakfast,Uttapam,Regular Day,1201,115,1086,894
Tuesday,Lunch,Rice-Sambar-Rasam,Regular Day,1201,51,1150,1069
Tuesday,Dinner,Veg Noodles,Regular Day,1201,90,1111,1005
Wednesday,Breakfast,Aloo Paratha,Regular Day,1209,114,1095,915
Wednesday,Lunch,Egg Curry-Rice,Regular Day,1209,45,1164,1111
Wednesday,Dinner,Chapati-Mixed Veg,Regular Day,1209,55,1154,993
Thursday,Breakfast,Poha,Regular Day,1204,71,1133,937
Thursday,Lunch,Veg Biryani,Regular Day,1204,68,1136,1091
Thursday,Dinner,Curd Rice,Regular Day,1204,99,1105,986
Friday,Breakfast,Cornflakes & Milk,Regular Day,1197,112,1085,895
Friday,Lunch,Chapati-Dal-Sabzi,Regular Day,1197,92,1105,1013
Friday,Dinner,Veg Fried Rice,Regular Day,1197,79,1118,982
Saturday,Breakfast,Idli-Sambar,Exam Period,1223,222,1001,728
Saturday,Lunch,Veg Biryani,Exam Period,1223,167,1056,897
Saturday,Dinner,Curd Rice,Exam Period,1223,146,1077,844
Sunday,Breakfast,Puri-Bhaji,Regular Day,1200,276,924,708
Sunday,Lunch,Rice-Sambar-Rasam,Regular Day,1200,262,938,839
Sunday,Dinner,Khichdi,Regular Day,1200,270,930,772
Monday,Breakfast,Cornflakes & Milk,Regular Day,1208,77,1131,882
Monday,Lunch,Chicken Curry-Rice,Regular Day,1208,46,1162,1128
Monday,Dinner,Veg Noodles,Regular Day,1208,68,1140,1006
Tuesday,Breakfast,Masala Dosa,Exam Period,1204,81,1123,887
Tuesday,Lunch,Rice-Sambar-Rasam,Exam Period,1204,32,1172,1018
Tuesday,Dinner,Chapati-Paneer Curry,Exam Period,1204,32,1172,982
Wednesday,Breakfast,Vada-Sambar,Regular Day,1201,58,1143,944
Wednesday,Lunch,Rice-Sambar-Rasam,Regular Day,1201,48,1153,1079
Wednesday,Dinner,Egg Curry-Rice,Regular Day,1201,73,1128,1007
Thursday,Breakfast,Masala Dosa,Regular Day,1201,54,1147,950
Thursday,Lunch,Rice-Sambar-Rasam,Regular Day,1201,72,1129,1053
Thursday,Dinner,Curd Rice,Regular Day,1201,90,1111,973
Friday,Breakfast,Upma,Regular Day,1204,145,1059,854
Friday,Lunch,Sambar Rice,Regular Day,1204,123,1081,970
Friday,Dinner,Khichdi,Regular Day,1204,102,1102,912
Saturday,Breakfast,Puri-Bhaji,Regular Day,1195,271,924,712
Saturday,Lunch,Rajma Chawal,Regular Day,1195,171,1024,906
Saturday,Dinner,Egg Curry-Rice,Regular Day,1195,185,1010,816
Sunday,Breakfast,Poha,Regular Day,1205,285,920,718
Sunday,Lunch,Rice-Sambar-Rasam,Regular Day,1205,227,978,854
Sunday,Dinner,Chicken Biryani,Regular Day,1205,247,958,818
Monday,Breakfast,Uttapam,Regular Day,1202,114,1088,904
Monday,Lunch,Veg Biryani,Regular Day,1202,95,1107,1032
Monday,Dinner,Chapati-Paneer Curry,Regular Day,1202,99,1103,954
Tuesday,Breakfast,Poha,Regular Day,1206,85,1121,904
Tuesday,Lunch,Chicken Curry-Rice,Regular Day,1206,44,1162,1124
Tuesday,Dinner,Curd Rice,Regular Day,1206,64,1142,979
Wednesday,Breakfast,Bread Omelette,Regular Day,1182,62,1120,894
Wednesday,Lunch,Sambar Rice,Regular Day,1182,58,1124,1064
Wednesday,Dinner,Chapati-Paneer Curry,Regular Day,1182,85,1097,988
Thursday,Breakfast,Masala Dosa,Regular Day,1199,106,1093,889
Thursday,Lunch,Rajma Chawal,Regular Day,1199,39,1160,1044
Thursday,Dinner,Chicken Biryani,Regular Day,1199,78,1121,1015
Friday,Breakfast,Vada-Sambar,Regular Day,1209,161,1048,837
Friday,Lunch,Rajma Chawal,Regular Day,1209,87,1122,1045
Friday,Dinner,Chapati-Mixed Veg,Regular Day,1209,101,1108,964
Saturday,Breakfast,Puri-Bhaji,Regular Day,1213,216,997,759
Saturday,Lunch,Chicken Curry-Rice,Regular Day,1213,183,1030,932
Saturday,Dinner,Egg Curry-Rice,Regular Day,1213,197,1016,853
Sunday,Breakfast,Poha,Regular Day,1213,278,935,702
Sunday,Lunch,Veg Pulao,Regular Day,1213,254,959,874
Sunday,Dinner,Dal Rice,Regular Day,1213,281,932,775
Monday,Breakfast,Bread Omelette,Regular Day,1207,126,1081,888
Monday,Lunch,Sambar Rice,Regular Day,1207,82,1125,1003
Monday,Dinner,Egg Curry-Rice,Regular Day,1207,74,1133,980
Tuesday,Breakfast,Poha,Regular Day,1207,111,1096,890
Tuesday,Lunch,Curd Rice,Regular Day,1207,22,1185,1117
Tuesday,Dinner,Curd Rice,Regular Day,1207,44,1163,990
Wednesday,Breakfast,Vada-Sambar,Regular Day,1208,51,1157,976
Wednesday,Lunch,Egg Curry-Rice,Regular Day,1208,56,1152,1071
Wednesday,Dinner,Dal Rice,Regular Day,1208,22,1186,1011
Thursday,Breakfast,Poha,Holiday,1212,529,683,583
Thursday,Lunch,Rajma Chawal,Holiday,1212,492,720,692
Thursday,Dinner,Chicken Biryani,Holiday,1212,483,729,665
Friday,Breakfast,Masala Dosa,Regular Day,1207,138,1069,883
Friday,Lunch,Chicken Curry-Rice,Regular Day,1207,110,1097,1015
Friday,Dinner,Curd Rice,Regular Day,1207,114,1093,986
Saturday,Breakfast,Puri-Bhaji,Regular Day,1208,279,929,704
Saturday,Lunch,Curd Rice,Regular Day,1208,201,1007,859
Saturday,Dinner,Chapati-Paneer Curry,Regular Day,1208,247,961,798
Sunday,Breakfast,Vada-Sambar,Regular Day,1203,287,916,708
Sunday,Lunch,Chapati-Dal-Sabzi,Regular Day,1203,275,928,800
Sunday,Dinner,Dal Rice,Regular Day,1203,245,958,782
Monday,Breakfast,Masala Dosa,Sports Event,1210,161,1049,930
Monday,Lunch,Sambar Rice,Sports Event,1210,133,1077,1094
Monday,Dinner,Chapati-Mixed Veg,Sports Event,1210,94,1116,1042
Tuesday,Breakfast,Bread Omelette,Festival,1205,227,978,925
Tuesday,Lunch,Fried Rice-Manchurian,Festival,1205,207,998,979
Tuesday,Dinner,Dal Rice,Festival,1205,190,1015,981
Wednesday,Breakfast,Aloo Paratha,Regular Day,1214,103,1111,912
Wednesday,Lunch,Chapati-Dal-Sabzi,Regular Day,1214,51,1163,1044
Wednesday,Dinner,Veg Fried Rice,Regular Day,1214,107,1107,981
Thursday,Breakfast,Masala Dosa,Regular Day,1194,90,1104,919
Thursday,Lunch,Curd Rice,Regular Day,1194,49,1145,1060
Thursday,Dinner,Veg Fried Rice,Regular Day,1194,71,1123,988
Friday,Breakfast,Upma,Exam Period,1221,121,1100,806
Friday,Lunch,Egg Curry-Rice,Exam Period,1221,79,1142,1007
Friday,Dinner,Veg Noodles,Exam Period,1221,69,1152,957
Saturday,Breakfast,Masala Dosa,Regular Day,1204,244,960,767
Saturday,Lunch,Egg Curry-Rice,Regular Day,1204,206,998,879
Saturday,Dinner,Veg Noodles,Regular Day,1204,175,1029,853
Sunday,Breakfast,Aloo Paratha,Cultural Event,1199,313,886,744
Sunday,Lunch,Veg Biryani,Cultural Event,1199,275,924,863
Sunday,Dinner,Chapati-Mixed Veg,Cultural Event,1199,317,882,805
Monday,Breakfast,Puri-Bhaji,Regular Day,1199,105,1094,901
Monday,Lunch,Veg Pulao,Regular Day,1199,86,1113,1094
Monday,Dinner,Chicken Biryani,Regular Day,1199,104,1095,1014
Tuesday,Breakfast,Vada-Sambar,Regular Day,1199,104,1095,902
Tuesday,Lunch,Veg Biryani,Regular Day,1199,35,1164,1071
Tuesday,Dinner,Veg Fried Rice,Regular Day,1199,74,1125,995
Wednesday,Breakfast,Uttapam,Regular Day,1204,134,1070,870
Wednesday,Lunch,Veg Biryani,Regular Day,1204,91,1113,1070
Wednesday,Dinner,Egg Curry-Rice,Regular Day,1204,78,1126,990
Thursday,Breakfast,Poha,Regular Day,1212,103,1109,896
Thursday,Lunch,Fried Rice-Manchurian,Regular Day,1212,49,1163,1092
Thursday,Dinner,Egg Curry-Rice,Regular Day,1212,53,1159,1002
Friday,Breakfast,Upma,Holiday,1195,539,656,535
Friday,Lunch,Chicken Curry-Rice,Holiday,1195,510,685,626
Friday,Dinner,Khichdi,Holiday,1195,562,633,551
Saturday,Breakfast,Masala Dosa,Regular Day,1210,194,1016,799
Saturday,Lunch,Veg Pulao,Regular Day,1210,217,993,845
Saturday,Dinner,Chicken Biryani,Regular Day,1210,183,1027,877
Sunday,Breakfast,Idli-Sambar,Regular Day,1202,298,904,666
Sunday,Lunch,Chicken Curry-Rice,Regular Day,1202,252,950,860
Sunday,Dinner,Chapati-Paneer Curry,Regular Day,1202,231,971,793
Monday,Breakfast,Vada-Sambar,Holiday,1210,503,707,579
Monday,Lunch,Veg Biryani,Holiday,1210,488,722,708
Monday,Dinner,Dal Rice,Holiday,1210,492,718,621
Tuesday,Breakfast,Uttapam,Regular Day,1205,83,1122,907
Tuesday,Lunch,Veg Pulao,Regular Day,1205,35,1170,1079
Tuesday,Dinner,Khichdi,Regular Day,1205,87,1118,960
Wednesday,Breakfast,Masala Dosa,Regular Day,1202,75,1127,928
Wednesday,Lunch,Rajma Chawal,Regular Day,1202,63,1139,1042
Wednesday,Dinner,Egg Curry-Rice,Regular Day,1202,73,1129,1015
Thursday,Breakfast,Bread Omelette,Regular Day,1190,96,1094,853
Thursday,Lunch,Veg Biryani,Regular Day,1190,66,1124,1071
Thursday,Dinner,Dal Rice,Regular Day,1190,59,1131,959
Friday,Breakfast,Upma,Regular Day,1183,113,1070,831
Friday,Lunch,Veg Pulao,Regular Day,1183,92,1091,1021
Friday,Dinner,Dal Rice,Regular Day,1183,115,1068,927
Saturday,Breakfast,Aloo Paratha,Festival,1194,367,827,692
Saturday,Lunch,Rajma Chawal,Festival,1194,305,889,871
Saturday,Dinner,Egg Curry-Rice,Festival,1194,318,876,842
Sunday,Breakfast,Uttapam,Regular Day,1200,277,923,716
Sunday,Lunch,Chicken Curry-Rice,Regular Day,1200,208,992,871
Sunday,Dinner,Chicken Biryani,Regular Day,1200,262,938,803
Monday,Breakfast,Masala Dosa,Holiday,1204,475,729,615
Monday,Lunch,Chicken Curry-Rice,Holiday,1204,501,703,663
Monday,Dinner,Egg Curry-Rice,Holiday,1204,493,711,654
Tuesday,Breakfast,Bread Omelette,Regular Day,1189,95,1094,865
Tuesday,Lunch,Chapati-Dal-Sabzi,Regular Day,1189,16,1173,1065
Tuesday,Dinner,Veg Noodles,Regular Day,1189,72,1117,1018
Wednesday,Breakfast,Cornflakes & Milk,Exam Period,1197,83,1114,834
Wednesday,Lunch,Veg Biryani,Exam Period,1197,20,1177,1068
Wednesday,Dinner,Chapati-Mixed Veg,Exam Period,1197,49,1148,1009
Thursday,Breakfast,Uttapam,Regular Day,1194,128,1066,858
Thursday,Lunch,Veg Biryani,Regular Day,1194,60,1134,1064
Thursday,Dinner,Chapati-Mixed Veg,Regular Day,1194,70,1124,996
Friday,Breakfast,Puri-Bhaji,Regular Day,1200,150,1050,842
Friday,Lunch,Veg Biryani,Regular Day,1200,91,1109,1021
Friday,Dinner,Chapati-Paneer Curry,Regular Day,1200,130,1070,962
Saturday,Breakfast,Uttapam,Regular Day,1197,225,972,735
Saturday,Lunch,Sambar Rice,Regular Day,1197,189,1008,884
Saturday,Dinner,Veg Noodles,Regular Day,1197,181,1016,842
Sunday,Breakfast,Puri-Bhaji,Regular Day,1187,253,934,717
Sunday,Lunch,Curd Rice,Regular Day,1187,196,991,891
Sunday,Dinner,Veg Fried Rice,Regular Day,1187,254,933,769
Monday,Breakfast,Masala Dosa,Regular Day,1195,107,1088,885
Monday,Lunch,Chicken Curry-Rice,Regular Day,1195,49,1146,1114
Monday,Dinner,Chapati-Paneer Curry,Regular Day,1195,48,1147,993
Tuesday,Breakfast,Vada-Sambar,Regular Day,1215,99,1116,907
Tuesday,Lunch,Veg Pulao,Regular Day,1215,62,1153,1073
Tuesday,Dinner,Egg Curry-Rice,Regular Day,1215,69,1146,1012
Wednesday,Breakfast,Cornflakes & Milk,Regular Day,1207,93,1114,902
Wednesday,Lunch,Sambar Rice,Regular Day,1207,87,1120,1013
Wednesday,Dinner,Curd Rice,Regular Day,1207,85,1122,968
Thursday,Breakfast,Uttapam,Regular Day,1195,82,1113,899
Thursday,Lunch,Veg Biryani,Regular Day,1195,50,1145,1104
Thursday,Dinner,Chicken Biryani,Regular Day,1195,112,1083,983
Friday,Breakfast,Idli-Sambar,Regular Day,1191,120,1071,855
Friday,Lunch,Veg Biryani,Regular Day,1191,74,1117,1032
Friday,Dinner,Veg Fried Rice,Regular Day,1191,157,1034,902
Saturday,Breakfast,Bread Omelette,Regular Day,1201,259,942,737
Saturday,Lunch,Curd Rice,Regular Day,1201,168,1033,885
Saturday,Dinner,Veg Noodles,Regular Day,1201,219,982,775
Sunday,Breakfast,Uttapam,Regular Day,1194,296,898,654
Sunday,Lunch,Rice-Sambar-Rasam,Regular Day,1194,257,937,819
Sunday,Dinner,Egg Curry-Rice,Regular Day,1194,256,938,748
Monday,Breakfast,Masala Dosa,Regular Day,1199,86,1113,926
Monday,Lunch,Veg Pulao,Regular Day,1199,68,1131,1046
Monday,Dinner,Chapati-Mixed Veg,Regular Day,1199,37,1162,1026
Tuesday,Breakfast,Masala Dosa,Holiday,1201,481,720,607
Tuesday,Lunch,Curd Rice,Holiday,1201,483,718,671
Tuesday,Dinner,Veg Noodles,Holiday,1201,509,692,612
Wednesday,Breakfast,Vada-Sambar,Regular Day,1207,108,1099,929
Wednesday,Lunch,Egg Curry-Rice,Regular Day,1207,76,1131,1055
Wednesday,Dinner,Khichdi,Regular Day,1207,86,1121,955
Thursday,Breakfast,Puri-Bhaji,Regular Day,1202,98,1104,910
Thursday,Lunch,Chicken Curry-Rice,Regular Day,1202,44,1158,1111
Thursday,Dinner,Curd Rice,Regular Day,1202,88,1114,935
Friday,Breakfast,Poha,Regular Day,1196,125,1071,852
Friday,Lunch,Veg Biryani,Regular Day,1196,100,1096,1043
Friday,Dinner,Chapati-Paneer Curry,Regular Day,1196,95,1101,992
Saturday,Breakfast,Aloo Paratha,Regular Day,1197,239,958,775
Saturday,Lunch,Rice-Sambar-Rasam,Regular Day,1197,197,1000,887
Saturday,Dinner,Chicken Biryani,Regular Day,1197,216,981,847
Sunday,Breakfast,Uttapam,Festival,1188,371,817,657
Sunday,Lunch,Rajma Chawal,Festival,1188,369,819,840
Sunday,Dinner,Dal Rice,Festival,1188,381,807,720
Monday,Breakfast,Bread Omelette,Regular Day,1194,100,1094,906
Monday,Lunch,Chapati-Dal-Sabzi,Regular Day,1194,69,1125,1037
Monday,Dinner,Khichdi,Regular Day,1194,51,1143,993
Tuesday,Breakfast,Vada-Sambar,Regular Day,1180,86,1094,891
Tuesday,Lunch,Egg Curry-Rice,Regular Day,1180,78,1102,1037
Tuesday,Dinner,Chapati-Paneer Curry,Regular Day,1180,50,1130,1020
Wednesday,Breakfast,Bread Omelette,Exam Period,1188,45,1143,893
Wednesday,Lunch,Veg Pulao,Exam Period,1188,45,1143,997
Wednesday,Dinner,Veg Fried Rice,Exam Period,1188,54,1134,916
Thursday,Breakfast,Aloo Paratha,Holiday,1202,537,665,534
Thursday,Lunch,Fried Rice-Manchurian,Holiday,1202,470,732,714
Thursday,Dinner,Veg Noodles,Holiday,1202,462,740,639
Friday,Breakfast,Upma,Regular Day,1203,161,1042,814
Friday,Lunch,Egg Curry-Rice,Regular Day,1203,82,1121,1048
Friday,Dinner,Chapati-Mixed Veg,Regular Day,1203,86,1117,963
Saturday,Breakfast,Aloo Paratha,Regular Day,1188,210,978,760
Saturday,Lunch,Chicken Curry-Rice,Regular Day,1188,194,994,891
Saturday,Dinner,Veg Noodles,Regular Day,1188,184,1004,814
Sunday,Breakfast,Aloo Paratha,Regular Day,1190,277,913,696
Sunday,Lunch,Rice-Sambar-Rasam,Regular Day,1190,225,965,849
Sunday,Dinner,Veg Noodles,Regular Day,1190,248,942,792
Monday,Breakfast,Upma,Regular Day,1190,125,1065,881
Monday,Lunch,Rice-Sambar-Rasam,Regular Day,1190,26,1164,1127
Monday,Dinner,Curd Rice,Regular Day,1190,74,1116,972
Tuesday,Breakfast,Aloo Paratha,Regular Day,1189,90,1099,901
Tuesday,Lunch,Fried Rice-Manchurian,Regular Day,1189,35,1154,1107
Tuesday,Dinner,Chicken Biryani,Regular Day,1189,75,1114,1015
Wednesday,Breakfast,Uttapam,Regular Day,1193,86,1107,893
Wednesday,Lunch,Curd Rice,Regular Day,1193,48,1145,1066
Wednesday,Dinner,Chapati-Paneer Curry,Regular Day,1193,92,1101,959
Thursday,Breakfast,Uttapam,Regular Day,1201,73,1128,932
Thursday,Lunch,Rajma Chawal,Regular Day,1201,63,1138,1053
Thursday,Dinner,Chapati-Mixed Veg,Regular Day,1201,83,1118,990
Friday,Breakfast,Aloo Paratha,Regular Day,1190,107,1083,906
Friday,Lunch,Chicken Curry-Rice,Regular Day,1190,49,1141,1074
Friday,Dinner,Khichdi,Regular Day,1190,98,1092,936
Saturday,Breakfast,Masala Dosa,Regular Day,1191,218,973,746
Saturday,Lunch,Chicken Curry-Rice,Regular Day,1191,207,984,926
Saturday,Dinner,Dal Rice,Regular Day,1191,189,1002,805
Sunday,Breakfast,Idli-Sambar,Exam Period,1194,219,975,680
Sunday,Lunch,Veg Biryani,Exam Period,1194,224,970,819
Sunday,Dinner,Chicken Biryani,Exam Period,1194,206,988,771
Monday,Breakfast,Masala Dosa,Cultural Event,1180,184,996,912
Monday,Lunch,Veg Pulao,Cultural Event,1180,115,1065,1056
Monday,Dinner,Khichdi,Cultural Event,1180,139,1041,974
Tuesday,Breakfast,Masala Dosa,Regular Day,1171,95,1076,897
Tuesday,Lunch,Chicken Curry-Rice,Regular Day,1171,59,1112,1042
Tuesday,Dinner,Veg Fried Rice,Regular Day,1171,77,1094,970
Wednesday,Breakfast,Bread Omelette,Exam Period,1195,58,1137,861
Wednesday,Lunch,Sambar Rice,Exam Period,1195,27,1168,1035
Wednesday,Dinner,Egg Curry-Rice,Exam Period,1195,51,1144,979
Thursday,Breakfast,Cornflakes & Milk,Regular Day,1180,122,1058,817
Thursday,Lunch,Rice-Sambar-Rasam,Regular Day,1180,46,1134,1060
Thursday,Dinner,Curd Rice,Regular Day,1180,96,1084,929
Friday,Breakfast,Aloo Paratha,Regular Day,1188,140,1048,870
Friday,Lunch,Sambar Rice,Regular Day,1188,90,1098,1017
Friday,Dinner,Dal Rice,Regular Day,1188,111,1077,949
Saturday,Breakfast,Masala Dosa,Regular Day,1180,224,956,795
Saturday,Lunch,Chicken Curry-Rice,Regular Day,1180,180,1000,932
Saturday,Dinner,Egg Curry-Rice,Regular Day,1180,242,938,793
Sunday,Breakfast,Masala Dosa,Regular Day,1183,277,906,708
Sunday,Lunch,Egg Curry-Rice,Regular Day,1183,235,948,892
Sunday,Dinner,Egg Curry-Rice,Regular Day,1183,255,928,757
Monday,Breakfast,Poha,Regular Day,1196,98,1098,919
Monday,Lunch,Egg Curry-Rice,Regular Day,1196,45,1151,1090
Monday,Dinner,Chicken Biryani,Regular Day,1196,78,1118,1025
Tuesday,Breakfast,Uttapam,Regular Day,1181,78,1103,913
Tuesday,Lunch,Egg Curry-Rice,Regular Day,1181,70,1111,1082
Tuesday,Dinner,Chapati-Mixed Veg,Regular Day,1181,121,1060,916
Wednesday,Breakfast,Masala Dosa,Regular Day,1181,89,1092,920
Wednesday,Lunch,Fried Rice-Manchurian,Regular Day,1181,60,1121,1077
Wednesday,Dinner,Dal Rice,Regular Day,1181,64,1117,980
Thursday,Breakfast,Vada-Sambar,Sports Event,1173,110,1063,941
Thursday,Lunch,Curd Rice,Sports Event,1173,141,1032,1013
Thursday,Dinner,Dal Rice,Sports Event,1173,101,1072,999
Friday,Breakfast,Upma,Regular Day,1175,129,1046,821
Friday,Lunch,Fried Rice-Manchurian,Regular Day,1175,84,1091,1025
Friday,Dinner,Veg Noodles,Regular Day,1175,125,1050,910
Saturday,Breakfast,Puri-Bhaji,Regular Day,1194,219,975,781
Saturday,Lunch,Curd Rice,Regular Day,1194,223,971,849
Saturday,Dinner,Veg Noodles,Regular Day,1194,203,991,819
Sunday,Breakfast,Vada-Sambar,Regular Day,1192,276,916,688
Sunday,Lunch,Curd Rice,Regular Day,1192,243,949,828
Sunday,Dinner,Dal Rice,Regular Day,1192,255,937,751
Monday,Breakfast,Idli-Sambar,Regular Day,1183,78,1105,923
Monday,Lunch,Veg Biryani,Regular Day,1183,43,1140,1117
Monday,Dinner,Chicken Biryani,Regular Day,1183,57,1126,1042
Tuesday,Breakfast,Idli-Sambar,Festival,1187,200,987,927
Tuesday,Lunch,Fried Rice-Manchurian,Festival,1187,160,1027,1068
Tuesday,Dinner,Khichdi,Festival,1187,208,979,946
Wednesday,Breakfast,Uttapam,Regular Day,1193,105,1088,872
Wednesday,Lunch,Chicken Curry-Rice,Regular Day,1193,56,1137,1105
Wednesday,Dinner,Egg Curry-Rice,Regular Day,1193,82,1111,950
Thursday,Breakfast,Idli-Sambar,Regular Day,1193,107,1086,914
Thursday,Lunch,Veg Biryani,Regular Day,1193,12,1181,1166
Thursday,Dinner,Chicken Biryani,Regular Day,1193,36,1157,1049
Friday,Breakfast,Puri-Bhaji,Regular Day,1198,140,1058,884
Friday,Lunch,Rice-Sambar-Rasam,Regular Day,1198,113,1085,1016
Friday,Dinner,Egg Curry-Rice,Regular Day,1198,128,1070,929
Saturday,Breakfast,Idli-Sambar,Exam Period,1194,178,1016,738
Saturday,Lunch,Sambar Rice,Exam Period,1194,146,1048,814
Saturday,Dinner,Egg Curry-Rice,Exam Period,1194,174,1020,844
Sunday,Breakfast,Vada-Sambar,Cultural Event,1188,337,851,705
Sunday,Lunch,Veg Pulao,Cultural Event,1188,298,890,840
Sunday,Dinner,Dal Rice,Cultural Event,1188,304,884,812
Monday,Breakfast,Poha,Regular Day,1191,116,1075,832
Monday,Lunch,Sambar Rice,Regular Day,1191,69,1122,1082
Monday,Dinner,Curd Rice,Regular Day,1191,89,1102,921
Tuesday,Breakfast,Cornflakes & Milk,Regular Day,1187,86,1101,948
Tuesday,Lunch,Rice-Sambar-Rasam,Regular Day,1187,78,1109,1068
Tuesday,Dinner,Dal Rice,Regular Day,1187,68,1119,976
Wednesday,Breakfast,Masala Dosa,Regular Day,1176,82,1094,934
Wednesday,Lunch,Fried Rice-Manchurian,Regular Day,1176,70,1106,1049
Wednesday,Dinner,Khichdi,Regular Day,1176,50,1126,987
Thursday,Breakfast,Puri-Bhaji,Regular Day,1187,123,1064,860
Thursday,Lunch,Rajma Chawal,Regular Day,1187,68,1119,1086
Thursday,Dinner,Veg Noodles,Regular Day,1187,91,1096,954
Friday,Breakfast,Idli-Sambar,Regular Day,1177,127,1050,863
Friday,Lunch,Rice-Sambar-Rasam,Regular Day,1177,51,1126,1033
Friday,Dinner,Curd Rice,Regular Day,1177,104,1073,942
Saturday,Breakfast,Uttapam,Regular Day,1176,236,940,690
Saturday,Lunch,Fried Rice-Manchurian,Regular Day,1176,208,968,835
Saturday,Dinner,Veg Fried Rice,Regular Day,1176,212,964,812
Sunday,Breakfast,Bread Omelette,Regular Day,1184,269,915,711
Sunday,Lunch,Fried Rice-Manchurian,Regular Day,1184,229,955,853
Sunday,Dinner,Chapati-Paneer Curry,Regular Day,1184,233,951,803
Monday,Breakfast,Idli-Sambar,Exam Period,1191,50,1141,926
Monday,Lunch,Sambar Rice,Exam Period,1191,12,1179,1071
Monday,Dinner,Dal Rice,Exam Period,1191,22,1169,982
Tuesday,Breakfast,Idli-Sambar,Regular Day,1177,122,1055,887
Tuesday,Lunch,Chicken Curry-Rice,Regular Day,1177,79,1098,1037
Tuesday,Dinner,Chapati-Paneer Curry,Regular Day,1177,103,1074,984
Wednesday,Breakfast,Cornflakes & Milk,Regular Day,1181,90,1091,857
Wednesday,Lunch,Egg Curry-Rice,Regular Day,1181,77,1104,1045
Wednesday,Dinner,Chicken Biryani,Regular Day,1181,81,1100,1016
Thursday,Breakfast,Uttapam,Regular Day,1210,88,1122,940
Thursday,Lunch,Rice-Sambar-Rasam,Regular Day,1210,51,1159,1102
Thursday,Dinner,Chicken Biryani,Regular Day,1210,65,1145,1065
Friday,Breakfast,Masala Dosa,Regular Day,1183,96,1087,869
Friday,Lunch,Curd Rice,Regular Day,1183,74,1109,992
Friday,Dinner,Chicken Biryani,Regular Day,1183,99,1084,988
Saturday,Breakfast,Vada-Sambar,Regular Day,1184,231,953,725
Saturday,Lunch,Veg Pulao,Regular Day,1184,190,994,884
Saturday,Dinner,Chapati-Mixed Veg,Regular Day,1184,196,988,806
Sunday,Breakfast,Aloo Paratha,Regular Day,1188,271,917,704
Sunday,Lunch,Veg Biryani,Regular Day,1188,262,926,830
Sunday,Dinner,Chapati-Mixed Veg,Regular Day,1188,249,939,760
Monday,Breakfast,Puri-Bhaji,Regular Day,1180,134,1046,818
Monday,Lunch,Fried Rice-Manchurian,Regular Day,1180,49,1131,1083
Monday,Dinner,Chapati-Paneer Curry,Regular Day,1180,89,1091,1000
Tuesday,Breakfast,Bread Omelette,Festival,1195,222,973,885
Tuesday,Lunch,Veg Pulao,Festival,1195,210,985,1003
Tuesday,Dinner,Chicken Biryani,Festival,1195,193,1002,998
Wednesday,Breakfast,Vada-Sambar,Regular Day,1193,92,1101,911
Wednesday,Lunch,Rice-Sambar-Rasam,Regular Day,1193,27,1166,1108
Wednesday,Dinner,Dal Rice,Regular Day,1193,65,1128,972
Thursday,Breakfast,Vada-Sambar,Regular Day,1197,100,1097,908
Thursday,Lunch,Egg Curry-Rice,Regular Day,1197,44,1153,1049
Thursday,Dinner,Chapati-Mixed Veg,Regular Day,1197,83,1114,991
Friday,Breakfast,Idli-Sambar,Regular Day,1184,129,1055,862
Friday,Lunch,Veg Biryani,Regular Day,1184,131,1053,999
Friday,Dinner,Curd Rice,Regular Day,1184,105,1079,882
Saturday,Breakfast,Masala Dosa,Regular Day,1187,188,999,816
Saturday,Lunch,Sambar Rice,Regular Day,1187,196,991,907
Saturday,Dinner,Chapati-Mixed Veg,Regular Day,1187,232,955,772
Sunday,Breakfast,Poha,Regular Day,1187,281,906,701
Sunday,Lunch,Sambar Rice,Regular Day,1187,264,923,809
Sunday,Dinner,Veg Noodles,Regular Day,1187,235,952,810
Monday,Breakfast,Cornflakes & Milk,Regular Day,1194,113,1081,879
Monday,Lunch,Sambar Rice,Regular Day,1194,78,1116,1078
Monday,Dinner,Chicken Biryani,Regular Day,1194,77,1117,988
Tuesday,Breakfast,Aloo Paratha,Holiday,1189,483,706,611
Tuesday,Lunch,Curd Rice,Holiday,1189,481,708,673
Tuesday,Dinner,Dal Rice,Holiday,1189,513,676,595
Wednesday,Breakfast,Vada-Sambar,Regular Day,1195,78,1117,946
Wednesday,Lunch,Veg Pulao,Regular Day,1195,30,1165,1075
Wednesday,Dinner,Veg Noodles,Regular Day,1195,65,1130,981
Thursday,Breakfast,Upma,Holiday,1195,544,651,521
Thursday,Lunch,Chapati-Dal-Sabzi,Holiday,1195,506,689,640
Thursday,Dinner,Veg Fried Rice,Holiday,1195,514,681,594
Friday,Breakfast,Upma,Regular Day,1186,113,1073,857
Friday,Lunch,Rice-Sambar-Rasam,Regular Day,1186,116,1070,994
Friday,Dinner,Egg Curry-Rice,Regular Day,1186,119,1067,948
Saturday,Breakfast,Vada-Sambar,Regular Day,1177,249,928,752
Saturday,Lunch,Veg Pulao,Regular Day,1177,179,998,926
Saturday,Dinner,Curd Rice,Regular Day,1177,167,1010,810
Sunday,Breakfast,Bread Omelette,Cultural Event,1183,336,847,714
Sunday,Lunch,Chicken Curry-Rice,Cultural Event,1183,278,905,872
Sunday,Dinner,Egg Curry-Rice,Cultural Event,1183,282,901,794
Monday,Breakfast,Bread Omelette,Regular Day,1180,83,1097,935
Monday,Lunch,Rajma Chawal,Regular Day,1180,51,1129,1053
Monday,Dinner,Chicken Biryani,Regular Day,1180,99,1081,941
Tuesday,Breakfast,Upma,Regular Day,1189,91,1098,872
Tuesday,Lunch,Rajma Chawal,Regular Day,1189,62,1127,1053
Tuesday,Dinner,Egg Curry-Rice,Regular Day,1189,94,1095,944
Wednesday,Breakfast,Puri-Bhaji,Festival,1184,238,946,860
Wednesday,Lunch,Veg Pulao,Festival,1184,180,1004,1018
Wednesday,Dinner,Chapati-Paneer Curry,Festival,1184,170,1014,1003
Thursday,Breakfast,Uttapam,Regular Day,1187,102,1085,892
Thursday,Lunch,Rice-Sambar-Rasam,Regular Day,1187,58,1129,1060
Thursday,Dinner,Chicken Biryani,Regular Day,1187,51,1136,1026
Friday,Breakfast,Puri-Bhaji,Regular Day,1185,111,1074,903
Friday,Lunch,Veg Pulao,Regular Day,1185,64,1121,1025
Friday,Dinner,Dal Rice,Regular Day,1185,91,1094,989
Saturday,Breakfast,Vada-Sambar,Festival,1175,318,857,744
Saturday,Lunch,Veg Pulao,Festival,1175,298,877,862
Saturday,Dinner,Veg Noodles,Festival,1175,361,814,745
Sunday,Breakfast,Cornflakes & Milk,Regular Day,1179,289,890,687
Sunday,Lunch,Rice-Sambar-Rasam,Regular Day,1179,227,952,850
Sunday,Dinner,Chicken Biryani,Regular Day,1179,241,938,790
Monday,Breakfast,Poha,Regular Day,1194,107,1087,910
Monday,Lunch,Egg Curry-Rice,Regular Day,1194,47,1147,1067
Monday,Dinner,Veg Fried Rice,Regular Day,1194,88,1106,967
Tuesday,Breakfast,Vada-Sambar,Regular Day,1200,110,1090,918
Tuesday,Lunch,Veg Pulao,Regular Day,1200,56,1144,1059
Tuesday,Dinner,Egg Curry-Rice,Regular Day,1200,82,1118,1006
Wednesday,Breakfast,Bread Omelette,Regular Day,1177,82,1095,927
Wednesday,Lunch,Chicken Curry-Rice,Regular Day,1177,61,1116,1062
Wednesday,Dinner,Curd Rice,Regular Day,1177,60,1117,1005
Thursday,Breakfast,Cornflakes & Milk,Regular Day,1179,114,1065,852
Thursday,Lunch,Curd Rice,Regular Day,1179,69,1110,1038
Thursday,Dinner,Chapati-Paneer Curry,Regular Day,1179,66,1113,1012
Friday,Breakfast,Bread Omelette,Exam Period,1177,96,1081,780
Friday,Lunch,Veg Biryani,Exam Period,1177,35,1142,1005
Friday,Dinner,Veg Noodles,Exam Period,1177,63,1114,914
Saturday,Breakfast,Bread Omelette,Regular Day,1171,236,935,692
Saturday,Lunch,Egg Curry-Rice,Regular Day,1171,193,978,858
Saturday,Dinner,Chapati-Mixed Veg,Regular Day,1171,197,974,844
Sunday,Breakfast,Uttapam,Cultural Event,1168,311,857,734
Sunday,Lunch,Chicken Curry-Rice,Cultural Event,1168,301,867,846
Sunday,Dinner,Chapati-Mixed Veg,Cultural Event,1168,308,860,768
Monday,Breakfast,Bread Omelette,Regular Day,1190,108,1082,872
Monday,Lunch,Curd Rice,Regular Day,1190,49,1141,1067
Monday,Dinner,Khichdi,Regular Day,1190,69,1121,1006
Tuesday,Breakfast,Idli-Sambar,Regular Day,1186,123,1063,886
Tuesday,Lunch,Curd Rice,Regular Day,1186,43,1143,1072
Tuesday,Dinner,Dal Rice,Regular Day,1186,57,1129,966
Wednesday,Breakfast,Puri-Bhaji,Regular Day,1188,96,1092,865
Wednesday,Lunch,Rice-Sambar-Rasam,Regular Day,1188,47,1141,1029
Wednesday,Dinner,Veg Fried Rice,Regular Day,1188,31,1157,1010
Thursday,Breakfast,Poha,Regular Day,1177,100,1077,896
Thursday,Lunch,Chapati-Dal-Sabzi,Regular Day,1177,59,1118,1061
Thursday,Dinner,Chapati-Mixed Veg,Regular Day,1177,73,1104,962
Friday,Breakfast,Uttapam,Regular Day,1188,119,1069,836
Friday,Lunch,Veg Biryani,Regular Day,1188,112,1076,994
Friday,Dinner,Chicken Biryani,Regular Day,1188,97,1091,997
Saturday,Breakfast,Uttapam,Regular Day,1182,225,957,735
Saturday,Lunch,Fried Rice-Manchurian,Regular Day,1182,199,983,925
Saturday,Dinner,Chicken Biryani,Regular Day,1182,201,981,849
Sunday,Breakfast,Idli-Sambar,Regular Day,1199,257,942,712
Sunday,Lunch,Veg Pulao,Regular Day,1199,244,955,829
Sunday,Dinner,Chicken Biryani,Regular Day,1199,268,931,796
Monday,Breakfast,Uttapam,Regular Day,1175,81,1094,922
Monday,Lunch,Veg Biryani,Regular Day,1175,45,1130,1041
Monday,Dinner,Egg Curry-Rice,Regular Day,1175,96,1079,946
Tuesday,Breakfast,Vada-Sambar,Festival,1198,210,988,892
Tuesday,Lunch,Veg Biryani,Festival,1198,208,990,1063
Tuesday,Dinner,Khichdi,Festival,1198,171,1027,1002
Wednesday,Breakfast,Poha,Regular Day,1168,76,1092,898
Wednesday,Lunch,Veg Pulao,Regular Day,1168,93,1075,1001
Wednesday,Dinner,Chapati-Paneer Curry,Regular Day,1168,75,1093,978
Thursday,Breakfast,Idli-Sambar,Regular Day,1202,133,1069,911
Thursday,Lunch,Chicken Curry-Rice,Regular Day,1202,59,1143,1082
Thursday,Dinner,Egg Curry-Rice,Regular Day,1202,78,1124,975
Friday,Breakfast,Poha,Regular Day,1184,119,1065,862
Friday,Lunch,Fried Rice-Manchurian,Regular Day,1184,91,1093,994
Friday,Dinner,Veg Fried Rice,Regular Day,1184,99,1085,987
Saturday,Breakfast,Vada-Sambar,Regular Day,1200,257,943,776
Saturday,Lunch,Chicken Curry-Rice,Regular Day,1200,183,1017,893
Saturday,Dinner,Chapati-Paneer Curry,Regular Day,1200,219,981,857
Sunday,Breakfast,Vada-Sambar,Festival,1192,366,826,684
Sunday,Lunch,Veg Biryani,Festival,1192,377,815,828
Sunday,Dinner,Chicken Biryani,Festival,1192,412,780,749
Monday,Breakfast,Bread Omelette,Regular Day,1197,84,1113,929
Monday,Lunch,Egg Curry-Rice,Regular Day,1197,23,1174,1149
Monday,Dinner,Dal Rice,Regular Day,1197,58,1139,995
Tuesday,Breakfast,Cornflakes & Milk,Regular Day,1198,81,1117,895
Tuesday,Lunch,Veg Pulao,Regular Day,1198,38,1160,1111
Tuesday,Dinner,Khichdi,Regular Day,1198,81,1117,969
Wednesday,Breakfast,Masala Dosa,Regular Day,1191,93,1098,911
Wednesday,Lunch,Veg Biryani,Regular Day,1191,63,1128,1091
Wednesday,Dinner,Veg Noodles,Regular Day,1191,87,1104,997
Thursday,Breakfast,Puri-Bhaji,Regular Day,1184,93,1091,874
Thursday,Lunch,Chapati-Dal-Sabzi,Regular Day,1184,51,1133,1051
Thursday,Dinner,Egg Curry-Rice,Regular Day,1184,92,1092,1029
Friday,Breakfast,Masala Dosa,Regular Day,1191,136,1055,912
Friday,Lunch,Sambar Rice,Regular Day,1191,80,1111,1027
Friday,Dinner,Curd Rice,Regular Day,1191,121,1070,906
Saturday,Breakfast,Masala Dosa,Regular Day,1192,204,988,769
Saturday,Lunch,Rice-Sambar-Rasam,Regular Day,1192,195,997,874
Saturday,Dinner,Chapati-Mixed Veg,Regular Day,1192,216,976,799
Sunday,Breakfast,Idli-Sambar,Regular Day,1198,264,934,705
Sunday,Lunch,Veg Pulao,Regular Day,1198,272,926,837
Sunday,Dinner,Chapati-Mixed Veg,Regular Day,1198,288,910,732
Monday,Breakfast,Idli-Sambar,Exam Period,1187,78,1109,868
Monday,Lunch,Rajma Chawal,Exam Period,1187,26,1161,1016
Monday,Dinner,Chapati-Paneer Curry,Exam Period,1187,40,1147,1001
Tuesday,Breakfast,Idli-Sambar,Regular Day,1193,84,1109,911
Tuesday,Lunch,Veg Pulao,Regular Day,1193,37,1156,1081
Tuesday,Dinner,Veg Fried Rice,Regular Day,1193,81,1112,1001
Wednesday,Breakfast,Puri-Bhaji,Exam Period,1190,47,1143,904
Wednesday,Lunch,Rice-Sambar-Rasam,Exam Period,1190,25,1165,1019
Wednesday,Dinner,Dal Rice,Exam Period,1190,16,1174,997
Thursday,Breakfast,Idli-Sambar,Regular Day,1206,151,1055,889
Thursday,Lunch,Veg Biryani,Regular Day,1206,53,1153,1113
Thursday,Dinner,Veg Fried Rice,Regular Day,1206,105,1101,987
Friday,Breakfast,Aloo Paratha,Regular Day,1184,128,1056,848
Friday,Lunch,Chapati-Dal-Sabzi,Regular Day,1184,90,1094,992
Friday,Dinner,Chapati-Mixed Veg,Regular Day,1184,106,1078,948
Saturday,Breakfast,Uttapam,Exam Period,1188,174,1014,708
Saturday,Lunch,Curd Rice,Exam Period,1188,133,1055,881
Saturday,Dinner,Veg Noodles,Exam Period,1188,167,1021,764
Sunday,Breakfast,Idli-Sambar,Regular Day,1200,287,913,684
Sunday,Lunch,Curd Rice,Regular Day,1200,227,973,851
Sunday,Dinner,Egg Curry-Rice,Regular Day,1200,227,973,790
Monday,Breakfast,Cornflakes & Milk,Regular Day,1183,80,1103,865
Monday,Lunch,Egg Curry-Rice,Regular Day,1183,57,1126,1031
Monday,Dinner,Egg Curry-Rice,Regular Day,1183,89,1094,965
Tuesday,Breakfast,Idli-Sambar,Regular Day,1200,116,1084,897
Tuesday,Lunch,Rice-Sambar-Rasam,Regular Day,1200,66,1134,1046
Tuesday,Dinner,Chicken Biryani,Regular Day,1200,73,1127,1031
Wednesday,Breakfast,Bread Omelette,Regular Day,1199,72,1127,974
Wednesday,Lunch,Egg Curry-Rice,Regular Day,1199,78,1121,1067
Wednesday,Dinner,Chapati-Paneer Curry,Regular Day,1199,39,1160,1024
Thursday,Breakfast,Idli-Sambar,Regular Day,1182,105,1077,889
Thursday,Lunch,Egg Curry-Rice,Regular Day,1182,40,1142,1070
Thursday,Dinner,Chicken Biryani,Regular Day,1182,81,1101,1013
Friday,Breakfast,Poha,Regular Day,1179,115,1064,864
Friday,Lunch,Fried Rice-Manchurian,Regular Day,1179,103,1076,994
Friday,Dinner,Dal Rice,Regular Day,1179,122,1057,943
Saturday,Breakfast,Poha,Regular Day,1186,243,943,730
Saturday,Lunch,Chicken Curry-Rice,Regular Day,1186,219,967,867
Saturday,Dinner,Khichdi,Regular Day,1186,204,982,811
Sunday,Breakfast,Aloo Paratha,Regular Day,1182,223,959,732
Sunday,Lunch,Curd Rice,Regular Day,1182,222,960,822
Sunday,Dinner,Chapati-Paneer Curry,Regular Day,1182,242,940,763
Monday,Breakfast,Bread Omelette,Regular Day,1195,82,1113,957
Monday,Lunch,Chicken Curry-Rice,Regular Day,1195,50,1145,1080
Monday,Dinner,Chicken Biryani,Regular Day,1195,90,1105,1026
Tuesday,Breakfast,Aloo Paratha,Regular Day,1177,99,1078,906
Tuesday,Lunch,Sambar Rice,Regular Day,1177,49,1128,1063
Tuesday,Dinner,Chapati-Paneer Curry,Regular Day,1177,63,1114,1009
Wednesday,Breakfast,Vada-Sambar,Sports Event,1202,162,1040,928
Wednesday,Lunch,Veg Pulao,Sports Event,1202,121,1081,1055
Wednesday,Dinner,Veg Noodles,Sports Event,1202,111,1091,1026
Thursday,Breakfast,Cornflakes & Milk,Sports Event,1193,140,1053,915
Thursday,Lunch,Chapati-Dal-Sabzi,Sports Event,1193,121,1072,1046
Thursday,Dinner,Curd Rice,Sports Event,1193,133,1060,985
Friday,Breakfast,Aloo Paratha,Exam Period,1189,83,1106,853
Friday,Lunch,Veg Pulao,Exam Period,1189,26,1163,1016
Friday,Dinner,Chapati-Paneer Curry,Exam Period,1189,66,1123,946
Saturday,Breakfast,Vada-Sambar,Festival,1173,354,819,718
Saturday,Lunch,Veg Pulao,Festival,1173,279,894,873
Saturday,Dinner,Chapati-Paneer Curry,Festival,1173,326,847,782
Sunday,Breakfast,Bread Omelette,Holiday,1190,676,514,367
Sunday,Lunch,Curd Rice,Holiday,1190,677,513,432
Sunday,Dinner,Chapati-Paneer Curry,Holiday,1190,669,521,412
Monday,Breakfast,Vada-Sambar,Regular Day,1181,72,1109,909
Monday,Lunch,Fried Rice-Manchurian,Regular Day,1181,64,1117,1060
Monday,Dinner,Chicken Biryani,Regular Day,1181,45,1136,1032
Tuesday,Breakfast,Uttapam,Cultural Event,1183,149,1034,882
Tuesday,Lunch,Rajma Chawal,Cultural Event,1183,124,1059,1026
Tuesday,Dinner,Khichdi,Cultural Event,1183,129,1054,961
Wednesday,Breakfast,Uttapam,Regular Day,1175,75,1100,885
Wednesday,Lunch,Curd Rice,Regular Day,1175,40,1135,1061
Wednesday,Dinner,Curd Rice,Regular Day,1175,66,1109,955
Thursday,Breakfast,Puri-Bhaji,Regular Day,1190,82,1108,888
Thursday,Lunch,Fried Rice-Manchurian,Regular Day,1190,72,1118,1054
Thursday,Dinner,Veg Fried Rice,Regular Day,1190,101,1089,971
Friday,Breakfast,Puri-Bhaji,Regular Day,1171,123,1048,863
Friday,Lunch,Sambar Rice,Regular Day,1171,96,1075,1002
Friday,Dinner,Chicken Biryani,Regular Day,1171,106,1065,977
Saturday,Breakfast,Puri-Bhaji,Regular Day,1180,231,949,749
Saturday,Lunch,Egg Curry-Rice,Regular Day,1180,203,977,908
Saturday,Dinner,Egg Curry-Rice,Regular Day,1180,195,985,808
Sunday,Breakfast,Vada-Sambar,Festival,1181,385,796,707
Sunday,Lunch,Rajma Chawal,Festival,1181,355,826,814
Sunday,Dinner,Curd Rice,Festival,1181,360,821,744
Monday,Breakfast,Masala Dosa,Regular Day,1182,67,1115,975
Monday,Lunch,Curd Rice,Regular Day,1182,85,1097,1021
Monday,Dinner,Curd Rice,Regular Day,1182,54,1128,999
Tuesday,Breakfast,Aloo Paratha,Regular Day,1175,70,1105,968
Tuesday,Lunch,Sambar Rice,Regular Day,1175,83,1092,1054
Tuesday,Dinner,Veg Noodles,Regular Day,1175,43,1132,1027
Wednesday,Breakfast,Bread Omelette,Regular Day,1195,107,1088,892
Wednesday,Lunch,Egg Curry-Rice,Regular Day,1195,60,1135,1095
Wednesday,Dinner,Curd Rice,Regular Day,1195,89,1106,977
Thursday,Breakfast,Masala Dosa,Regular Day,1199,98,1101,896
Thursday,Lunch,Chicken Curry-Rice,Regular Day,1199,43,1156,1107
Thursday,Dinner,Egg Curry-Rice,Regular Day,1199,71,1128,1034
Friday,Breakfast,Puri-Bhaji,Festival,1190,246,944,892
Friday,Lunch,Rajma Chawal,Festival,1190,217,973,1008
Friday,Dinner,Egg Curry-Rice,Festival,1190,234,956,898
Saturday,Breakfast,Vada-Sambar,Regular Day,1180,243,937,730
Saturday,Lunch,Rajma Chawal,Regular Day,1180,195,985,885
Saturday,Dinner,Veg Fried Rice,Regular Day,1180,201,979,803
Sunday,Breakfast,Masala Dosa,Regular Day,1189,245,944,762
Sunday,Lunch,Veg Pulao,Regular Day,1189,214,975,853
Sunday,Dinner,Egg Curry-Rice,Regular Day,1189,278,911,780
Monday,Breakfast,Poha,Sports Event,1192,160,1032,906
Monday,Lunch,Veg Pulao,Sports Event,1192,93,1099,1097
Monday,Dinner,Chicken Biryani,Sports Event,1192,126,1066,1017
Tuesday,Breakfast,Aloo Paratha,Sports Event,1202,131,1071,921
Tuesday,Lunch,Veg Biryani,Sports Event,1202,127,1075,1084
Tuesday,Dinner,Khichdi,Sports Event,1202,116,1086,994
Wednesday,Breakfast,Upma,Regular Day,1184,97,1087,881
Wednesday,Lunch,Sambar Rice,Regular Day,1184,84,1100,1049
Wednesday,Dinner,Veg Fried Rice,Regular Day,1184,80,1104,993
Thursday,Breakfast,Idli-Sambar,Regular Day,1196,94,1102,883
Thursday,Lunch,Veg Pulao,Regular Day,1196,63,1133,1032
Thursday,Dinner,Veg Fried Rice,Regular Day,1196,83,1113,995
Friday,Breakfast,Poha,Regular Day,1191,113,1078,856
Friday,Lunch,Sambar Rice,Regular Day,1191,86,1105,1056
Friday,Dinner,Chapati-Paneer Curry,Regular Day,1191,115,1076,1007
Saturday,Breakfast,Masala Dosa,Regular Day,1182,193,989,799
Saturday,Lunch,Veg Pulao,Regular Day,1182,164,1018,900
Saturday,Dinner,Chicken Biryani,Regular Day,1182,215,967,858
Sunday,Breakfast,Idli-Sambar,Regular Day,1185,259,926,709
Sunday,Lunch,Curd Rice,Regular Day,1185,204,981,872
Sunday,Dinner,Khichdi,Regular Day,1185,255,930,757
Monday,Breakfast,Cornflakes & Milk,Festival,1178,231,947,895
Monday,Lunch,Sambar Rice,Festival,1178,160,1018,1068
Monday,Dinner,Chapati-Mixed Veg,Festival,1178,201,977,920
Tuesday,Breakfast,Vada-Sambar,Holiday,1181,503,678,568
Tuesday,Lunch,Veg Biryani,Holiday,1181,449,732,720
Tuesday,Dinner,Chapati-Mixed Veg,Holiday,1181,473,708,608
Wednesday,Breakfast,Poha,Regular Day,1193,120,1073,917
Wednesday,Lunch,Veg Biryani,Regular Day,1193,75,1118,1082
Wednesday,Dinner,Veg Noodles,Regular Day,1193,78,1115,1025
Thursday,Breakfast,Masala Dosa,Exam Period,1181,66,1115,883
Thursday,Lunch,Rajma Chawal,Exam Period,1181,21,1160,1032
Thursday,Dinner,Khichdi,Exam Period,1181,12,1169,968
Friday,Breakfast,Poha,Regular Day,1183,96,1087,923
Friday,Lunch,Fried Rice-Manchurian,Regular Day,1183,105,1078,1011
Friday,Dinner,Chicken Biryani,Regular Day,1183,95,1088,979
Saturday,Breakfast,Cornflakes & Milk,Regular Day,1168,201,967,790
Saturday,Lunch,Rice-Sambar-Rasam,Regular Day,1168,211,957,845
Saturday,Dinner,Curd Rice,Regular Day,1168,175,993,805
Sunday,Breakfast,Uttapam,Regular Day,1174,251,923,705
Sunday,Lunch,Veg Biryani,Regular Day,1174,222,952,858
Sunday,Dinner,Veg Fried Rice,Regular Day,1174,242,932,779
Monday,Breakfast,Poha,Festival,1175,223,952,879
Monday,Lunch,Chicken Curry-Rice,Festival,1175,162,1013,1065
Monday,Dinner,Chicken Biryani,Festival,1175,196,979,954
Tuesday,Breakfast,Masala Dosa,Festival,1181,229,952,899
Tuesday,Lunch,Chicken Curry-Rice,Festival,1181,188,993,1024
Tuesday,Dinner,Egg Curry-Rice,Festival,1181,176,1005,1051
Wednesday,Breakfast,Puri-Bhaji,Regular Day,1179,86,1093,893
Wednesday,Lunch,Chicken Curry-Rice,Regular Day,1179,51,1128,1063
Wednesday,Dinner,Chicken Biryani,Regular Day,1179,82,1097,986
Thursday,Breakfast,Puri-Bhaji,Regular Day,1170,81,1089,898
Thursday,Lunch,Veg Pulao,Regular Day,1170,55,1115,1040
Thursday,Dinner,Chicken Biryani,Regular Day,1170,61,1109,1000
Friday,Breakfast,Aloo Paratha,Regular Day,1184,122,1062,882
Friday,Lunch,Chicken Curry-Rice,Regular Day,1184,105,1079,1044
Friday,Dinner,Veg Noodles,Regular Day,1184,114,1070,949
Saturday,Breakfast,Puri-Bhaji,Regular Day,1177,231,946,754
Saturday,Lunch,Curd Rice,Regular Day,1177,172,1005,882
Saturday,Dinner,Veg Noodles,Regular Day,1177,167,1010,810
Sunday,Breakfast,Aloo Paratha,Regular Day,1192,252,940,723
Sunday,Lunch,Rice-Sambar-Rasam,Regular Day,1192,270,922,800
Sunday,Dinner,Egg Curry-Rice,Regular Day,1192,244,948,763
Monday,Breakfast,Uttapam,Cultural Event,1182,135,1047,915
Monday,Lunch,Rajma Chawal,Cultural Event,1182,105,1077,1069
Monday,Dinner,Chicken Biryani,Cultural Event,1182,147,1035,963
Tuesday,Breakfast,Vada-Sambar,Regular Day,1182,99,1083,884
Tuesday,Lunch,Chicken Curry-Rice,Regular Day,1182,55,1127,1065
Tuesday,Dinner,Chicken Biryani,Regular Day,1182,70,1112,1045
Wednesday,Breakfast,Upma,Regular Day,1180,116,1064,855
Wednesday,Lunch,Curd Rice,Regular Day,1180,54,1126,1043
Wednesday,Dinner,Veg Fried Rice,Regular Day,1180,75,1105,956
Thursday,Breakfast,Bread Omelette,Regular Day,1182,120,1062,886
Thursday,Lunch,Egg Curry-Rice,Regular Day,1182,57,1125,1063
Thursday,Dinner,Chapati-Paneer Curry,Regular Day,1182,69,1113,1038
Friday,Breakfast,Aloo Paratha,Regular Day,1184,129,1055,883
Friday,Lunch,Veg Biryani,Regular Day,1184,105,1079,983
Friday,Dinner,Curd Rice,Regular Day,1184,100,1084,895
Saturday,Breakfast,Uttapam,Regular Day,1183,232,951,741
Saturday,Lunch,Rice-Sambar-Rasam,Regular Day,1183,168,1015,864
Saturday,Dinner,Chapati-Paneer Curry,Regular Day,1183,209,974,834
Sunday,Breakfast,Poha,Regular Day,1188,255,933,687
Sunday,Lunch,Rajma Chawal,Regular Day,1188,245,943,833
Sunday,Dinner,Veg Fried Rice,Regular Day,1188,226,962,790
Monday,Breakfast,Masala Dosa,Regular Day,1184,81,1103,899
Monday,Lunch,Rice-Sambar-Rasam,Regular Day,1184,52,1132,1041
Monday,Dinner,Dal Rice,Regular Day,1184,46,1138,975
Tuesday,Breakfast,Uttapam,Regular Day,1186,71,1115,898
Tuesday,Lunch,Chicken Curry-Rice,Regular Day,1186,71,1115,1032
Tuesday,Dinner,Chapati-Paneer Curry,Regular Day,1186,67,1119,1058
Wednesday,Breakfast,Vada-Sambar,Regular Day,1172,67,1105,966
Wednesday,Lunch,Chapati-Dal-Sabzi,Regular Day,1172,50,1122,1001
Wednesday,Dinner,Chicken Biryani,Regular Day,1172,65,1107,1003
Thursday,Breakfast,Bread Omelette,Exam Period,1184,54,1130,888
Thursday,Lunch,Rice-Sambar-Rasam,Exam Period,1184,39,1145,980
Thursday,Dinner,Veg Fried Rice,Exam Period,1184,12,1172,954
Friday,Breakfast,Puri-Bhaji,Sports Event,1183,184,999,903
Friday,Lunch,Rajma Chawal,Sports Event,1183,150,1033,1053
Friday,Dinner,Chapati-Paneer Curry,Sports Event,1183,148,1035,976
Saturday,Breakfast,Vada-Sambar,Holiday,1186,640,546,406
Saturday,Lunch,Egg Curry-Rice,Holiday,1186,604,582,554
Saturday,Dinner,Veg Fried Rice,Holiday,1186,616,570,475
Sunday,Breakfast,Aloo Paratha,Regular Day,1176,259,917,734
Sunday,Lunch,Veg Biryani,Regular Day,1176,259,917,806
Sunday,Dinner,Chapati-Mixed Veg,Regular Day,1176,233,943,754
Monday,Breakfast,Cornflakes & Milk,Regular Day,1177,67,1110,905
Monday,Lunch,Chapati-Dal-Sabzi,Regular Day,1177,47,1130,1065
Monday,Dinner,Dal Rice,Regular Day,1177,66,1111,988
Tuesday,Breakfast,Masala Dosa,Regular Day,1181,70,1111,912
Tuesday,Lunch,Veg Biryani,Regular Day,1181,39,1142,1112
Tuesday,Dinner,Chapati-Mixed Veg,Regular Day,1181,76,1105,965
Wednesday,Breakfast,Idli-Sambar,Regular Day,1177,82,1095,909
Wednesday,Lunch,Veg Biryani,Regular Day,1177,37,1140,1111
Wednesday,Dinner,Chicken Biryani,Regular Day,1177,75,1102,1030
Thursday,Breakfast,Poha,Regular Day,1180,80,1100,915
Thursday,Lunch,Fried Rice-Manchurian,Regular Day,1180,64,1116,1099
Thursday,Dinner,Khichdi,Regular Day,1180,69,1111,994
Friday,Breakfast,Poha,Regular Day,1179,133,1046,818
Friday,Lunch,Rajma Chawal,Regular Day,1179,79,1100,1015
Friday,Dinner,Curd Rice,Regular Day,1179,117,1062,917
Saturday,Breakfast,Cornflakes & Milk,Regular Day,1178,234,944,725
Saturday,Lunch,Veg Pulao,Regular Day,1178,227,951,825
Saturday,Dinner,Chapati-Paneer Curry,Regular Day,1178,202,976,824
Sunday,Breakfast,Upma,Regular Day,1170,266,904,674
Sunday,Lunch,Rajma Chawal,Regular Day,1170,235,935,818
Sunday,Dinner,Egg Curry-Rice,Regular Day,1170,253,917,768
Monday,Breakfast,Idli-Sambar,Regular Day,1192,106,1086,911
Monday,Lunch,Rajma Chawal,Regular Day,1192,79,1113,1036
Monday,Dinner,Curd Rice,Regular Day,1192,79,1113,967
Tuesday,Breakfast,Upma,Regular Day,1187,91,1096,888
Tuesday,Lunch,Fried Rice-Manchurian,Regular Day,1187,38,1149,1031
Tuesday,Dinner,Egg Curry-Rice,Regular Day,1187,63,1124,989
Wednesday,Breakfast,Puri-Bhaji,Regular Day,1195,89,1106,916
Wednesday,Lunch,Rajma Chawal,Regular Day,1195,45,1150,1078
Wednesday,Dinner,Veg Fried Rice,Regular Day,1195,113,1082,947
Thursday,Breakfast,Bread Omelette,Regular Day,1177,63,1114,941
Thursday,Lunch,Chapati-Dal-Sabzi,Regular Day,1177,55,1122,1050
Thursday,Dinner,Chapati-Paneer Curry,Regular Day,1177,57,1120,990
Friday,Breakfast,Cornflakes & Milk,Regular Day,1166,154,1012,823
Friday,Lunch,Rajma Chawal,Regular Day,1166,103,1063,1005
Friday,Dinner,Veg Noodles,Regular Day,1166,94,1072,961
Saturday,Breakfast,Idli-Sambar,Regular Day,1181,213,968,737
Saturday,Lunch,Rice-Sambar-Rasam,Regular Day,1181,202,979,892
Saturday,Dinner,Veg Fried Rice,Regular Day,1181,195,986,809
Sunday,Breakfast,Uttapam,Regular Day,1181,270,911,682
Sunday,Lunch,Fried Rice-Manchurian,Regular Day,1181,261,920,801
Sunday,Dinner,Curd Rice,Regular Day,1181,245,936,752
Monday,Breakfast,Aloo Paratha,Festival,1190,240,950,881
Monday,Lunch,Sambar Rice,Festival,1190,176,1014,1042
Monday,Dinner,Egg Curry-Rice,Festival,1190,216,974,931
Tuesday,Breakfast,Idli-Sambar,Regular Day,1181,118,1063,893
Tuesday,Lunch,Egg Curry-Rice,Regular Day,1181,35,1146,1097
Tuesday,Dinner,Khichdi,Regular Day,1181,67,1114,949
Wednesday,Breakfast,Vada-Sambar,Regular Day,1179,103,1076,899
Wednesday,Lunch,Sambar Rice,Regular Day,1179,46,1133,1050
Wednesday,Dinner,Dal Rice,Regular Day,1179,78,1101,924
Thursday,Breakfast,Bread Omelette,Regular Day,1197,70,1127,926
Thursday,Lunch,Chapati-Dal-Sabzi,Regular Day,1197,67,1130,1053
Thursday,Dinner,Chicken Biryani,Regular Day,1197,110,1087,999
Friday,Breakfast,Vada-Sambar,Regular Day,1191,154,1037,851
Friday,Lunch,Curd Rice,Regular Day,1191,59,1132,1015
Friday,Dinner,Egg Curry-Rice,Regular Day,1191,72,1119,1032
Saturday,Breakfast,Upma,Regular Day,1183,241,942,710
Saturday,Lunch,Rajma Chawal,Regular Day,1183,190,993,894
Saturday,Dinner,Chicken Biryani,Regular Day,1183,199,984,862
Sunday,Breakfast,Vada-Sambar,Holiday,1189,683,506,392
Sunday,Lunch,Veg Biryani,Holiday,1189,633,556,504
Sunday,Dinner,Egg Curry-Rice,Holiday,1189,673,516,422
Monday,Breakfast,Aloo Paratha,Exam Period,1195,43,1152,927
Monday,Lunch,Rice-Sambar-Rasam,Exam Period,1195,35,1160,1034
Monday,Dinner,Veg Fried Rice,Exam Period,1195,47,1148,940
Tuesday,Breakfast,Vada-Sambar,Sports Event,1177,145,1032,908
Tuesday,Lunch,Rice-Sambar-Rasam,Sports Event,1177,95,1082,1072
Tuesday,Dinner,Curd Rice,Sports Event,1177,110,1067,952
Wednesday,Breakfast,Poha,Regular Day,1193,115,1078,882
Wednesday,Lunch,Egg Curry-Rice,Regular Day,1193,65,1128,1055
Wednesday,Dinner,Veg Fried Rice,Regular Day,1193,60,1133,988
Thursday,Breakfast,Masala Dosa,Regular Day,1188,92,1096,891
Thursday,Lunch,Veg Biryani,Regular Day,1188,92,1096,1032
Thursday,Dinner,Veg Noodles,Regular Day,1188,85,1103,965
Friday,Breakfast,Poha,Holiday,1196,564,632,507
Friday,Lunch,Curd Rice,Holiday,1196,545,651,584
Friday,Dinner,Chicken Biryani,Holiday,1196,534,662,577
Saturday,Breakfast,Masala Dosa,Regular Day,1180,226,954,748
Saturday,Lunch,Rice-Sambar-Rasam,Regular Day,1180,218,962,849
Saturday,Dinner,Chicken Biryani,Regular Day,1180,220,960,810
Sunday,Breakfast,Idli-Sambar,Regular Day,1183,309,874,635
Sunday,Lunch,Veg Biryani,Regular Day,1183,242,941,846
Sunday,Dinner,Veg Noodles,Regular Day,1183,248,935,778
Monday,Breakfast,Bread Omelette,Regular Day,1179,148,1031,852
Monday,Lunch,Veg Biryani,Regular Day,1179,61,1118,1053
Monday,Dinner,Chapati-Mixed Veg,Regular Day,1179,89,1090,969
Tuesday,Breakfast,Poha,Regular Day,1198,123,1075,894
Tuesday,Lunch,Rice-Sambar-Rasam,Regular Day,1198,45,1153,1067
Tuesday,Dinner,Chapati-Paneer Curry,Regular Day,1198,67,1131,1042
Wednesday,Breakfast,Idli-Sambar,Regular Day,1183,85,1098,898
Wednesday,Lunch,Veg Pulao,Regular Day,1183,66,1117,1044
Wednesday,Dinner,Veg Fried Rice,Regular Day,1183,51,1132,970
Thursday,Breakfast,Poha,Regular Day,1177,88,1089,932
Thursday,Lunch,Chapati-Dal-Sabzi,Regular Day,1177,65,1112,1029
Thursday,Dinner,Veg Fried Rice,Regular Day,1177,32,1145,1029
Friday,Breakfast,Aloo Paratha,Regular Day,1179,143,1036,838
Friday,Lunch,Sambar Rice,Regular Day,1179,126,1053,927
Friday,Dinner,Chicken Biryani,Regular Day,1179,79,1100,977
Saturday,Breakfast,Idli-Sambar,Regular Day,1197,236,961,765
Saturday,Lunch,Curd Rice,Regular Day,1197,185,1012,894
Saturday,Dinner,Khichdi,Regular Day,1197,232,965,823
Sunday,Breakfast,Cornflakes & Milk,Regular Day,1175,250,925,697
Sunday,Lunch,Rajma Chawal,Regular Day,1175,217,958,844
Sunday,Dinner,Dal Rice,Regular Day,1175,239,936,794
Monday,Breakfast,Vada-Sambar,Regular Day,1191,100,1091,869
Monday,Lunch,Veg Biryani,Regular Day,1191,85,1106,1075
Monday,Dinner,Khichdi,Regular Day,1191,69,1122,1002
Tuesday,Breakfast,Cornflakes & Milk,Festival,1185,237,948,845
Tuesday,Lunch,Veg Biryani,Festival,1185,165,1020,1090
Tuesday,Dinner,Khichdi,Festival,1185,193,992,967
Wednesday,Breakfast,Vada-Sambar,Regular Day,1182,104,1078,896
Wednesday,Lunch,Rice-Sambar-Rasam,Regular Day,1182,93,1089,1012
Wednesday,Dinner,Dal Rice,Regular Day,1182,46,1136,1009
Thursday,Breakfast,Poha,Regular Day,1165,75,1090,872
Thursday,Lunch,Veg Pulao,Regular Day,1165,59,1106,1036
Thursday,Dinner,Egg Curry-Rice,Regular Day,1165,56,1109,958
Friday,Breakfast,Poha,Cultural Event,1185,179,1006,845
Friday,Lunch,Veg Pulao,Cultural Event,1185,158,1027,997
Friday,Dinner,Chicken Biryani,Cultural Event,1185,155,1030,976
Saturday,Breakfast,Vada-Sambar,Regular Day,1180,267,913,714
Saturday,Lunch,Rajma Chawal,Regular Day,1180,220,960,848
Saturday,Dinner,Egg Curry-Rice,Regular Day,1180,210,970,810
Sunday,Breakfast,Uttapam,Festival,1185,390,795,712
Sunday,Lunch,Veg Biryani,Festival,1185,357,828,874
Sunday,Dinner,Veg Fried Rice,Festival,1185,375,810,793
Monday,Breakfast,Upma,Regular Day,1176,77,1099,860
Monday,Lunch,Veg Pulao,Regular Day,1176,21,1155,1073
Monday,Dinner,Curd Rice,Regular Day,1176,44,1132,958
Tuesday,Breakfast,Puri-Bhaji,Exam Period,1180,72,1108,836
Tuesday,Lunch,Veg Biryani,Exam Period,1180,34,1146,1027
Tuesday,Dinner,Veg Noodles,Exam Period,1180,22,1158,986
Wednesday,Breakfast,Idli-Sambar,Regular Day,1194,90,1104,898
Wednesday,Lunch,Veg Biryani,Regular Day,1194,57,1137,1104
Wednesday,Dinner,Khichdi,Regular Day,1194,50,1144,1005
Thursday,Breakfast,Masala Dosa,Regular Day,1199,101,1098,882
Thursday,Lunch,Rajma Chawal,Regular Day,1199,60,1139,1050
Thursday,Dinner,Chapati-Mixed Veg,Regular Day,1199,52,1147,1033
Friday,Breakfast,Cornflakes & Milk,Regular Day,1193,114,1079,864
Friday,Lunch,Sambar Rice,Regular Day,1193,90,1103,1019
Friday,Dinner,Chicken Biryani,Regular Day,1193,93,1100,968
Saturday,Breakfast,Bread Omelette,Regular Day,1194,256,938,738
Saturday,Lunch,Chicken Curry-Rice,Regular Day,1194,205,989,908
Saturday,Dinner,Khichdi,Regular Day,1194,209,985,817
Sunday,Breakfast,Idli-Sambar,Regular Day,1193,278,915,715
Sunday,Lunch,Egg Curry-Rice,Regular Day,1193,268,925,798
Sunday,Dinner,Veg Noodles,Regular Day,1193,256,937,796
Monday,Breakfast,Vada-Sambar,Regular Day,1185,86,1099,905
Monday,Lunch,Chicken Curry-Rice,Regular Day,1185,73,1112,1090
Monday,Dinner,Chapati-Mixed Veg,Regular Day,1185,79,1106,1008
Tuesday,Breakfast,Poha,Regular Day,1178,91,1087,926
Tuesday,Lunch,Chicken Curry-Rice,Regular Day,1178,54,1124,1083
Tuesday,Dinner,Chicken Biryani,Regular Day,1178,84,1094,982
Wednesday,Breakfast,Aloo Paratha,Regular Day,1200,109,1091,907
Wednesday,Lunch,Curd Rice,Regular Day,1200,70,1130,1053
Wednesday,Dinner,Dal Rice,Regular Day,1200,95,1105,961
Thursday,Breakfast,Poha,Regular Day,1193,88,1105,891
Thursday,Lunch,Egg Curry-Rice,Regular Day,1193,12,1181,1179
Thursday,Dinner,Chapati-Paneer Curry,Regular Day,1193,82,1111,991
Friday,Breakfast,Poha,Regular Day,1197,139,1058,877
Friday,Lunch,Rajma Chawal,Regular Day,1197,83,1114,998
Friday,Dinner,Veg Fried Rice,Regular Day,1197,92,1105,981
Saturday,Breakfast,Bread Omelette,Regular Day,1182,206,976,746
Saturday,Lunch,Egg Curry-Rice,Regular Day,1182,178,1004,904
Saturday,Dinner,Chapati-Mixed Veg,Regular Day,1182,200,982,812
Sunday,Breakfast,Masala Dosa,Regular Day,1193,257,936,735
Sunday,Lunch,Chicken Curry-Rice,Regular Day,1193,231,962,855
Sunday,Dinner,Chapati-Paneer Curry,Regular Day,1193,252,941,767
Monday,Breakfast,Poha,Regular Day,1180,104,1076,943
Monday,Lunch,Egg Curry-Rice,Regular Day,1180,82,1098,1084
Monday,Dinner,Egg Curry-Rice,Regular Day,1180,57,1123,995
Tuesday,Breakfast,Uttapam,Regular Day,1199,101,1098,909
Tuesday,Lunch,Chapati-Dal-Sabzi,Regular Day,1199,74,1125,1029
Tuesday,Dinner,Veg Noodles,Regular Day,1199,74,1125,985
Wednesday,Breakfast,Cornflakes & Milk,Regular Day,1192,72,1120,904
Wednesday,Lunch,Curd Rice,Regular Day,1192,79,1113,1035
Wednesday,Dinner,Veg Noodles,Regular Day,1192,58,1134,1013
Thursday,Breakfast,Bread Omelette,Regular Day,1197,96,1101,896
Thursday,Lunch,Veg Biryani,Regular Day,1197,27,1170,1131
Thursday,Dinner,Dal Rice,Regular Day,1197,79,1118,965
Friday,Breakfast,Bread Omelette,Festival,1200,242,958,829
Friday,Lunch,Chicken Curry-Rice,Festival,1200,245,955,996
Friday,Dinner,Chapati-Paneer Curry,Festival,1200,233,967,908
Saturday,Breakfast,Aloo Paratha,Regular Day,1195,231,964,743
Saturday,Lunch,Chapati-Dal-Sabzi,Regular Day,1195,172,1023,898
Saturday,Dinner,Veg Fried Rice,Regular Day,1195,198,997,787
Sunday,Breakfast,Uttapam,Regular Day,1191,260,931,724
Sunday,Lunch,Veg Biryani,Regular Day,1191,233,958,854
Sunday,Dinner,Khichdi,Regular Day,1191,249,942,774
Monday,Breakfast,Aloo Paratha,Regular Day,1183,64,1119,938
Monday,Lunch,Veg Biryani,Regular Day,1183,68,1115,1099
Monday,Dinner,Chicken Biryani,Regular Day,1183,74,1109,983
Tuesday,Breakfast,Masala Dosa,Regular Day,1191,146,1045,912
Tuesday,Lunch,Sambar Rice,Regular Day,1191,66,1125,1076
Tuesday,Dinner,Egg Curry-Rice,Regular Day,1191,45,1146,1028
Wednesday,Breakfast,Poha,Regular Day,1211,109,1102,926
Wednesday,Lunch,Veg Biryani,Regular Day,1211,45,1166,1110
Wednesday,Dinner,Veg Noodles,Regular Day,1211,66,1145,997
Thursday,Breakfast,Bread Omelette,Exam Period,1198,32,1166,901
Thursday,Lunch,Veg Biryani,Exam Period,1198,34,1164,972
Thursday,Dinner,Dal Rice,Exam Period,1198,49,1149,977
Friday,Breakfast,Uttapam,Festival,1197,259,938,828
Friday,Lunch,Veg Biryani,Festival,1197,216,981,1023
Friday,Dinner,Veg Fried Rice,Festival,1197,219,978,986
Saturday,Breakfast,Puri-Bhaji,Regular Day,1189,225,964,740
Saturday,Lunch,Chapati-Dal-Sabzi,Regular Day,1189,190,999,834
Saturday,Dinner,Chicken Biryani,Regular Day,1189,236,953,825
Sunday,Breakfast,Bread Omelette,Regular Day,1188,299,889,698
Sunday,Lunch,Fried Rice-Manchurian,Regular Day,1188,226,962,853
Sunday,Dinner,Egg Curry-Rice,Regular Day,1188,216,972,773
Monday,Breakfast,Vada-Sambar,Regular Day,1182,66,1116,874
Monday,Lunch,Chapati-Dal-Sabzi,Regular Day,1182,80,1102,1032
Monday,Dinner,Khichdi,Regular Day,1182,53,1129,955
Tuesday,Breakfast,Bread Omelette,Regular Day,1199,107,1092,896
Tuesday,Lunch,Chicken Curry-Rice,Regular Day,1199,54,1145,1147
Tuesday,Dinner,Veg Noodles,Regular Day,1199,68,1131,968
Wednesday,Breakfast,Masala Dosa,Exam Period,1188,55,1133,904
Wednesday,Lunch,Chicken Curry-Rice,Exam Period,1188,33,1155,1043
Wednesday,Dinner,Chapati-Mixed Veg,Exam Period,1188,20,1168,1018
Thursday,Breakfast,Bread Omelette,Regular Day,1185,71,1114,890
Thursday,Lunch,Rajma Chawal,Regular Day,1185,51,1134,1082
Thursday,Dinner,Chicken Biryani,Regular Day,1185,52,1133,1033
Friday,Breakfast,Cornflakes & Milk,Regular Day,1186,138,1048,846
Friday,Lunch,Veg Biryani,Regular Day,1186,92,1094,1046
Friday,Dinner,Egg Curry-Rice,Regular Day,1186,81,1105,951
Saturday,Breakfast,Aloo Paratha,Regular Day,1191,249,942,726
Saturday,Lunch,Sambar Rice,Regular Day,1191,153,1038,917
Saturday,Dinner,Veg Noodles,Regular Day,1191,240,951,810
Sunday,Breakfast,Vada-Sambar,Regular Day,1184,271,913,714
Sunday,Lunch,Veg Biryani,Regular Day,1184,217,967,865
Sunday,Dinner,Curd Rice,Regular Day,1184,218,966,786
Monday,Breakfast,Poha,Regular Day,1189,98,1091,862
Monday,Lunch,Sambar Rice,Regular Day,1189,79,1110,1046
Monday,Dinner,Dal Rice,Regular Day,1189,90,1099,949
Tuesday,Breakfast,Bread Omelette,Holiday,1208,512,696,584
Tuesday,Lunch,Chapati-Dal-Sabzi,Holiday,1208,496,712,673
Tuesday,Dinner,Veg Fried Rice,Holiday,1208,486,722,630
Wednesday,Breakfast,Aloo Paratha,Regular Day,1206,103,1103,935
Wednesday,Lunch,Rajma Chawal,Regular Day,1206,81,1125,1059
Wednesday,Dinner,Veg Noodles,Regular Day,1206,93,1113,991
Thursday,Breakfast,Bread Omelette,Regular Day,1173,78,1095,915
Thursday,Lunch,Chicken Curry-Rice,Regular Day,1173,50,1123,1072
Thursday,Dinner,Chapati-Mixed Veg,Regular Day,1173,63,1110,974
Friday,Breakfast,Uttapam,Regular Day,1190,149,1041,831
Friday,Lunch,Veg Pulao,Regular Day,1190,84,1106,1040
Friday,Dinner,Khichdi,Regular Day,1190,94,1096,952
Saturday,Breakfast,Masala Dosa,Holiday,1175,609,566,453
Saturday,Lunch,Chapati-Dal-Sabzi,Holiday,1175,591,584,501
Saturday,Dinner,Chapati-Mixed Veg,Holiday,1175,610,565,459
Sunday,Breakfast,Aloo Paratha,Festival,1200,410,790,698
Sunday,Lunch,Rajma Chawal,Festival,1200,355,845,832
Sunday,Dinner,Veg Noodles,Festival,1200,376,824,738
Monday,Breakfast,Masala Dosa,Sports Event,1195,149,1046,897
Monday,Lunch,Rice-Sambar-Rasam,Sports Event,1195,138,1057,1034
Monday,Dinner,Curd Rice,Sports Event,1195,103,1092,963
Tuesday,Breakfast,Vada-Sambar,Exam Period,1187,52,1135,871
Tuesday,Lunch,Sambar Rice,Exam Period,1187,12,1175,1030
Tuesday,Dinner,Veg Noodles,Exam Period,1187,12,1175,998
Wednesday,Breakfast,Bread Omelette,Regular Day,1202,114,1088,908
Wednesday,Lunch,Egg Curry-Rice,Regular Day,1202,30,1172,1106
Wednesday,Dinner,Chicken Biryani,Regular Day,1202,57,1145,995
Thursday,Breakfast,Puri-Bhaji,Regular Day,1204,78,1126,931
Thursday,Lunch,Rice-Sambar-Rasam,Regular Day,1204,79,1125,1063
Thursday,Dinner,Chapati-Paneer Curry,Regular Day,1204,59,1145,1019
Friday,Breakfast,Idli-Sambar,Regular Day,1193,133,1060,850
Friday,Lunch,Rice-Sambar-Rasam,Regular Day,1193,78,1115,1023
Friday,Dinner,Chicken Biryani,Regular Day,1193,114,1079,982
Saturday,Breakfast,Uttapam,Regular Day,1205,228,977,748
Saturday,Lunch,Fried Rice-Manchurian,Regular Day,1205,215,990,903
Saturday,Dinner,Veg Fried Rice,Regular Day,1205,220,985,803
Sunday,Breakfast,Uttapam,Regular Day,1191,270,921,726
Sunday,Lunch,Veg Biryani,Regular Day,1191,225,966,896
Sunday,Dinner,Dal Rice,Regular Day,1191,256,935,738
Monday,Breakfast,Idli-Sambar,Regular Day,1200,115,1085,884
Monday,Lunch,Chapati-Dal-Sabzi,Regular Day,1200,42,1158,1122
Monday,Dinner,Chapati-Paneer Curry,Regular Day,1200,70,1130,992
Tuesday,Breakfast,Upma,Holiday,1202,512,690,562
Tuesday,Lunch,Chapati-Dal-Sabzi,Holiday,1202,481,721,701
Tuesday,Dinner,Chicken Biryani,Holiday,1202,503,699,637
Wednesday,Breakfast,Puri-Bhaji,Regular Day,1200,70,1130,931
Wednesday,Lunch,Chapati-Dal-Sabzi,Regular Day,1200,51,1149,1081
Wednesday,Dinner,Khichdi,Regular Day,1200,77,1123,956
Thursday,Breakfast,Aloo Paratha,Exam Period,1194,35,1159,895
Thursday,Lunch,Curd Rice,Exam Period,1194,32,1162,1022
Thursday,Dinner,Dal Rice,Exam Period,1194,33,1161,949
Friday,Breakfast,Uttapam,Exam Period,1181,123,1058,799
Friday,Lunch,Sambar Rice,Exam Period,1181,36,1145,999
Friday,Dinner,Egg Curry-Rice,Exam Period,1181,95,1086,883
Saturday,Breakfast,Uttapam,Sports Event,1191,263,928,774
Saturday,Lunch,Fried Rice-Manchurian,Sports Event,1191,267,924,854
Saturday,Dinner,Chicken Biryani,Sports Event,1191,238,953,847
Sunday,Breakfast,Bread Omelette,Regular Day,1213,277,936,697
Sunday,Lunch,Veg Biryani,Regular Day,1213,280,933,875
Sunday,Dinner,Egg Curry-Rice,Regular Day,1213,223,990,811
Monday,Breakfast,Masala Dosa,Regular Day,1194,149,1045,879
Monday,Lunch,Veg Pulao,Regular Day,1194,60,1134,1035
Monday,Dinner,Chapati-Paneer Curry,Regular Day,1194,74,1120,1005
Tuesday,Breakfast,Vada-Sambar,Regular Day,1208,98,1110,905
Tuesday,Lunch,Chapati-Dal-Sabzi,Regular Day,1208,56,1152,1062
Tuesday,Dinner,Dal Rice,Regular Day,1208,51,1157,1015
Wednesday,Breakfast,Upma,Regular Day,1184,88,1096,896
Wednesday,Lunch,Sambar Rice,Regular Day,1184,49,1135,1075
Wednesday,Dinner,Chapati-Paneer Curry,Regular Day,1184,58,1126,1037
Thursday,Breakfast,Cornflakes & Milk,Regular Day,1199,60,1139,930
Thursday,Lunch,Egg Curry-Rice,Regular Day,1199,78,1121,1061
Thursday,Dinner,Chapati-Mixed Veg,Regular Day,1199,79,1120,1008
Friday,Breakfast,Vada-Sambar,Regular Day,1182,166,1016,821
Friday,Lunch,Egg Curry-Rice,Regular Day,1182,101,1081,1002
Friday,Dinner,Dal Rice,Regular Day,1182,121,1061,932
Saturday,Breakfast,Bread Omelette,Regular Day,1204,287,917,721
Saturday,Lunch,Veg Biryani,Regular Day,1204,177,1027,952
Saturday,Dinner,Veg Fried Rice,Regular Day,1204,231,973,788
Sunday,Breakfast,Cornflakes & Milk,Regular Day,1200,249,951,720
Sunday,Lunch,Egg Curry-Rice,Regular Day,1200,249,951,821
Sunday,Dinner,Chapati-Mixed Veg,Regular Day,1200,250,950,739
Monday,Breakfast,Puri-Bhaji,Regular Day,1192,115,1077,903
Monday,Lunch,Veg Biryani,Regular Day,1192,48,1144,1096
Monday,Dinner,Egg Curry-Rice,Regular Day,1192,64,1128,967
Tuesday,Breakfast,Poha,Regular Day,1202,113,1089,905
Tuesday,Lunch,Fried Rice-Manchurian,Regular Day,1202,46,1156,1136
Tuesday,Dinner,Chapati-Mixed Veg,Regular Day,1202,81,1121,990
Wednesday,Breakfast,Idli-Sambar,Regular Day,1201,83,1118,945
Wednesday,Lunch,Egg Curry-Rice,Regular Day,1201,67,1134,1056
Wednesday,Dinner,Dal Rice,Regular Day,1201,94,1107,1016
Thursday,Breakfast,Idli-Sambar,Regular Day,1202,121,1081,881
Thursday,Lunch,Chapati-Dal-Sabzi,Regular Day,1202,69,1133,1055
Thursday,Dinner,Curd Rice,Regular Day,1202,91,1111,995
Friday,Breakfast,Bread Omelette,Holiday,1207,528,679,549
Friday,Lunch,Curd Rice,Holiday,1207,519,688,662
Friday,Dinner,Veg Noodles,Holiday,1207,541,666,586
Saturday,Breakfast,Puri-Bhaji,Regular Day,1208,260,948,713
Saturday,Lunch,Rice-Sambar-Rasam,Regular Day,1208,209,999,906
Saturday,Dinner,Veg Fried Rice,Regular Day,1208,209,999,842
Sunday,Breakfast,Masala Dosa,Regular Day,1201,255,946,741
Sunday,Lunch,Veg Biryani,Regular Day,1201,240,961,863
Sunday,Dinner,Chapati-Paneer Curry,Regular Day,1201,237,964,823
Monday,Breakfast,Vada-Sambar,Exam Period,1189,52,1137,871
Monday,Lunch,Chicken Curry-Rice,Exam Period,1189,58,1131,1028
Monday,Dinner,Khichdi,Exam Period,1189,71,1118,956
Tuesday,Breakfast,Poha,Regular Day,1218,103,1115,899
Tuesday,Lunch,Chapati-Dal-Sabzi,Regular Day,1218,62,1156,1078
Tuesday,Dinner,Veg Fried Rice,Regular Day,1218,98,1120,993
Wednesday,Breakfast,Bread Omelette,Regular Day,1211,85,1126,940
Wednesday,Lunch,Egg Curry-Rice,Regular Day,1211,81,1130,1061
Wednesday,Dinner,Veg Fried Rice,Regular Day,1211,56,1155,1064
Thursday,Breakfast,Uttapam,Regular Day,1192,100,1092,902
Thursday,Lunch,Chicken Curry-Rice,Regular Day,1192,81,1111,1092
Thursday,Dinner,Curd Rice,Regular Day,1192,85,1107,964
Friday,Breakfast,Idli-Sambar,Regular Day,1205,104,1101,886
Friday,Lunch,Curd Rice,Regular Day,1205,110,1095,990
Friday,Dinner,Chapati-Mixed Veg,Regular Day,1205,125,1080,908
Saturday,Breakfast,Upma,Regular Day,1209,208,1001,741
Saturday,Lunch,Sambar Rice,Regular Day,1209,190,1019,917
Saturday,Dinner,Veg Fried Rice,Regular Day,1209,193,1016,870
Sunday,Breakfast,Uttapam,Regular Day,1217,286,931,727
Sunday,Lunch,Veg Biryani,Regular Day,1217,231,986,880
Sunday,Dinner,Chapati-Paneer Curry,Regular Day,1217,261,956,796
Monday,Breakfast,Puri-Bhaji,Regular Day,1203,117,1086,868
Monday,Lunch,Fried Rice-Manchurian,Regular Day,1203,60,1143,1090
Monday,Dinner,Egg Curry-Rice,Regular Day,1203,56,1147,997
Tuesday,Breakfast,Bread Omelette,Regular Day,1192,62,1130,947
Tuesday,Lunch,Rice-Sambar-Rasam,Regular Day,1192,70,1122,1032
Tuesday,Dinner,Chapati-Mixed Veg,Regular Day,1192,69,1123,996
Wednesday,Breakfast,Vada-Sambar,Regular Day,1211,114,1097,899
Wednesday,Lunch,Curd Rice,Regular Day,1211,69,1142,1060
Wednesday,Dinner,Egg Curry-Rice,Regular Day,1211,57,1154,1050
Thursday,Breakfast,Puri-Bhaji,Regular Day,1192,86,1106,943
Thursday,Lunch,Veg Pulao,Regular Day,1192,74,1118,1028
Thursday,Dinner,Khichdi,Regular Day,1192,54,1138,981
Friday,Breakfast,Cornflakes & Milk,Regular Day,1196,146,1050,827
Friday,Lunch,Chicken Curry-Rice,Regular Day,1196,106,1090,1020
Friday,Dinner,Chapati-Paneer Curry,Regular Day,1196,68,1128,980
Saturday,Breakfast,Bread Omelette,Regular Day,1194,218,976,756
Saturday,Lunch,Chicken Curry-Rice,Regular Day,1194,198,996,875
Saturday,Dinner,Veg Noodles,Regular Day,1194,192,1002,834
Sunday,Breakfast,Poha,Regular Day,1205,259,946,737
Sunday,Lunch,Fried Rice-Manchurian,Regular Day,1205,226,979,870
Sunday,Dinner,Chapati-Paneer Curry,Regular Day,1205,261,944,787
Monday,Breakfast,Poha,Regular Day,1193,106,1087,894
Monday,Lunch,Veg Pulao,Regular Day,1193,39,1154,1029
Monday,Dinner,Chicken Biryani,Regular Day,1193,82,1111,1010
Tuesday,Breakfast,Upma,Regular Day,1199,95,1104,938
Tuesday,Lunch,Chapati-Dal-Sabzi,Regular Day,1199,78,1121,1029
Tuesday,Dinner,Chapati-Paneer Curry,Regular Day,1199,69,1130,996
Wednesday,Breakfast,Idli-Sambar,Exam Period,1194,64,1130,870
Wednesday,Lunch,Chapati-Dal-Sabzi,Exam Period,1194,53,1141,1019
Wednesday,Dinner,Chapati-Paneer Curry,Exam Period,1194,12,1182,1005
Thursday,Breakfast,Aloo Paratha,Festival,1185,217,968,866
Thursday,Lunch,Rice-Sambar-Rasam,Festival,1185,150,1035,1089
Thursday,Dinner,Chapati-Mixed Veg,Festival,1185,197,988,957
Friday,Breakfast,Uttapam,Regular Day,1205,141,1064,842
Friday,Lunch,Rice-Sambar-Rasam,Regular Day,1205,99,1106,1040
Friday,Dinner,Egg Curry-Rice,Regular Day,1205,105,1100,974
Saturday,Breakfast,Poha,Exam Period,1204,201,1003,718
Saturday,Lunch,Egg Curry-Rice,Exam Period,1204,144,1060,885
Saturday,Dinner,Chicken Biryani,Exam Period,1204,193,1011,820
Sunday,Breakfast,Cornflakes & Milk,Regular Day,1197,271,926,697
Sunday,Lunch,Chapati-Dal-Sabzi,Regular Day,1197,256,941,813
Sunday,Dinner,Chapati-Mixed Veg,Regular Day,1197,277,920,752
Monday,Breakfast,Bread Omelette,Festival,1196,224,972,888
Monday,Lunch,Veg Biryani,Festival,1196,191,1005,1049
Monday,Dinner,Egg Curry-Rice,Festival,1196,199,997,978
Tuesday,Breakfast,Bread Omelette,Regular Day,1182,129,1053,904
Tuesday,Lunch,Sambar Rice,Regular Day,1182,76,1106,985
Tuesday,Dinner,Veg Fried Rice,Regular Day,1182,79,1103,990
Wednesday,Breakfast,Uttapam,Festival,1193,227,966,912
Wednesday,Lunch,Sambar Rice,Festival,1193,143,1050,1035
Wednesday,Dinner,Curd Rice,Festival,1193,192,1001,944
Thursday,Breakfast,Masala Dosa,Holiday,1204,508,696,562
Thursday,Lunch,Rajma Chawal,Holiday,1204,482,722,690
Thursday,Dinner,Dal Rice,Holiday,1204,498,706,628
Friday,Breakfast,Puri-Bhaji,Regular Day,1196,128,1068,886
Friday,Lunch,Rice-Sambar-Rasam,Regular Day,1196,86,1110,1034
Friday,Dinner,Chicken Biryani,Regular Day,1196,102,1094,944
Saturday,Breakfast,Masala Dosa,Festival,1201,364,837,765
Saturday,Lunch,Sambar Rice,Festival,1201,296,905,850
Saturday,Dinner,Dal Rice,Festival,1201,352,849,795
Sunday,Breakfast,Puri-Bhaji,Regular Day,1212,274,938,735
Sunday,Lunch,Veg Pulao,Regular Day,1212,282,930,804
Sunday,Dinner,Veg Noodles,Regular Day,1212,221,991,836
Monday,Breakfast,Poha,Regular Day,1202,78,1124,942
Monday,Lunch,Egg Curry-Rice,Regular Day,1202,63,1139,1097
Monday,Dinner,Egg Curry-Rice,Regular Day,1202,16,1186,1122
Tuesday,Breakfast,Vada-Sambar,Regular Day,1197,87,1110,933
Tuesday,Lunch,Curd Rice,Regular Day,1197,63,1134,1047
Tuesday,Dinner,Chicken Biryani,Regular Day,1197,75,1122,979
Wednesday,Breakfast,Puri-Bhaji,Regular Day,1191,71,1120,925
Wednesday,Lunch,Veg Biryani,Regular Day,1191,60,1131,1033
Wednesday,Dinner,Veg Fried Rice,Regular Day,1191,80,1111,948
Thursday,Breakfast,Poha,Regular Day,1200,107,1093,910
Thursday,Lunch,Egg Curry-Rice,Regular Day,1200,76,1124,1028
Thursday,Dinner,Veg Fried Rice,Regular Day,1200,70,1130,1006
Friday,Breakfast,Aloo Paratha,Sports Event,1200,164,1036,886
Friday,Lunch,Chapati-Dal-Sabzi,Sports Event,1200,150,1050,1058
Friday,Dinner,Chapati-Paneer Curry,Sports Event,1200,166,1034,1008
Saturday,Breakfast,Vada-Sambar,Festival,1189,374,815,694
Saturday,Lunch,Veg Biryani,Festival,1189,331,858,869
Saturday,Dinner,Veg Noodles,Festival,1189,366,823,795
Sunday,Breakfast,Cornflakes & Milk,Regular Day,1188,263,925,662
Sunday,Lunch,Rice-Sambar-Rasam,Regular Day,1188,228,960,876
Sunday,Dinner,Chicken Biryani,Regular Day,1188,259,929,772
Monday,Breakfast,Uttapam,Exam Period,1197,52,1145,856
Monday,Lunch,Veg Biryani,Exam Period,1197,31,1166,1042
Monday,Dinner,Dal Rice,Exam Period,1197,22,1175,959
Tuesday,Breakfast,Masala Dosa,Regular Day,1176,114,1062,886
Tuesday,Lunch,Rice-Sambar-Rasam,Regular Day,1176,56,1120,1023
Tuesday,Dinner,Chicken Biryani,Regular Day,1176,104,1072,980
Wednesday,Breakfast,Puri-Bhaji,Regular Day,1194,100,1094,915
Wednesday,Lunch,Veg Pulao,Regular Day,1194,66,1128,1028
Wednesday,Dinner,Veg Noodles,Regular Day,1194,68,1126,1002
Thursday,Breakfast,Poha,Regular Day,1197,89,1108,886
Thursday,Lunch,Rice-Sambar-Rasam,Regular Day,1197,63,1134,1063
Thursday,Dinner,Chapati-Mixed Veg,Regular Day,1197,36,1161,1007
Friday,Breakfast,Aloo Paratha,Regular Day,1180,125,1055,880
Friday,Lunch,Chicken Curry-Rice,Regular Day,1180,120,1060,1026
Friday,Dinner,Dal Rice,Regular Day,1180,116,1064,944
Saturday,Breakfast,Uttapam,Regular Day,1200,202,998,767
Saturday,Lunch,Curd Rice,Regular Day,1200,192,1008,909
Saturday,Dinner,Curd Rice,Regular Day,1200,226,974,775
Sunday,Breakfast,Aloo Paratha,Regular Day,1190,263,927,706
Sunday,Lunch,Fried Rice-Manchurian,Regular Day,1190,262,928,862
Sunday,Dinner,Chapati-Paneer Curry,Regular Day,1190,294,896,752
Monday,Breakfast,Vada-Sambar,Regular Day,1183,86,1097,938
Monday,Lunch,Sambar Rice,Regular Day,1183,79,1104,1036
Monday,Dinner,Curd Rice,Regular Day,1183,70,1113,1006
Tuesday,Breakfast,Upma,Exam Period,1208,56,1152,912
Tuesday,Lunch,Egg Curry-Rice,Exam Period,1208,60,1148,1025
Tuesday,Dinner,Veg Fried Rice,Exam Period,1208,47,1161,983
Wednesday,Breakfast,Uttapam,Regular Day,1195,90,1105,892
Wednesday,Lunch,Rice-Sambar-Rasam,Regular Day,1195,62,1133,1056
Wednesday,Dinner,Veg Noodles,Regular Day,1195,73,1122,1003
Thursday,Breakfast,Masala Dosa,Regular Day,1202,107,1095,933
Thursday,Lunch,Sambar Rice,Regular Day,1202,66,1136,1069
Thursday,Dinner,Dal Rice,Regular Day,1202,67,1135,1034
Friday,Breakfast,Poha,Regular Day,1209,110,1099,887
Friday,Lunch,Rice-Sambar-Rasam,Regular Day,1209,107,1102,1040
Friday,Dinner,Veg Noodles,Regular Day,1209,96,1113,975
Saturday,Breakfast,Idli-Sambar,Holiday,1178,650,528,421
Saturday,Lunch,Rice-Sambar-Rasam,Holiday,1178,568,610,552
Saturday,Dinner,Dal Rice,Holiday,1178,634,544,462
Sunday,Breakfast,Bread Omelette,Regular Day,1181,328,853,667
Sunday,Lunch,Curd Rice,Regular Day,1181,225,956,822
Sunday,Dinner,Chicken Biryani,Regular Day,1181,250,931,802
Monday,Breakfast,Uttapam,Regular Day,1201,71,1130,927
Monday,Lunch,Curd Rice,Regular Day,1201,94,1107,1004
Monday,Dinner,Chapati-Mixed Veg,Regular Day,1201,74,1127,1002
Tuesday,Breakfast,Vada-Sambar,Regular Day,1190,94,1096,904
Tuesday,Lunch,Veg Pulao,Regular Day,1190,49,1141,1029
Tuesday,Dinner,Khichdi,Regular Day,1190,58,1132,986
Wednesday,Breakfast,Puri-Bhaji,Regular Day,1170,91,1079,897
Wednesday,Lunch,Veg Biryani,Regular Day,1170,50,1120,1090
Wednesday,Dinner,Veg Noodles,Regular Day,1170,65,1105,942
Thursday,Breakfast,Bread Omelette,Regular Day,1190,99,1091,904
Thursday,Lunch,Egg Curry-Rice,Regular Day,1190,75,1115,991
Thursday,Dinner,Egg Curry-Rice,Regular Day,1190,81,1109,962
Friday,Breakfast,Idli-Sambar,Regular Day,1192,144,1048,863
Friday,Lunch,Veg Pulao,Regular Day,1192,80,1112,1056
Friday,Dinner,Curd Rice,Regular Day,1192,126,1066,914
Saturday,Breakfast,Puri-Bhaji,Regular Day,1175,200,975,732
Saturday,Lunch,Rajma Chawal,Regular Day,1175,190,985,895
Saturday,Dinner,Egg Curry-Rice,Regular Day,1175,161,1014,891
Sunday,Breakfast,Vada-Sambar,Regular Day,1189,262,927,721
Sunday,Lunch,Fried Rice-Manchurian,Regular Day,1189,223,966,896
Sunday,Dinner,Chicken Biryani,Regular Day,1189,226,963,826
Monday,Breakfast,Idli-Sambar,Regular Day,1187,85,1102,916
Monday,Lunch,Rajma Chawal,Regular Day,1187,52,1135,1117
Monday,Dinner,Veg Noodles,Regular Day,1187,70,1117,1002
Tuesday,Breakfast,Poha,Regular Day,1182,90,1092,882
Tuesday,Lunch,Rice-Sambar-Rasam,Regular Day,1182,44,1138,1083
Tuesday,Dinner,Veg Noodles,Regular Day,1182,77,1105,990
Wednesday,Breakfast,Masala Dosa,Regular Day,1176,75,1101,935
Wednesday,Lunch,Chapati-Dal-Sabzi,Regular Day,1176,60,1116,1085
Wednesday,Dinner,Veg Noodles,Regular Day,1176,55,1121,959
Thursday,Breakfast,Upma,Holiday,1166,482,684,542
Thursday,Lunch,Veg Pulao,Holiday,1166,480,686,668
Thursday,Dinner,Veg Fried Rice,Holiday,1166,482,684,606
Friday,Breakfast,Uttapam,Regular Day,1179,148,1031,814
Friday,Lunch,Sambar Rice,Regular Day,1179,94,1085,989
Friday,Dinner,Dal Rice,Regular Day,1179,96,1083,947
Saturday,Breakfast,Poha,Regular Day,1181,248,933,720
Saturday,Lunch,Rice-Sambar-Rasam,Regular Day,1181,185,996,873
Saturday,Dinner,Chapati-Paneer Curry,Regular Day,1181,226,955,785
Sunday,Breakfast,Masala Dosa,Regular Day,1179,307,872,699
Sunday,Lunch,Fried Rice-Manchurian,Regular Day,1179,231,948,853
Sunday,Dinner,Egg Curry-Rice,Regular Day,1179,256,923,774
Monday,Breakfast,Vada-Sambar,Regular Day,1183,110,1073,907
Monday,Lunch,Egg Curry-Rice,Regular Day,1183,59,1124,1015
Monday,Dinner,Chapati-Mixed Veg,Regular Day,1183,97,1086,969
Tuesday,Breakfast,Vada-Sambar,Regular Day,1200,113,1087,892
Tuesday,Lunch,Veg Biryani,Regular Day,1200,23,1177,1104
Tuesday,Dinner,Chapati-Paneer Curry,Regular Day,1200,58,1142,1016
Wednesday,Breakfast,Vada-Sambar,Regular Day,1203,90,1113,947
Wednesday,Lunch,Veg Pulao,Regular Day,1203,65,1138,1060
Wednesday,Dinner,Veg Noodles,Regular Day,1203,101,1102,990
Thursday,Breakfast,Idli-Sambar,Regular Day,1164,129,1035,825
Thursday,Lunch,Curd Rice,Regular Day,1164,37,1127,1043
Thursday,Dinner,Veg Noodles,Regular Day,1164,56,1108,926
Friday,Breakfast,Masala Dosa,Regular Day,1184,96,1088,925
Friday,Lunch,Egg Curry-Rice,Regular Day,1184,69,1115,1043
Friday,Dinner,Chicken Biryani,Regular Day,1184,102,1082,986
Saturday,Breakfast,Cornflakes & Milk,Regular Day,1175,233,942,703
Saturday,Lunch,Veg Biryani,Regular Day,1175,203,972,866
Saturday,Dinner,Veg Noodles,Regular Day,1175,202,973,792
Sunday,Breakfast,Upma,Regular Day,1183,243,940,695
Sunday,Lunch,Curd Rice,Regular Day,1183,255,928,789
Sunday,Dinner,Khichdi,Regular Day,1183,266,917,764
Monday,Breakfast,Aloo Paratha,Exam Period,1184,47,1137,867
Monday,Lunch,Fried Rice-Manchurian,Exam Period,1184,18,1166,1065
Monday,Dinner,Khichdi,Exam Period,1184,36,1148,942
Tuesday,Breakfast,Poha,Regular Day,1182,95,1087,896
Tuesday,Lunch,Fried Rice-Manchurian,Regular Day,1182,91,1091,1031
Tuesday,Dinner,Curd Rice,Regular Day,1182,48,1134,971
Wednesday,Breakfast,Masala Dosa,Regular Day,1196,87,1109,964
Wednesday,Lunch,Veg Pulao,Regular Day,1196,44,1152,1123
Wednesday,Dinner,Egg Curry-Rice,Regular Day,1196,76,1120,1015
Thursday,Breakfast,Masala Dosa,Regular Day,1183,111,1072,903
Thursday,Lunch,Chicken Curry-Rice,Regular Day,1183,39,1144,1084
Thursday,Dinner,Chapati-Paneer Curry,Regular Day,1183,65,1118,1004
Friday,Breakfast,Masala Dosa,Regular Day,1181,150,1031,850
Friday,Lunch,Egg Curry-Rice,Regular Day,1181,59,1122,1118
Friday,Dinner,Veg Noodles,Regular Day,1181,104,1077,962
Saturday,Breakfast,Vada-Sambar,Regular Day,1201,238,963,765
Saturday,Lunch,Chapati-Dal-Sabzi,Regular Day,1201,171,1030,885
Saturday,Dinner,Egg Curry-Rice,Regular Day,1201,187,1014,836
Sunday,Breakfast,Puri-Bhaji,Regular Day,1189,275,914,684
Sunday,Lunch,Rajma Chawal,Regular Day,1189,215,974,878
Sunday,Dinner,Egg Curry-Rice,Regular Day,1189,240,949,778
Monday,Breakfast,Vada-Sambar,Holiday,1185,547,638,523
Monday,Lunch,Egg Curry-Rice,Holiday,1185,496,689,662
Monday,Dinner,Dal Rice,Holiday,1185,487,698,635
Tuesday,Breakfast,Vada-Sambar,Festival,1211,208,1003,916
Tuesday,Lunch,Veg Biryani,Festival,1211,177,1034,1092
Tuesday,Dinner,Chapati-Mixed Veg,Festival,1211,199,1012,988
Wednesday,Breakfast,Idli-Sambar,Regular Day,1202,122,1080,898
Wednesday,Lunch,Chicken Curry-Rice,Regular Day,1202,28,1174,1082
Wednesday,Dinner,Chicken Biryani,Regular Day,1202,48,1154,1051
Thursday,Breakfast,Idli-Sambar,Regular Day,1192,106,1086,889
Thursday,Lunch,Chapati-Dal-Sabzi,Regular Day,1192,66,1126,1068
Thursday,Dinner,Veg Fried Rice,Regular Day,1192,72,1120,978
Friday,Breakfast,Uttapam,Regular Day,1190,128,1062,877
Friday,Lunch,Veg Biryani,Regular Day,1190,116,1074,1032
Friday,Dinner,Chapati-Paneer Curry,Regular Day,1190,113,1077,959
Saturday,Breakfast,Puri-Bhaji,Regular Day,1191,257,934,709
Saturday,Lunch,Chapati-Dal-Sabzi,Regular Day,1191,202,989,865
Saturday,Dinner,Egg Curry-Rice,Regular Day,1191,205,986,830
Sunday,Breakfast,Vada-Sambar,Regular Day,1199,275,924,691
Sunday,Lunch,Fried Rice-Manchurian,Regular Day,1199,253,946,849
Sunday,Dinner,Curd Rice,Regular Day,1199,279,920,741
Monday,Breakfast,Masala Dosa,Regular Day,1195,71,1124,943
Monday,Lunch,Chicken Curry-Rice,Regular Day,1195,55,1140,1059
Monday,Dinner,Veg Noodles,Regular Day,1195,53,1142,1037
Tuesday,Breakfast,Puri-Bhaji,Regular Day,1188,92,1096,899
Tuesday,Lunch,Veg Pulao,Regular Day,1188,55,1133,1041
Tuesday,Dinner,Egg Curry-Rice,Regular Day,1188,87,1101,961
Wednesday,Breakfast,Cornflakes & Milk,Holiday,1184,491,693,558
Wednesday,Lunch,Rice-Sambar-Rasam,Holiday,1184,472,712,679
Wednesday,Dinner,Veg Noodles,Holiday,1184,438,746,664
Thursday,Breakfast,Poha,Holiday,1193,535,658,532
Thursday,Lunch,Rice-Sambar-Rasam,Holiday,1193,481,712,697
Thursday,Dinner,Egg Curry-Rice,Holiday,1193,493,700,638
Friday,Breakfast,Idli-Sambar,Regular Day,1192,142,1050,891
Friday,Lunch,Chapati-Dal-Sabzi,Regular Day,1192,96,1096,1046
Friday,Dinner,Dal Rice,Regular Day,1192,107,1085,978
Saturday,Breakfast,Idli-Sambar,Holiday,1191,649,542,417
Saturday,Lunch,Egg Curry-Rice,Holiday,1191,610,581,518
Saturday,Dinner,Egg Curry-Rice,Holiday,1191,642,549,462
Sunday,Breakfast,Cornflakes & Milk,Exam Period,1196,217,979,686
Sunday,Lunch,Fried Rice-Manchurian,Exam Period,1196,229,967,810
Sunday,Dinner,Curd Rice,Exam Period,1196,218,978,711
Monday,Breakfast,Idli-Sambar,Regular Day,1188,85,1103,914
Monday,Lunch,Veg Pulao,Regular Day,1188,48,1140,1106
Monday,Dinner,Veg Noodles,Regular Day,1188,61,1127,998
Tuesday,Breakfast,Aloo Paratha,Sports Event,1183,160,1023,886
Tuesday,Lunch,Sambar Rice,Sports Event,1183,109,1074,1067
Tuesday,Dinner,Egg Curry-Rice,Sports Event,1183,134,1049,1021
Wednesday,Breakfast,Aloo Paratha,Regular Day,1200,110,1090,924
Wednesday,Lunch,Chapati-Dal-Sabzi,Regular Day,1200,50,1150,1065
Wednesday,Dinner,Veg Noodles,Regular Day,1200,60,1140,1022
Thursday,Breakfast,Masala Dosa,Regular Day,1187,69,1118,912
Thursday,Lunch,Curd Rice,Regular Day,1187,63,1124,1060
Thursday,Dinner,Chapati-Paneer Curry,Regular Day,1187,90,1097,991
Friday,Breakfast,Masala Dosa,Regular Day,1196,154,1042,859
Friday,Lunch,Veg Biryani,Regular Day,1196,90,1106,1078
Friday,Dinner,Veg Noodles,Regular Day,1196,133,1063,911
Saturday,Breakfast,Masala Dosa,Regular Day,1187,198,989,793
Saturday,Lunch,Veg Pulao,Regular Day,1187,182,1005,893
Saturday,Dinner,Egg Curry-Rice,Regular Day,1187,232,955,786
Sunday,Breakfast,Aloo Paratha,Regular Day,1180,269,911,705
Sunday,Lunch,Chicken Curry-Rice,Regular Day,1180,247,933,825
Sunday,Dinner,Chicken Biryani,Regular Day,1180,248,932,794
Monday,Breakfast,Idli-Sambar,Holiday,1187,521,666,540
Monday,Lunch,Fried Rice-Manchurian,Holiday,1187,453,734,712
Monday,Dinner,Dal Rice,Holiday,1187,513,674,590
Tuesday,Breakfast,Bread Omelette,Regular Day,1193,67,1126,879
Tuesday,Lunch,Rice-Sambar-Rasam,Regular Day,1193,52,1141,1075
Tuesday,Dinner,Veg Noodles,Regular Day,1193,65,1128,1007
Wednesday,Breakfast,Poha,Exam Period,1183,66,1117,875
Wednesday,Lunch,Veg Pulao,Exam Period,1183,13,1170,1027
Wednesday,Dinner,Curd Rice,Exam Period,1183,33,1150,970
Thursday,Breakfast,Aloo Paratha,Regular Day,1190,99,1091,881
Thursday,Lunch,Chicken Curry-Rice,Regular Day,1190,57,1133,1093
Thursday,Dinner,Egg Curry-Rice,Regular Day,1190,27,1163,1036
Friday,Breakfast,Puri-Bhaji,Regular Day,1193,142,1051,855
Friday,Lunch,Fried Rice-Manchurian,Regular Day,1193,85,1108,1016
Friday,Dinner,Egg Curry-Rice,Regular Day,1193,133,1060,916
Saturday,Breakfast,Bread Omelette,Festival,1199,338,861,764
Saturday,Lunch,Veg Pulao,Festival,1199,305,894,871
Saturday,Dinner,Egg Curry-Rice,Festival,1199,320,879,822
Sunday,Breakfast,Masala Dosa,Regular Day,1201,286,915,696
Sunday,Lunch,Rajma Chawal,Regular Day,1201,230,971,839
Sunday,Dinner,Veg Fried Rice,Regular Day,1201,254,947,748
Monday,Breakfast,Idli-Sambar,Exam Period,1192,40,1152,934
Monday,Lunch,Rice-Sambar-Rasam,Exam Period,1192,17,1175,1067
Monday,Dinner,Veg Noodles,Exam Period,1192,71,1121,873
Tuesday,Breakfast,Masala Dosa,Sports Event,1195,139,1056,946
Tuesday,Lunch,Egg Curry-Rice,Sports Event,1195,91,1104,1113
Tuesday,Dinner,Egg Curry-Rice,Sports Event,1195,98,1097,1067
Wednesday,Breakfast,Uttapam,Regular Day,1194,105,1089,904
Wednesday,Lunch,Fried Rice-Manchurian,Regular Day,1194,33,1161,1091
Wednesday,Dinner,Veg Fried Rice,Regular Day,1194,41,1153,995
Thursday,Breakfast,Vada-Sambar,Regular Day,1206,92,1114,890
Thursday,Lunch,Chicken Curry-Rice,Regular Day,1206,51,1155,1096
Thursday,Dinner,Chicken Biryani,Regular Day,1206,64,1142,1056
Friday,Breakfast,Masala Dosa,Regular Day,1209,162,1047,869
Friday,Lunch,Chicken Curry-Rice,Regular Day,1209,88,1121,1084
Friday,Dinner,Chicken Biryani,Regular Day,1209,130,1079,966
Saturday,Breakfast,Aloo Paratha,Exam Period,1188,170,1018,748
Saturday,Lunch,Veg Pulao,Exam Period,1188,154,1034,884
Saturday,Dinner,Veg Fried Rice,Exam Period,1188,156,1032,818
Sunday,Breakfast,Uttapam,Regular Day,1204,310,894,691
Sunday,Lunch,Fried Rice-Manchurian,Regular Day,1204,239,965,827
Sunday,Dinner,Egg Curry-Rice,Regular Day,1204,265,939,800
Monday,Breakfast,Bread Omelette,Regular Day,1192,71,1121,906
Monday,Lunch,Veg Pulao,Regular Day,1192,69,1123,1045
Monday,Dinner,Egg Curry-Rice,Regular Day,1192,83,1109,982
Tuesday,Breakfast,Poha,Regular Day,1196,106,1090,905
Tuesday,Lunch,Egg Curry-Rice,Regular Day,1196,52,1144,1120
Tuesday,Dinner,Egg Curry-Rice,Regular Day,1196,88,1108,983
Wednesday,Breakfast,Idli-Sambar,Exam Period,1208,49,1159,903
Wednesday,Lunch,Curd Rice,Exam Period,1208,12,1196,1093
Wednesday,Dinner,Egg Curry-Rice,Exam Period,1208,37,1171,957
Thursday,Breakfast,Uttapam,Exam Period,1191,37,1154,912
Thursday,Lunch,Fried Rice-Manchurian,Exam Period,1191,23,1168,1081
Thursday,Dinner,Dal Rice,Exam Period,1191,16,1175,953
Friday,Breakfast,Upma,Regular Day,1185,144,1041,847
Friday,Lunch,Curd Rice,Regular Day,1185,96,1089,988
Friday,Dinner,Dal Rice,Regular Day,1185,113,1072,967
Saturday,Breakfast,Masala Dosa,Regular Day,1207,240,967,758
Saturday,Lunch,Egg Curry-Rice,Regular Day,1207,213,994,907
Saturday,Dinner,Khichdi,Regular Day,1207,212,995,817
Sunday,Breakfast,Idli-Sambar,Regular Day,1187,274,913,701
Sunday,Lunch,Rajma Chawal,Regular Day,1187,226,961,825
Sunday,Dinner,Egg Curry-Rice,Regular Day,1187,291,896,754
Monday,Breakfast,Bread Omelette,Festival,1179,205,974,907
Monday,Lunch,Rajma Chawal,Festival,1179,180,999,990
Monday,Dinner,Veg Noodles,Festival,1179,189,990,932
Tuesday,Breakfast,Poha,Regular Day,1203,128,1075,899
Tuesday,Lunch,Rice-Sambar-Rasam,Regular Day,1203,54,1149,1070
Tuesday,Dinner,Chapati-Mixed Veg,Regular Day,1203,24,1179,1073
Wednesday,Breakfast,Vada-Sambar,Regular Day,1205,73,1132,937
Wednesday,Lunch,Veg Biryani,Regular Day,1205,42,1163,1160
Wednesday,Dinner,Chapati-Paneer Curry,Regular Day,1205,72,1133,1045
Thursday,Breakfast,Masala Dosa,Exam Period,1192,68,1124,883
Thursday,Lunch,Chicken Curry-Rice,Exam Period,1192,43,1149,1067
Thursday,Dinner,Khichdi,Exam Period,1192,32,1160,920
Friday,Breakfast,Upma,Regular Day,1186,130,1056,808
Friday,Lunch,Curd Rice,Regular Day,1186,91,1095,991
Friday,Dinner,Khichdi,Regular Day,1186,110,1076,900
Saturday,Breakfast,Uttapam,Holiday,1192,625,567,417
Saturday,Lunch,Veg Biryani,Holiday,1192,606,586,534
Saturday,Dinner,Veg Noodles,Holiday,1192,598,594,480
Sunday,Breakfast,Vada-Sambar,Sports Event,1201,333,868,742
Sunday,Lunch,Veg Pulao,Sports Event,1201,270,931,854
Sunday,Dinner,Veg Fried Rice,Sports Event,1201,312,889,804
Monday,Breakfast,Cornflakes & Milk,Regular Day,1202,81,1121,891
Monday,Lunch,Chicken Curry-Rice,Regular Day,1202,37,1165,1078
Monday,Dinner,Dal Rice,Regular Day,1202,69,1133,997
Tuesday,Breakfast,Puri-Bhaji,Regular Day,1174,81,1093,875
Tuesday,Lunch,Chapati-Dal-Sabzi,Regular Day,1174,73,1101,1034
Tuesday,Dinner,Veg Noodles,Regular Day,1174,63,1111,972
Wednesday,Breakfast,Masala Dosa,Regular Day,1187,80,1107,918
Wednesday,Lunch,Egg Curry-Rice,Regular Day,1187,62,1125,1107
Wednesday,Dinner,Chapati-Mixed Veg,Regular Day,1187,85,1102,991
Thursday,Breakfast,Puri-Bhaji,Regular Day,1204,109,1095,906
Thursday,Lunch,Chicken Curry-Rice,Regular Day,1204,54,1150,1085
Thursday,Dinner,Egg Curry-Rice,Regular Day,1204,30,1174,1037
Friday,Breakfast,Idli-Sambar,Regular Day,1192,136,1056,845
Friday,Lunch,Fried Rice-Manchurian,Regular Day,1192,115,1077,1044
Friday,Dinner,Chicken Biryani,Regular Day,1192,86,1106,1017
Saturday,Breakfast,Vada-Sambar,Holiday,1193,679,514,424
Saturday,Lunch,Chapati-Dal-Sabzi,Holiday,1193,598,595,512
Saturday,Dinner,Egg Curry-Rice,Holiday,1193,628,565,485
Sunday,Breakfast,Bread Omelette,Regular Day,1181,262,919,694
Sunday,Lunch,Fried Rice-Manchurian,Regular Day,1181,249,932,823
Sunday,Dinner,Chapati-Paneer Curry,Regular Day,1181,230,951,807
Monday,Breakfast,Aloo Paratha,Regular Day,1179,91,1088,925
Monday,Lunch,Rice-Sambar-Rasam,Regular Day,1179,31,1148,1074
Monday,Dinner,Veg Fried Rice,Regular Day,1179,45,1134,995
Tuesday,Breakfast,Aloo Paratha,Regular Day,1183,83,1100,923
Tuesday,Lunch,Sambar Rice,Regular Day,1183,61,1122,1081
Tuesday,Dinner,Dal Rice,Regular Day,1183,60,1123,956
Wednesday,Breakfast,Bread Omelette,Regular Day,1198,99,1099,912
Wednesday,Lunch,Veg Pulao,Regular Day,1198,57,1141,1073
Wednesday,Dinner,Chicken Biryani,Regular Day,1198,64,1134,1042
Thursday,Breakfast,Poha,Regular Day,1180,72,1108,932
Thursday,Lunch,Curd Rice,Regular Day,1180,95,1085,1002
Thursday,Dinner,Chapati-Paneer Curry,Regular Day,1180,81,1099,987
Friday,Breakfast,Masala Dosa,Cultural Event,1192,200,992,890
Friday,Lunch,Veg Pulao,Cultural Event,1192,123,1069,1052
Friday,Dinner,Veg Noodles,Cultural Event,1192,167,1025,936
Saturday,Breakfast,Vada-Sambar,Regular Day,1194,255,939,750
Saturday,Lunch,Veg Biryani,Regular Day,1194,190,1004,916
Saturday,Dinner,Veg Noodles,Regular Day,1194,220,974,812
Sunday,Breakfast,Aloo Paratha,Regular Day,1169,263,906,709
Sunday,Lunch,Rice-Sambar-Rasam,Regular Day,1169,255,914,801
Sunday,Dinner,Chapati-Paneer Curry,Regular Day,1169,261,908,750
Monday,Breakfast,Uttapam,Regular Day,1184,94,1090,852
Monday,Lunch,Rice-Sambar-Rasam,Regular Day,1184,49,1135,1097
Monday,Dinner,Egg Curry-Rice,Regular Day,1184,48,1136,1007
Tuesday,Breakfast,Idli-Sambar,Festival,1201,226,975,908
Tuesday,Lunch,Egg Curry-Rice,Festival,1201,178,1023,1059
Tuesday,Dinner,Chicken Biryani,Festival,1201,202,999,1031
Wednesday,Breakfast,Masala Dosa,Regular Day,1199,69,1130,952
Wednesday,Lunch,Rice-Sambar-Rasam,Regular Day,1199,53,1146,1094
Wednesday,Dinner,Veg Noodles,Regular Day,1199,75,1124,998
Thursday,Breakfast,Idli-Sambar,Regular Day,1193,81,1112,920
Thursday,Lunch,Chicken Curry-Rice,Regular Day,1193,60,1133,1081
Thursday,Dinner,Chicken Biryani,Regular Day,1193,65,1128,1002
Friday,Breakfast,Aloo Paratha,Exam Period,1186,102,1084,850
Friday,Lunch,Chicken Curry-Rice,Exam Period,1186,75,1111,980
Friday,Dinner,Dal Rice,Exam Period,1186,100,1086,907
Saturday,Breakfast,Vada-Sambar,Regular Day,1187,247,940,765
Saturday,Lunch,Chicken Curry-Rice,Regular Day,1187,205,982,892
Saturday,Dinner,Veg Fried Rice,Regular Day,1187,180,1007,851
Sunday,Breakfast,Idli-Sambar,Regular Day,1189,274,915,723
Sunday,Lunch,Rajma Chawal,Regular Day,1189,213,976,858
Sunday,Dinner,Chapati-Paneer Curry,Regular Day,1189,248,941,778
Monday,Breakfast,Puri-Bhaji,Regular Day,1203,94,1109,925
Monday,Lunch,Veg Pulao,Regular Day,1203,57,1146,1063
Monday,Dinner,Curd Rice,Regular Day,1203,76,1127,970
Tuesday,Breakfast,Uttapam,Regular Day,1200,86,1114,887
Tuesday,Lunch,Curd Rice,Regular Day,1200,43,1157,1095
Tuesday,Dinner,Veg Fried Rice,Regular Day,1200,62,1138,992
Wednesday,Breakfast,Upma,Regular Day,1201,106,1095,882
Wednesday,Lunch,Chapati-Dal-Sabzi,Regular Day,1201,45,1156,1097
Wednesday,Dinner,Chapati-Paneer Curry,Regular Day,1201,73,1128,985
Thursday,Breakfast,Cornflakes & Milk,Regular Day,1196,79,1117,873
Thursday,Lunch,Chicken Curry-Rice,Regular Day,1196,58,1138,1108
Thursday,Dinner,Khichdi,Regular Day,1196,71,1125,972
Friday,Breakfast,Bread Omelette,Sports Event,1198,189,1009,892
Friday,Lunch,Fried Rice-Manchurian,Sports Event,1198,138,1060,1013
Friday,Dinner,Curd Rice,Sports Event,1198,163,1035,979
Saturday,Breakfast,Idli-Sambar,Regular Day,1197,222,975,742
Saturday,Lunch,Fried Rice-Manchurian,Regular Day,1197,149,1048,950
Saturday,Dinner,Veg Fried Rice,Regular Day,1197,180,1017,876
Sunday,Breakfast,Masala Dosa,Regular Day,1187,256,931,731
Sunday,Lunch,Rice-Sambar-Rasam,Regular Day,1187,232,955,821
Sunday,Dinner,Curd Rice,Regular Day,1187,231,956,796
Monday,Breakfast,Puri-Bhaji,Regular Day,1203,106,1097,895
Monday,Lunch,Rajma Chawal,Regular Day,1203,49,1154,1129
Monday,Dinner,Dal Rice,Regular Day,1203,81,1122,1003
Tuesday,Breakfast,Idli-Sambar,Festival,1199,205,994,938
Tuesday,Lunch,Curd Rice,Festival,1199,167,1032,1030
Tuesday,Dinner,Chapati-Paneer Curry,Festival,1199,214,985,962
Wednesday,Breakfast,Masala Dosa,Festival,1197,243,954,901
Wednesday,Lunch,Chicken Curry-Rice,Festival,1197,164,1033,1083
Wednesday,Dinner,Khichdi,Festival,1197,176,1021,968
Thursday,Breakfast,Cornflakes & Milk,Exam Period,1194,49,1145,855
Thursday,Lunch,Veg Biryani,Exam Period,1194,14,1180,1060
Thursday,Dinner,Chapati-Mixed Veg,Exam Period,1194,42,1152,936
Friday,Breakfast,Aloo Paratha,Festival,1190,279,911,836
Friday,Lunch,Fried Rice-Manchurian,Festival,1190,214,976,980
Friday,Dinner,Veg Noodles,Festival,1190,209,981,890
Saturday,Breakfast,Bread Omelette,Regular Day,1206,253,953,757
Saturday,Lunch,Fried Rice-Manchurian,Regular Day,1206,185,1021,944
Saturday,Dinner,Chicken Biryani,Regular Day,1206,250,956,855
Sunday,Breakfast,Aloo Paratha,Regular Day,1189,304,885,672
Sunday,Lunch,Fried Rice-Manchurian,Regular Day,1189,216,973,858
Sunday,Dinner,Veg Fried Rice,Regular Day,1189,251,938,745
Monday,Breakfast,Uttapam,Regular Day,1187,106,1081,877
Monday,Lunch,Chapati-Dal-Sabzi,Regular Day,1187,22,1165,1093
Monday,Dinner,Chicken Biryani,Regular Day,1187,74,1113,983
Tuesday,Breakfast,Idli-Sambar,Regular Day,1192,88,1104,950
Tuesday,Lunch,Veg Pulao,Regular Day,1192,61,1131,1062
Tuesday,Dinner,Chicken Biryani,Regular Day,1192,96,1096,1003
Wednesday,Breakfast,Uttapam,Holiday,1175,502,673,536
Wednesday,Lunch,Rajma Chawal,Holiday,1175,437,738,698
Wednesday,Dinner,Chicken Biryani,Holiday,1175,468,707,640
Thursday,Breakfast,Idli-Sambar,Regular Day,1195,108,1087,872
Thursday,Lunch,Egg Curry-Rice,Regular Day,1195,38,1157,1072
Thursday,Dinner,Dal Rice,Regular Day,1195,79,1116,981
Friday,Breakfast,Masala Dosa,Regular Day,1193,132,1061,907
Friday,Lunch,Rajma Chawal,Regular Day,1193,69,1124,1111
Friday,Dinner,Curd Rice,Regular Day,1193,74,1119,905
Saturday,Breakfast,Upma,Regular Day,1187,209,978,759
Saturday,Lunch,Rajma Chawal,Regular Day,1187,166,1021,900
Saturday,Dinner,Chapati-Mixed Veg,Regular Day,1187,197,990,824
Sunday,Breakfast,Cornflakes & Milk,Exam Period,1190,242,948,669
Sunday,Lunch,Chicken Curry-Rice,Exam Period,1190,196,994,857
Sunday,Dinner,Egg Curry-Rice,Exam Period,1190,238,952,754
Monday,Breakfast,Masala Dosa,Festival,1178,231,947,860
Monday,Lunch,Egg Curry-Rice,Festival,1178,161,1017,1041
Monday,Dinner,Veg Noodles,Festival,1178,169,1009,1027
Tuesday,Breakfast,Aloo Paratha,Regular Day,1194,96,1098,892
Tuesday,Lunch,Chicken Curry-Rice,Regular Day,1194,73,1121,1067
Tuesday,Dinner,Egg Curry-Rice,Regular Day,1194,98,1096,968
Wednesday,Breakfast,Poha,Regular Day,1185,92,1093,882
Wednesday,Lunch,Curd Rice,Regular Day,1185,31,1154,1060
Wednesday,Dinner,Egg Curry-Rice,Regular Day,1185,86,1099,1002
Thursday,Breakfast,Uttapam,Regular Day,1189,84,1105,921
Thursday,Lunch,Chapati-Dal-Sabzi,Regular Day,1189,41,1148,1021
Thursday,Dinner,Chicken Biryani,Regular Day,1189,88,1101,1003
Friday,Breakfast,Upma,Regular Day,1163,134,1029,840
Friday,Lunch,Egg Curry-Rice,Regular Day,1163,90,1073,1000
Friday,Dinner,Chapati-Mixed Veg,Regular Day,1163,83,1080,918
Saturday,Breakfast,Aloo Paratha,Regular Day,1185,216,969,774
Saturday,Lunch,Chicken Curry-Rice,Regular Day,1185,151,1034,936
Saturday,Dinner,Khichdi,Regular Day,1185,189,996,801
Sunday,Breakfast,Bread Omelette,Holiday,1182,703,479,367
Sunday,Lunch,Veg Pulao,Holiday,1182,667,515,461
Sunday,Dinner,Veg Fried Rice,Holiday,1182,659,523,421
Monday,Breakfast,Aloo Paratha,Regular Day,1194,104,1090,937
Monday,Lunch,Rice-Sambar-Rasam,Regular Day,1194,51,1143,1083
Monday,Dinner,Veg Noodles,Regular Day,1194,66,1128,968
Tuesday,Breakfast,Vada-Sambar,Regular Day,1203,104,1099,921
Tuesday,Lunch,Curd Rice,Regular Day,1203,57,1146,1045
Tuesday,Dinner,Veg Noodles,Regular Day,1203,65,1138,976
Wednesday,Breakfast,Aloo Paratha,Regular Day,1193,109,1084,904
Wednesday,Lunch,Rajma Chawal,Regular Day,1193,72,1121,1072
Wednesday,Dinner,Egg Curry-Rice,Regular Day,1193,74,1119,1035
Thursday,Breakfast,Vada-Sambar,Regular Day,1185,102,1083,882
Thursday,Lunch,Sambar Rice,Regular Day,1185,51,1134,1042
Thursday,Dinner,Chapati-Paneer Curry,Regular Day,1185,76,1109,1003
Friday,Breakfast,Poha,Regular Day,1193,139,1054,849
Friday,Lunch,Rice-Sambar-Rasam,Regular Day,1193,94,1099,1046
Friday,Dinner,Egg Curry-Rice,Regular Day,1193,127,1066,953
Saturday,Breakfast,Puri-Bhaji,Regular Day,1172,215,957,725
Saturday,Lunch,Veg Biryani,Regular Day,1172,222,950,876
Saturday,Dinner,Khichdi,Regular Day,1172,201,971,802
Sunday,Breakfast,Vada-Sambar,Sports Event,1184,313,871,711
Sunday,Lunch,Fried Rice-Manchurian,Sports Event,1184,258,926,883
Sunday,Dinner,Chicken Biryani,Sports Event,1184,309,875,756
Monday,Breakfast,Poha,Exam Period,1199,58,1141,905
Monday,Lunch,Rajma Chawal,Exam Period,1199,12,1187,1088
Monday,Dinner,Egg Curry-Rice,Exam Period,1199,51,1148,993
Tuesday,Breakfast,Puri-Bhaji,Regular Day,1183,100,1083,902
Tuesday,Lunch,Chicken Curry-Rice,Regular Day,1183,65,1118,1063
Tuesday,Dinner,Veg Noodles,Regular Day,1183,89,1094,961
Wednesday,Breakfast,Uttapam,Regular Day,1181,94,1087,909
Wednesday,Lunch,Sambar Rice,Regular Day,1181,63,1118,1067
Wednesday,Dinner,Egg Curry-Rice,Regular Day,1181,47,1134,1020
Thursday,Breakfast,Puri-Bhaji,Regular Day,1166,91,1075,827
Thursday,Lunch,Sambar Rice,Regular Day,1166,32,1134,1060
Thursday,Dinner,Chapati-Paneer Curry,Regular Day,1166,60,1106,976
Friday,Breakfast,Puri-Bhaji,Regular Day,1186,116,1070,864
Friday,Lunch,Rajma Chawal,Regular Day,1186,85,1101,1027
Friday,Dinner,Veg Fried Rice,Regular Day,1186,94,1092,1009
Saturday,Breakfast,Masala Dosa,Regular Day,1196,216,980,751
Saturday,Lunch,Chapati-Dal-Sabzi,Regular Day,1196,188,1008,886
Saturday,Dinner,Chapati-Paneer Curry,Regular Day,1196,198,998,843
Sunday,Breakfast,Puri-Bhaji,Regular Day,1171,243,928,717
Sunday,Lunch,Veg Biryani,Regular Day,1171,220,951,845
Sunday,Dinner,Egg Curry-Rice,Regular Day,1171,226,945,804
Monday,Breakfast,Puri-Bhaji,Regular Day,1180,86,1094,892
Monday,Lunch,Chapati-Dal-Sabzi,Regular Day,1180,55,1125,1048
Monday,Dinner,Chicken Biryani,Regular Day,1180,64,1116,984
Tuesday,Breakfast,Puri-Bhaji,Regular Day,1181,84,1097,940
Tuesday,Lunch,Chapati-Dal-Sabzi,Regular Day,1181,46,1135,1092
Tuesday,Dinner,Veg Noodles,Regular Day,1181,91,1090,939
Wednesday,Breakfast,Vada-Sambar,Regular Day,1188,58,1130,977
Wednesday,Lunch,Rice-Sambar-Rasam,Regular Day,1188,56,1132,1075
Wednesday,Dinner,Dal Rice,Regular Day,1188,66,1122,962
Thursday,Breakfast,Masala Dosa,Holiday,1176,488,688,569
Thursday,Lunch,Veg Biryani,Holiday,1176,480,696,668
Thursday,Dinner,Veg Fried Rice,Holiday,1176,446,730,609
Friday,Breakfast,Bread Omelette,Regular Day,1191,108,1083,865
Friday,Lunch,Curd Rice,Regular Day,1191,99,1092,1000
Friday,Dinner,Khichdi,Regular Day,1191,102,1089,947
Saturday,Breakfast,Idli-Sambar,Regular Day,1180,227,953,740
Saturday,Lunch,Veg Biryani,Regular Day,1180,214,966,885
Saturday,Dinner,Veg Fried Rice,Regular Day,1180,175,1005,839
Sunday,Breakfast,Aloo Paratha,Regular Day,1179,290,889,668
Sunday,Lunch,Rice-Sambar-Rasam,Regular Day,1179,281,898,785
Sunday,Dinner,Chapati-Paneer Curry,Regular Day,1179,252,927,767
Monday,Breakfast,Vada-Sambar,Holiday,1181,546,635,537
Monday,Lunch,Egg Curry-Rice,Holiday,1181,466,715,655
Monday,Dinner,Veg Fried Rice,Holiday,1181,481,700,642
Tuesday,Breakfast,Uttapam,Holiday,1176,517,659,565
Tuesday,Lunch,Rice-Sambar-Rasam,Holiday,1176,455,721,690
Tuesday,Dinner,Veg Fried Rice,Holiday,1176,458,718,648
Wednesday,Breakfast,Idli-Sambar,Exam Period,1173,61,1112,877
Wednesday,Lunch,Sambar Rice,Exam Period,1173,12,1161,1011
Wednesday,Dinner,Chapati-Mixed Veg,Exam Period,1173,12,1161,936
Thursday,Breakfast,Cornflakes & Milk,Regular Day,1196,114,1082,911
Thursday,Lunch,Veg Pulao,Regular Day,1196,41,1155,1096
Thursday,Dinner,Dal Rice,Regular Day,1196,92,1104,1011
Friday,Breakfast,Uttapam,Regular Day,1202,142,1060,827
Friday,Lunch,Curd Rice,Regular Day,1202,119,1083,985
Friday,Dinner,Curd Rice,Regular Day,1202,108,1094,932
Saturday,Breakfast,Upma,Holiday,1193,655,538,397
Saturday,Lunch,Egg Curry-Rice,Holiday,1193,619,574,532
Saturday,Dinner,Chicken Biryani,Holiday,1193,590,603,511
Sunday,Breakfast,Puri-Bhaji,Festival,1183,386,797,651
Sunday,Lunch,Chicken Curry-Rice,Festival,1183,337,846,826
Sunday,Dinner,Chicken Biryani,Festival,1183,366,817,744
Monday,Breakfast,Masala Dosa,Exam Period,1179,56,1123,869
Monday,Lunch,Egg Curry-Rice,Exam Period,1179,23,1156,1021
Monday,Dinner,Veg Noodles,Exam Period,1179,21,1158,951
Tuesday,Breakfast,Uttapam,Regular Day,1186,122,1064,840
Tuesday,Lunch,Rice-Sambar-Rasam,Regular Day,1186,35,1151,1091
Tuesday,Dinner,Curd Rice,Regular Day,1186,71,1115,959
Wednesday,Breakfast,Idli-Sambar,Regular Day,1191,72,1119,925
Wednesday,Lunch,Rice-Sambar-Rasam,Regular Day,1191,96,1095,1045
Wednesday,Dinner,Veg Noodles,Regular Day,1191,62,1129,1010
Thursday,Breakfast,Puri-Bhaji,Regular Day,1183,75,1108,930
Thursday,Lunch,Sambar Rice,Regular Day,1183,56,1127,1023
Thursday,Dinner,Khichdi,Regular Day,1183,62,1121,982
Friday,Breakfast,Bread Omelette,Regular Day,1200,152,1048,824
Friday,Lunch,Fried Rice-Manchurian,Regular Day,1200,90,1110,1048
Friday,Dinner,Veg Fried Rice,Regular Day,1200,73,1127,978
Saturday,Breakfast,Bread Omelette,Regular Day,1167,209,958,734
Saturday,Lunch,Fried Rice-Manchurian,Regular Day,1167,193,974,893
Saturday,Dinner,Dal Rice,Regular Day,1167,197,970,813
Sunday,Breakfast,Poha,Regular Day,1178,282,896,671
Sunday,Lunch,Veg Pulao,Regular Day,1178,258,920,841
Sunday,Dinner,Curd Rice,Regular Day,1178,253,925,718
Monday,Breakfast,Vada-Sambar,Regular Day,1178,106,1072,839
Monday,Lunch,Veg Biryani,Regular Day,1178,95,1083,1068
Monday,Dinner,Dal Rice,Regular Day,1178,54,1124,997
Tuesday,Breakfast,Puri-Bhaji,Regular Day,1194,104,1090,914
Tuesday,Lunch,Chicken Curry-Rice,Regular Day,1194,88,1106,1099
Tuesday,Dinner,Veg Noodles,Regular Day,1194,85,1109,959
Wednesday,Breakfast,Bread Omelette,Regular Day,1181,79,1102,916
Wednesday,Lunch,Rajma Chawal,Regular Day,1181,58,1123,1046
Wednesday,Dinner,Chapati-Mixed Veg,Regular Day,1181,73,1108,1035
Thursday,Breakfast,Idli-Sambar,Regular Day,1175,130,1045,882
Thursday,Lunch,Rajma Chawal,Regular Day,1175,63,1112,1075
Thursday,Dinner,Chapati-Paneer Curry,Regular Day,1175,63,1112,953
Friday,Breakfast,Upma,Regular Day,1184,127,1057,858
Friday,Lunch,Egg Curry-Rice,Regular Day,1184,97,1087,997
Friday,Dinner,Chicken Biryani,Regular Day,1184,127,1057,968
Saturday,Breakfast,Aloo Paratha,Holiday,1174,608,566,436
Saturday,Lunch,Fried Rice-Manchurian,Holiday,1174,582,592,541
Saturday,Dinner,Veg Fried Rice,Holiday,1174,614,560,483
Sunday,Breakfast,Masala Dosa,Sports Event,1181,322,859,691
Sunday,Lunch,Sambar Rice,Sports Event,1181,259,922,898
Sunday,Dinner,Veg Noodles,Sports Event,1181,287,894,806
Monday,Breakfast,Upma,Sports Event,1174,90,1084,952
Monday,Lunch,Chapati-Dal-Sabzi,Sports Event,1174,123,1051,1053
Monday,Dinner,Dal Rice,Sports Event,1174,127,1047,970
Tuesday,Breakfast,Masala Dosa,Holiday,1172,531,641,535
Tuesday,Lunch,Curd Rice,Holiday,1172,472,700,663
Tuesday,Dinner,Curd Rice,Holiday,1172,490,682,592
Wednesday,Breakfast,Cornflakes & Milk,Exam Period,1170,83,1087,839
Wednesday,Lunch,Chapati-Dal-Sabzi,Exam Period,1170,12,1158,1073
Wednesday,Dinner,Dal Rice,Exam Period,1170,34,1136,953
Thursday,Breakfast,Aloo Paratha,Exam Period,1198,42,1156,872
Thursday,Lunch,Chapati-Dal-Sabzi,Exam Period,1198,23,1175,1050
Thursday,Dinner,Chapati-Mixed Veg,Exam Period,1198,44,1154,986
Friday,Breakfast,Idli-Sambar,Sports Event,1184,190,994,836
Friday,Lunch,Veg Pulao,Sports Event,1184,131,1053,1028
Friday,Dinner,Egg Curry-Rice,Sports Event,1184,185,999,913
Saturday,Breakfast,Masala Dosa,Regular Day,1167,221,946,758
Saturday,Lunch,Egg Curry-Rice,Regular Day,1167,144,1023,916
Saturday,Dinner,Chapati-Paneer Curry,Regular Day,1167,211,956,797
Sunday,Breakfast,Poha,Exam Period,1172,215,957,692
Sunday,Lunch,Curd Rice,Exam Period,1172,204,968,778
Sunday,Dinner,Veg Fried Rice,Exam Period,1172,235,937,753
Monday,Breakfast,Masala Dosa,Holiday,1188,499,689,581
Monday,Lunch,Veg Biryani,Holiday,1188,458,730,702
Monday,Dinner,Chapati-Paneer Curry,Holiday,1188,468,720,652
Tuesday,Breakfast,Upma,Regular Day,1181,103,1078,850
Tuesday,Lunch,Veg Pulao,Regular Day,1181,57,1124,1042
Tuesday,Dinner,Chapati-Mixed Veg,Regular Day,1181,82,1099,959
Wednesday,Breakfast,Cornflakes & Milk,Regular Day,1170,100,1070,865
Wednesday,Lunch,Chapati-Dal-Sabzi,Regular Day,1170,59,1111,1021
Wednesday,Dinner,Dal Rice,Regular Day,1170,98,1072,960
Thursday,Breakfast,Masala Dosa,Festival,1185,193,992,939
Thursday,Lunch,Veg Biryani,Festival,1185,166,1019,1044
Thursday,Dinner,Egg Curry-Rice,Festival,1185,198,987,964
Friday,Breakfast,Bread Omelette,Regular Day,1177,162,1015,798
Friday,Lunch,Chicken Curry-Rice,Regular Day,1177,104,1073,988
Friday,Dinner,Dal Rice,Regular Day,1177,137,1040,911
Saturday,Breakfast,Idli-Sambar,Regular Day,1183,235,948,767
Saturday,Lunch,Fried Rice-Manchurian,Regular Day,1183,178,1005,882
Saturday,Dinner,Veg Fried Rice,Regular Day,1183,202,981,792
Sunday,Breakfast,Masala Dosa,Exam Period,1180,259,921,649
Sunday,Lunch,Veg Pulao,Exam Period,1180,184,996,822
Sunday,Dinner,Khichdi,Exam Period,1180,210,970,716
Monday,Breakfast,Idli-Sambar,Holiday,1180,488,692,591
Monday,Lunch,Veg Pulao,Holiday,1180,450,730,667
Monday,Dinner,Egg Curry-Rice,Holiday,1180,500,680,614
Tuesday,Breakfast,Idli-Sambar,Regular Day,1164,95,1069,889
Tuesday,Lunch,Fried Rice-Manchurian,Regular Day,1164,60,1104,1044
Tuesday,Dinner,Chapati-Mixed Veg,Regular Day,1164,62,1102,982
Wednesday,Breakfast,Vada-Sambar,Regular Day,1166,100,1066,889
Wednesday,Lunch,Veg Pulao,Regular Day,1166,51,1115,1018
Wednesday,Dinner,Chapati-Mixed Veg,Regular Day,1166,73,1093,955
Thursday,Breakfast,Puri-Bhaji,Sports Event,1169,137,1032,904
Thursday,Lunch,Veg Pulao,Sports Event,1169,109,1060,1023
Thursday,Dinner,Veg Noodles,Sports Event,1169,121,1048,967
Friday,Breakfast,Cornflakes & Milk,Regular Day,1176,109,1067,866
Friday,Lunch,Veg Biryani,Regular Day,1176,103,1073,1071
Friday,Dinner,Khichdi,Regular Day,1176,126,1050,886
Saturday,Breakfast,Bread Omelette,Regular Day,1170,229,941,728
Saturday,Lunch,Rice-Sambar-Rasam,Regular Day,1170,184,986,897
Saturday,Dinner,Veg Fried Rice,Regular Day,1170,181,989,820
Sunday,Breakfast,Masala Dosa,Regular Day,1169,262,907,715
Sunday,Lunch,Rice-Sambar-Rasam,Regular Day,1169,218,951,835
Sunday,Dinner,Chicken Biryani,Regular Day,1169,238,931,779
Monday,Breakfast,Uttapam,Regular Day,1177,69,1108,873
Monday,Lunch,Rajma Chawal,Regular Day,1177,50,1127,1030
Monday,Dinner,Chicken Biryani,Regular Day,1177,73,1104,979
Tuesday,Breakfast,Upma,Regular Day,1176,51,1125,921
Tuesday,Lunch,Chapati-Dal-Sabzi,Regular Day,1176,71,1105,987
Tuesday,Dinner,Egg Curry-Rice,Regular Day,1176,61,1115,993
Wednesday,Breakfast,Uttapam,Regular Day,1170,80,1090,867
Wednesday,Lunch,Egg Curry-Rice,Regular Day,1170,98,1072,1038
Wednesday,Dinner,Veg Fried Rice,Regular Day,1170,69,1101,974
Thursday,Breakfast,Cornflakes & Milk,Regular Day,1186,94,1092,868
Thursday,Lunch,Veg Pulao,Regular Day,1186,27,1159,1044
Thursday,Dinner,Egg Curry-Rice,Regular Day,1186,56,1130,1015
Friday,Breakfast,Poha,Regular Day,1170,106,1064,812
Friday,Lunch,Veg Biryani,Regular Day,1170,125,1045,985
Friday,Dinner,Chapati-Mixed Veg,Regular Day,1170,91,1079,963
Saturday,Breakfast,Cornflakes & Milk,Regular Day,1175,213,962,739
Saturday,Lunch,Curd Rice,Regular Day,1175,171,1004,869
Saturday,Dinner,Veg Fried Rice,Regular Day,1175,224,951,812
Sunday,Breakfast,Vada-Sambar,Regular Day,1159,267,892,651
Sunday,Lunch,Rajma Chawal,Regular Day,1159,257,902,788
Sunday,Dinner,Chapati-Paneer Curry,Regular Day,1159,249,910,787
Monday,Breakfast,Puri-Bhaji,Festival,1183,200,983,879
Monday,Lunch,Curd Rice,Festival,1183,186,997,982
Monday,Dinner,Chicken Biryani,Festival,1183,169,1014,991
Tuesday,Breakfast,Masala Dosa,Festival,1183,216,967,887
Tuesday,Lunch,Rice-Sambar-Rasam,Festival,1183,179,1004,1065
Tuesday,Dinner,Chicken Biryani,Festival,1183,188,995,1023
Wednesday,Breakfast,Masala Dosa,Exam Period,1165,53,1112,867
Wednesday,Lunch,Rice-Sambar-Rasam,Exam Period,1165,41,1124,1003
Wednesday,Dinner,Curd Rice,Exam Period,1165,39,1126,923
Thursday,Breakfast,Idli-Sambar,Regular Day,1176,96,1080,929
Thursday,Lunch,Curd Rice,Regular Day,1176,63,1113,1021
Thursday,Dinner,Chapati-Mixed Veg,Regular Day,1176,76,1100,983
Friday,Breakfast,Poha,Regular Day,1182,113,1069,897
Friday,Lunch,Chicken Curry-Rice,Regular Day,1182,99,1083,1046
Friday,Dinner,Dal Rice,Regular Day,1182,119,1063,970
Saturday,Breakfast,Aloo Paratha,Regular Day,1181,206,975,755
Saturday,Lunch,Egg Curry-Rice,Regular Day,1181,202,979,853
Saturday,Dinner,Veg Noodles,Regular Day,1181,208,973,813
Sunday,Breakfast,Uttapam,Regular Day,1167,279,888,655
Sunday,Lunch,Fried Rice-Manchurian,Regular Day,1167,234,933,834
Sunday,Dinner,Egg Curry-Rice,Regular Day,1167,250,917,769
Monday,Breakfast,Poha,Festival,1158,244,914,833
Monday,Lunch,Rice-Sambar-Rasam,Festival,1158,175,983,1049
Monday,Dinner,Khichdi,Festival,1158,187,971,940
Tuesday,Breakfast,Upma,Regular Day,1170,98,1072,875
Tuesday,Lunch,Veg Biryani,Regular Day,1170,71,1099,1042
Tuesday,Dinner,Veg Noodles,Regular Day,1170,105,1065,956
Wednesday,Breakfast,Upma,Regular Day,1175,81,1094,863
Wednesday,Lunch,Fried Rice-Manchurian,Regular Day,1175,54,1121,1059
Wednesday,Dinner,Veg Fried Rice,Regular Day,1175,65,1110,973
Thursday,Breakfast,Puri-Bhaji,Holiday,1166,468,698,580
Thursday,Lunch,Egg Curry-Rice,Holiday,1166,468,698,656
Thursday,Dinner,Dal Rice,Holiday,1166,478,688,625
Friday,Breakfast,Cornflakes & Milk,Regular Day,1168,172,996,810
Friday,Lunch,Fried Rice-Manchurian,Regular Day,1168,106,1062,1002
Friday,Dinner,Chicken Biryani,Regular Day,1168,107,1061,960
Saturday,Breakfast,Vada-Sambar,Regular Day,1180,239,941,730
Saturday,Lunch,Fried Rice-Manchurian,Regular Day,1180,206,974,864
Saturday,Dinner,Veg Fried Rice,Regular Day,1180,239,941,826
Sunday,Breakfast,Masala Dosa,Regular Day,1172,264,908,726
Sunday,Lunch,Veg Pulao,Regular Day,1172,228,944,820
Sunday,Dinner,Egg Curry-Rice,Regular Day,1172,237,935,794
Monday,Breakfast,Puri-Bhaji,Regular Day,1170,78,1092,906
Monday,Lunch,Chapati-Dal-Sabzi,Regular Day,1170,42,1128,1026
Monday,Dinner,Veg Fried Rice,Regular Day,1170,36,1134,968
Tuesday,Breakfast,Puri-Bhaji,Sports Event,1173,141,1032,932
Tuesday,Lunch,Chicken Curry-Rice,Sports Event,1173,111,1062,1048
Tuesday,Dinner,Curd Rice,Sports Event,1173,115,1058,987
Wednesday,Breakfast,Bread Omelette,Regular Day,1176,81,1095,908
Wednesday,Lunch,Chapati-Dal-Sabzi,Regular Day,1176,55,1121,1047
Wednesday,Dinner,Egg Curry-Rice,Regular Day,1176,80,1096,967
Thursday,Breakfast,Vada-Sambar,Festival,1171,201,970,909
Thursday,Lunch,Egg Curry-Rice,Festival,1171,207,964,1019
Thursday,Dinner,Curd Rice,Festival,1171,171,1000,935
Friday,Breakfast,Puri-Bhaji,Regular Day,1166,123,1043,783
Friday,Lunch,Sambar Rice,Regular Day,1166,94,1072,1014
Friday,Dinner,Chapati-Mixed Veg,Regular Day,1166,102,1064,909
Saturday,Breakfast,Upma,Regular Day,1178,203,975,772
Saturday,Lunch,Chapati-Dal-Sabzi,Regular Day,1178,215,963,875
Saturday,Dinner,Veg Fried Rice,Regular Day,1178,189,989,837
Sunday,Breakfast,Bread Omelette,Regular Day,1174,286,888,671
Sunday,Lunch,Chicken Curry-Rice,Regular Day,1174,202,972,861
Sunday,Dinner,Chicken Biryani,Regular Day,1174,256,918,767
Monday,Breakfast,Masala Dosa,Sports Event,1171,141,1030,899
Monday,Lunch,Curd Rice,Sports Event,1171,86,1085,1065
Monday,Dinner,Chapati-Paneer Curry,Sports Event,1171,129,1042,990
Tuesday,Breakfast,Cornflakes & Milk,Regular Day,1176,48,1128,922
Tuesday,Lunch,Sambar Rice,Regular Day,1176,52,1124,1068
Tuesday,Dinner,Egg Curry-Rice,Regular Day,1176,48,1128,1027
Wednesday,Breakfast,Idli-Sambar,Regular Day,1172,44,1128,915
Wednesday,Lunch,Fried Rice-Manchurian,Regular Day,1172,61,1111,1089
Wednesday,Dinner,Khichdi,Regular Day,1172,70,1102,964
Thursday,Breakfast,Masala Dosa,Regular Day,1165,104,1061,879
Thursday,Lunch,Fried Rice-Manchurian,Regular Day,1165,55,1110,1070
Thursday,Dinner,Dal Rice,Regular Day,1165,90,1075,974
Friday,Breakfast,Aloo Paratha,Regular Day,1159,106,1053,893
Friday,Lunch,Veg Biryani,Regular Day,1159,84,1075,1025
Friday,Dinner,Curd Rice,Regular Day,1159,96,1063,886
Saturday,Breakfast,Aloo Paratha,Regular Day,1179,211,968,744
Saturday,Lunch,Egg Curry-Rice,Regular Day,1179,214,965,867
Saturday,Dinner,Khichdi,Regular Day,1179,241,938,763
Sunday,Breakfast,Masala Dosa,Holiday,1180,708,472,373
Sunday,Lunch,Chapati-Dal-Sabzi,Holiday,1180,661,519,465
Sunday,Dinner,Egg Curry-Rice,Holiday,1180,666,514,427
Monday,Breakfast,Masala Dosa,Festival,1178,202,976,926
Monday,Lunch,Chicken Curry-Rice,Festival,1178,177,1001,1032
Monday,Dinner,Chicken Biryani,Festival,1178,151,1027,1030
Tuesday,Breakfast,Upma,Regular Day,1174,62,1112,946
Tuesday,Lunch,Chapati-Dal-Sabzi,Regular Day,1174,74,1100,1030
Tuesday,Dinner,Chapati-Mixed Veg,Regular Day,1174,92,1082,938
Wednesday,Breakfast,Poha,Holiday,1173,492,681,569
Wednesday,Lunch,Egg Curry-Rice,Holiday,1173,477,696,651
Wednesday,Dinner,Chicken Biryani,Holiday,1173,473,700,634
Thursday,Breakfast,Poha,Regular Day,1162,63,1099,872
Thursday,Lunch,Sambar Rice,Regular Day,1162,60,1102,1035
Thursday,Dinner,Dal Rice,Regular Day,1162,72,1090,953
Friday,Breakfast,Puri-Bhaji,Regular Day,1187,106,1081,855
Friday,Lunch,Rajma Chawal,Regular Day,1187,122,1065,1002
Friday,Dinner,Chapati-Paneer Curry,Regular Day,1187,131,1056,954
Saturday,Breakfast,Puri-Bhaji,Regular Day,1177,237,940,723
Saturday,Lunch,Sambar Rice,Regular Day,1177,208,969,841
Saturday,Dinner,Egg Curry-Rice,Regular Day,1177,195,982,836
Sunday,Breakfast,Puri-Bhaji,Exam Period,1188,247,941,663
Sunday,Lunch,Sambar Rice,Exam Period,1188,200,988,810
Sunday,Dinner,Chapati-Mixed Veg,Exam Period,1188,227,961,732
Monday,Breakfast,Vada-Sambar,Regular Day,1174,74,1100,930
Monday,Lunch,Chapati-Dal-Sabzi,Regular Day,1174,71,1103,1026
Monday,Dinner,Chicken Biryani,Regular Day,1174,50,1124,987
Tuesday,Breakfast,Upma,Regular Day,1176,68,1108,850
Tuesday,Lunch,Egg Curry-Rice,Regular Day,1176,41,1135,1089
Tuesday,Dinner,Chicken Biryani,Regular Day,1176,90,1086,935
Wednesday,Breakfast,Uttapam,Holiday,1175,527,648,513
Wednesday,Lunch,Veg Pulao,Holiday,1175,504,671,617
Wednesday,Dinner,Chicken Biryani,Holiday,1175,498,677,601
Thursday,Breakfast,Cornflakes & Milk,Regular Day,1176,74,1102,887
Thursday,Lunch,Veg Pulao,Regular Day,1176,83,1093,1015
Thursday,Dinner,Dal Rice,Regular Day,1176,96,1080,905
Friday,Breakfast,Poha,Regular Day,1175,111,1064,830
Friday,Lunch,Veg Pulao,Regular Day,1175,80,1095,1011
Friday,Dinner,Veg Fried Rice,Regular Day,1175,88,1087,969
Saturday,Breakfast,Poha,Regular Day,1169,253,916,704
Saturday,Lunch,Fried Rice-Manchurian,Regular Day,1169,200,969,890
Saturday,Dinner,Veg Noodles,Regular Day,1169,221,948,819
Sunday,Breakfast,Aloo Paratha,Cultural Event,1169,364,805,635
Sunday,Lunch,Chapati-Dal-Sabzi,Cultural Event,1169,321,848,810
Sunday,Dinner,Curd Rice,Cultural Event,1169,269,900,742
Monday,Breakfast,Uttapam,Regular Day,1155,101,1054,864
Monday,Lunch,Veg Biryani,Regular Day,1155,68,1087,1026
Monday,Dinner,Dal Rice,Regular Day,1155,79,1076,960
Tuesday,Breakfast,Puri-Bhaji,Regular Day,1168,106,1062,874
Tuesday,Lunch,Egg Curry-Rice,Regular Day,1168,46,1122,1025
