food_id,dish_name,veg_nonveg,food_quantity,expiry_date,expiry_time,institution_latitude,institution_longitude,recipient_id,recipient_type,recipient_latitude,recipient_longitude,recipient_capacity,accepts_veg,accepts_nonveg,pickup_available,min_food_required,max_distance_km,distance_km,travel_time_min,match_success
F000001,Tomato Rice,Veg,84,2026-09-04,10:00,11.010739,76.885886,R038,NGO,11.057645,77.04603,100,1,1,1,0,15,22.36,64,0
F000002,Lemon Rice,Veg,99,2026-05-08,13:00,11.024082,76.981748,R025,FOOD_BANK,11.064094,76.948971,400,1,1,1,75,18,7.01,16,1
F000003,Chicken Curry & Rice,Non-Veg,66,2026-08-09,20:45,11.019931,77.01857,R106,NGO,11.012111,77.034302,75,1,0,1,0,15,2.16,9,0
F000004,Idli & Sambar,Veg,105,2026-03-29,13:00,11.014847,77.018815,R058,NGO,11.044285,76.99815,60,1,1,1,0,15,4.59,14,0
F000005,Idli & Sambar,Veg,70,2026-05-30,18:15,11.076864,76.976338,R048,NGO,11.057634,76.973017,250,1,1,1,0,15,2.43,16,1
F000006,Veg Noodles,Veg,112,2026-06-13,20:15,11.038515,77.035361,R119,NGO,11.046134,77.006426,250,1,1,1,0,15,3.95,14,0
F000007,Fish Curry & Rice,Non-Veg,52,2026-07-15,12:30,11.010484,76.997546,R103,NGO,11.013321,76.996693,60,1,0,1,0,15,0.5,8,0
F000008,Egg Biryani,Non-Veg,67,2026-06-07,12:15,11.033528,76.977257,R038,NGO,11.057645,77.04603,100,1,1,1,0,15,8.99,25,0
F000009,Paneer Rice,Veg,108,2026-03-01,20:15,10.939281,76.954544,R081,NGO,11.006904,76.896341,75,1,1,1,0,15,11.86,34,0
F000010,Curd Rice,Veg,113,2026-02-27,13:45,11.053896,77.023402,R098,NGO,11.05394,76.961166,80,1,1,1,0,15,8.04,20,0
F000011,Veg Fried Rice,Veg,78,2026-03-14,21:00,11.020654,77.047909,R048,NGO,11.057634,76.973017,250,1,1,0,0,15,10.71,30,0
F000012,Upma,Veg,33,2026-02-06,18:00,11.020654,77.047909,R023,FOOD_BANK,11.067518,77.033737,250,1,1,1,30,8,7.17,19,1
F000013,Chicken Noodles,Non-Veg,60,2026-03-01,14:45,10.989657,77.033427,R065,NGO,10.969044,76.961977,180,1,1,1,0,15,8.97,30,1
F000014,Curd Rice,Veg,31,2026-06-10,21:45,10.955,76.939241,R093,NGO,10.964782,76.951669,100,1,0,1,0,15,2.09,7,1
F000015,Veg Noodles,Veg,65,2026-03-04,20:30,11.056687,76.895452,R037,NGO,11.000097,76.871592,200,1,0,0,0,15,8.42,27,0
F000016,Lemon Rice,Veg,163,2026-06-13,20:30,10.955,76.939241,R059,NGO,10.946464,76.967626,60,1,1,1,0,15,3.89,18,0
F000017,Egg Fried Rice,Non-Veg,133,2026-02-07,20:00,11.010053,76.918261,R022,FOOD_BANK,11.008467,76.858868,180,1,1,1,30,12,8.42,21,1
F000018,Tomato Rice,Veg,43,2026-03-19,19:00,11.079609,76.965395,R086,NGO,11.003612,76.964368,100,1,0,0,0,15,10.04,28,0
F000019,Chapati & Kurma,Veg,112,2026-09-23,22:15,11.014847,77.018815,R097,NGO,10.914195,76.949189,100,1,1,1,0,15,17.55,46,0
F000020,Chicken Noodles,Non-Veg,40,2026-09-06,17:30,10.976233,76.931534,R105,NGO,10.980298,76.934381,180,1,1,1,0,15,0.68,10,1
F000021,Chicken Biryani,Non-Veg,95,2026-01-19,21:00,11.012293,76.884686,R113,NGO,10.999687,76.916433,150,1,0,1,0,15,4.78,20,0
F000022,Curd Rice,Veg,168,2026-08-08,20:45,10.932716,76.940667,R018,FOOD_BANK,11.033443,76.984609,300,1,0,1,20,6,15.19,37,0
F000023,Mixed Veg Meals,Veg,58,2026-06-08,12:45,11.028005,76.921622,R010,FOOD_BANK,11.013706,76.936718,500,1,1,1,30,10,2.87,11,1
F000024,Mixed Veg Meals,Veg,184,2026-05-09,21:45,10.979497,76.93907,R027,FOOD_BANK,10.99906,76.98453,100,1,0,1,30,6,6.52,24,0
F000025,Egg Fried Rice,Non-Veg,74,2026-08-03,19:30,11.058243,76.998573,R069,NGO,11.019827,77.006835,200,1,1,1,0,15,5.05,19,1
F000026,Tomato Rice,Veg,56,2026-02-05,17:45,11.009237,76.990411,R050,NGO,11.041148,77.014453,180,1,0,1,0,15,5.39,17,1
F000027,Veg Fried Rice,Veg,103,2026-08-13,17:00,10.984536,76.8803,R010,FOOD_BANK,11.013706,76.936718,500,1,1,1,30,10,8.32,23,1
F000028,Chapati & Kurma,Veg,88,2026-02-22,21:15,11.076864,76.976338,R005,FOOD_BANK,11.070808,77.000467,400,1,1,1,30,6,3.55,13,1
F000029,Curd Rice,Veg,147,2026-08-08,20:30,10.955,76.939241,R075,NGO,10.946154,76.960857,120,1,0,1,0,15,3.17,10,0
F000030,Chicken Curry & Rice,Non-Veg,73,2026-06-22,19:45,11.024082,76.981748,R058,NGO,11.044285,76.99815,60,1,1,0,0,15,3.35,14,0
F000031,Veg Fried Rice,Veg,155,2026-06-02,19:30,10.984536,76.8803,R003,FOOD_BANK,11.036567,76.920159,300,1,1,1,40,8,8.48,29,0
F000032,Vegetable Biryani,Veg,100,2026-03-16,22:00,11.053896,77.023402,R062,NGO,11.097908,76.991822,80,1,0,0,0,15,7.54,26,0
F000033,Dal Rice,Veg,65,2026-02-16,21:15,10.961692,76.988005,R034,FOOD_BANK,10.933246,76.91673,300,1,1,1,75,8,10.81,30,0
F000034,Curd Rice,Veg,89,2026-08-28,20:15,11.053896,77.023402,R028,FOOD_BANK,11.08297,76.957199,500,1,1,1,30,12,8.72,24,1
F000035,Chapati & Kurma,Veg,122,2026-02-28,18:15,10.989657,77.033427,R013,FOOD_BANK,10.997835,76.963916,350,1,1,1,30,8,8.58,34,0
F000036,Pongal,Veg,116,2026-07-26,22:15,11.079609,76.965395,R104,NGO,11.122467,76.92657,80,1,1,1,0,15,8.31,22,0
F000037,Upma,Veg,65,2026-09-23,21:15,11.020654,77.047909,R101,NGO,11.05457,77.05428,150,1,1,1,0,15,4.84,21,1
F000038,Veg Noodles,Veg,50,2026-07-18,12:15,11.03264,76.921297,R006,FOOD_BANK,11.071337,76.997418,180,1,1,1,40,15,11.36,38,1
F000039,Lemon Rice,Veg,26,2026-07-13,18:15,11.028005,76.921622,R042,NGO,10.996123,76.965899,75,1,1,1,0,15,6.79,17,1
F000040,Chicken Biryani,Non-Veg,68,2026-09-04,22:00,11.010484,76.997546,R067,NGO,11.041648,77.017067,180,1,1,1,0,15,5.0,15,1
F000041,Egg Fried Rice,Non-Veg,119,2026-05-22,14:00,11.02334,76.906764,R012,FOOD_BANK,10.991543,76.851715,300,1,1,1,20,8,7.75,21,1
F000042,Fish Curry & Rice,Non-Veg,53,2026-04-18,20:45,11.012293,76.884686,R092,NGO,11.044914,76.905894,50,1,0,1,0,15,5.5,20,0
F000043,Chapati & Kurma,Veg,57,2026-01-01,19:30,10.989657,77.033427,R077,NGO,11.021303,77.050329,150,1,0,1,0,15,4.45,17,1
F000044,Chapati & Kurma,Veg,73,2026-07-12,19:00,11.038515,77.035361,R041,NGO,11.020484,77.068669,120,1,1,1,0,15,4.89,16,1
F000045,Egg Curry & Rice,Non-Veg,57,2026-03-03,21:45,11.03264,76.921297,R085,NGO,11.08813,76.948347,50,1,1,0,0,15,7.99,21,0
F000046,Egg Curry & Rice,Non-Veg,136,2026-08-21,22:45,11.023729,76.992516,R060,NGO,11.075079,76.981996,40,1,0,1,0,15,6.46,21,0
F000047,Sambar Rice,Veg,98,2026-01-24,19:45,10.979497,76.93907,R093,NGO,10.964782,76.951669,100,1,0,0,0,15,2.82,11,0
F000048,Egg Biryani,Non-Veg,82,2026-01-16,23:00,11.033528,76.977257,R028,FOOD_BANK,11.08297,76.957199,500,1,1,1,30,12,7.31,26,1
F000049,Lemon Rice,Veg,154,2026-07-17,17:00,11.012293,76.884686,R112,NGO,11.005344,76.861947,50,1,1,0,0,15,3.33,15,0
F000050,Egg Fried Rice,Non-Veg,85,2026-01-06,12:15,11.004965,76.92703,R009,FOOD_BANK,11.035475,77.018124,200,1,1,1,75,15,13.79,44,0
F000051,Lemon Rice,Veg,66,2026-02-04,20:30,11.058243,76.998573,R060,NGO,11.075079,76.981996,40,1,0,1,0,15,3.18,16,0
F000052,Egg Curry & Rice,Non-Veg,73,2026-08-24,13:00,11.038515,77.035361,R103,NGO,11.013321,76.996693,60,1,0,1,0,15,6.65,21,0
F000053,Chicken Curry & Rice,Non-Veg,40,2026-07-29,21:00,11.009237,76.990411,R050,NGO,11.041148,77.014453,180,1,0,0,0,15,5.39,14,0
F000054,Mixed Veg Meals,Veg,121,2026-09-22,12:30,11.009674,76.987054,R048,NGO,11.057634,76.973017,250,1,1,1,0,15,6.63,23,1
F000055,Tomato Rice,Veg,81,2026-03-29,14:15,11.020654,77.047909,R075,NGO,10.946154,76.960857,120,1,0,1,0,15,16.55,57,0
F000056,Lemon Rice,Veg,96,2026-05-27,23:45,10.973793,76.954491,R105,NGO,10.980298,76.934381,180,1,1,1,0,15,2.63,13,1
F000057,Chapati & Kurma,Veg,81,2026-06-24,23:15,11.009237,76.990411,R073,NGO,11.055782,76.867067,180,1,1,1,0,15,17.67,42,0
F000058,Sambar Rice,Veg,89,2026-02-03,17:15,11.03264,76.921297,R099,NGO,10.897905,76.956454,50,1,1,1,0,15,19.81,58,0
F000059,Egg Curry & Rice,Non-Veg,73,2026-09-12,13:15,11.053896,77.023402,R012,FOOD_BANK,10.991543,76.851715,300,1,1,1,20,8,24.28,57,0
F000060,Chapati & Kurma,Veg,91,2026-01-24,21:30,11.006786,77.010739,R055,NGO,10.989074,76.971947,150,1,1,1,0,15,5.35,20,1
F000061,Tomato Rice,Veg,78,2026-09-07,21:30,11.032916,76.872503,R110,NGO,11.051228,76.872849,50,1,1,1,0,15,2.54,9,0
F000062,Vegetable Biryani,Veg,61,2026-03-29,23:00,10.993725,76.957415,R047,NGO,10.948704,77.00128,200,1,0,1,0,15,7.74,20,1
F000063,Upma,Veg,64,2026-03-09,21:00,10.955,76.939241,R035,FOOD_BANK,11.005659,76.957081,500,1,0,1,25,6,7.56,19,0
F000064,Sambar Rice,Veg,101,2026-04-10,13:45,11.028005,76.921622,R054,NGO,10.992456,76.917474,200,1,0,1,0,15,4.91,14,1
F000065,Vegetable Biryani,Veg,112,2026-05-12,20:00,11.02334,76.906764,R023,FOOD_BANK,11.067518,77.033737,250,1,1,1,30,8,17.22,38,0
F000066,Veg Noodles,Veg,61,2026-04-05,14:15,11.020654,77.047909,R011,FOOD_BANK,11.031302,77.041945,350,1,1,1,60,6,1.68,12,1
F000067,Egg Biryani,Non-Veg,111,2026-05-25,20:00,11.010053,76.918261,R107,NGO,10.973743,76.935486,80,1,1,1,0,15,5.7,21,0
F000068,Chicken Curry & Rice,Non-Veg,96,2026-06-11,17:15,11.07664,76.919621,R048,NGO,11.057634,76.973017,250,1,1,1,0,15,7.37,23,1
F000069,Fish Curry & Rice,Non-Veg,98,2026-04-11,20:00,11.02334,76.906764,R029,FOOD_BANK,11.006256,76.917282,200,1,0,1,60,15,2.79,13,0
F000070,Curd Rice,Veg,55,2026-08-13,18:15,10.979497,76.93907,R018,FOOD_BANK,11.033443,76.984609,300,1,0,1,20,6,9.87,27,0
F000071,Fish Curry & Rice,Non-Veg,69,2026-08-24,22:00,10.966962,76.944406,R070,NGO,11.00895,76.982832,100,1,1,0,0,15,8.22,20,0
F000072,Chicken Biryani,Non-Veg,63,2026-05-16,23:30,11.07664,76.919621,R037,NGO,11.000097,76.871592,200,1,0,1,0,15,12.2,42,0
F000073,Chicken Curry & Rice,Non-Veg,41,2026-05-11,21:15,11.053896,77.023402,R006,FOOD_BANK,11.071337,76.997418,180,1,1,1,40,15,4.51,18,1
F000074,Tamarind Rice,Veg,78,2026-02-13,21:15,10.932716,76.940667,R024,FOOD_BANK,10.995209,76.955337,100,1,1,1,50,12,8.76,24,1
F000075,Lemon Rice,Veg,81,2026-09-06,19:15,10.99924,76.975315,R103,NGO,11.013321,76.996693,60,1,0,1,0,15,3.53,12,0
F000076,Paneer Rice,Veg,112,2026-04-13,20:00,11.038515,77.035361,R106,NGO,11.012111,77.034302,75,1,0,1,0,15,3.48,15,0
F000077,Vegetable Biryani,Veg,136,2026-05-07,23:30,10.984536,76.8803,R010,FOOD_BANK,11.013706,76.936718,500,1,1,1,30,10,8.32,27,1
F000078,Upma,Veg,70,2026-05-16,20:45,11.020654,77.047909,R119,NGO,11.046134,77.006426,250,1,1,1,0,15,6.58,19,1
F000079,Mixed Veg Meals,Veg,179,2026-04-28,22:45,10.979497,76.93907,R057,NGO,11.013714,76.896117,60,1,1,1,0,15,7.14,22,0
F000080,Dal Rice,Veg,137,2026-06-23,22:00,11.012293,76.884686,R037,NGO,11.000097,76.871592,200,1,0,1,0,15,2.51,9,1
F000081,Egg Curry & Rice,Non-Veg,117,2026-03-20,21:30,10.984536,76.8803,R068,NGO,11.033,76.841178,180,1,0,1,0,15,8.8,21,0
F000082,Vegetable Biryani,Veg,76,2026-01-15,20:45,11.033528,76.977257,R035,FOOD_BANK,11.005659,76.957081,500,1,0,1,25,6,4.73,15,1
F000083,Lemon Rice,Veg,143,2026-03-02,17:00,11.024082,76.981748,R058,NGO,11.044285,76.99815,60,1,1,1,0,15,3.35,15,0
F000084,Chicken Noodles,Non-Veg,50,2026-07-28,20:00,11.031674,76.940688,R047,NGO,10.948704,77.00128,200,1,0,1,0,15,14.17,33,0
F000085,Sambar Rice,Veg,163,2026-06-08,20:45,11.023729,76.992516,R048,NGO,11.057634,76.973017,250,1,1,1,0,15,4.93,13,1
F000086,Egg Fried Rice,Non-Veg,113,2026-08-15,19:45,10.984536,76.8803,R010,FOOD_BANK,11.013706,76.936718,500,1,1,1,30,10,8.32,25,1
F000087,Egg Fried Rice,Non-Veg,118,2026-03-08,12:30,11.006786,77.010739,R055,NGO,10.989074,76.971947,150,1,1,1,0,15,5.35,18,1
F000088,Upma,Veg,59,2026-03-13,17:30,11.020654,77.047909,R117,NGO,10.970674,77.017528,80,1,1,1,0,15,7.89,22,1
F000089,Chicken Noodles,Non-Veg,65,2026-04-02,22:15,10.932716,76.940667,R117,NGO,10.970674,77.017528,80,1,1,1,0,15,11.07,35,1
F000090,Paneer Rice,Veg,58,2026-09-23,18:30,11.076864,76.976338,R118,NGO,11.078871,76.965426,200,1,0,1,0,15,1.55,5,0
F000091,Fish Curry & Rice,Non-Veg,60,2026-09-04,22:30,11.010484,76.997546,R083,NGO,11.048239,76.905998,120,1,1,1,0,15,13.48,35,1
F000092,Veg Noodles,Veg,132,2026-02-20,21:15,11.020654,77.047909,R038,NGO,11.057645,77.04603,100,1,1,0,0,15,4.77,16,0
F000093,Chicken Fried Rice,Non-Veg,74,2026-03-13,13:15,11.033528,76.977257,R111,NGO,11.047062,76.964365,200,1,1,1,0,15,2.67,9,1
F000094,Chicken Fried Rice,Non-Veg,100,2026-05-04,18:15,11.023729,76.992516,R044,NGO,10.991885,76.990569,60,1,0,1,0,15,4.53,16,0
F000095,Chicken Fried Rice,Non-Veg,132,2026-03-05,19:45,11.024082,76.981748,R042,NGO,10.996123,76.965899,75,1,1,1,0,15,4.33,19,0
F000096,Lemon Rice,Veg,116,2026-09-11,18:30,11.07664,76.919621,R006,FOOD_BANK,11.071337,76.997418,180,1,1,1,40,15,10.29,29,1
F000097,Paneer Rice,Veg,28,2026-01-07,21:00,11.058243,76.998573,R048,NGO,11.057634,76.973017,250,1,1,1,0,15,3.68,13,1
F000098,Veg Noodles,Veg,149,2026-03-22,20:30,11.038515,77.035361,R069,NGO,11.019827,77.006835,200,1,1,1,0,15,4.47,16,1
F000099,Veg Noodles,Veg,83,2026-05-05,13:30,11.053896,77.023402,R015,FOOD_BANK,10.998013,77.032486,120,1,1,1,75,18,7.18,22,1
F000100,Dal Rice,Veg,153,2026-05-31,20:00,10.99924,76.975315,R093,NGO,10.964782,76.951669,100,1,0,1,0,15,6.08,18,0
F000101,Lemon Rice,Veg,125,2026-01-16,20:30,10.983486,76.946385,R115,NGO,11.024606,76.91699,200,1,1,1,0,15,6.89,23,0
F000102,Chapati & Kurma,Veg,74,2026-09-09,18:15,10.976233,76.931534,R071,NGO,11.01227,76.928148,60,1,1,0,0,15,4.96,15,0
F000103,Tamarind Rice,Veg,77,2026-04-09,12:30,11.031674,76.940688,R100,NGO,11.03497,76.938284,75,1,1,1,0,15,0.52,3,0
F000104,Fish Curry & Rice,Non-Veg,106,2026-04-05,19:30,11.010484,76.997546,R103,NGO,11.013321,76.996693,60,1,0,1,0,15,0.5,5,0
F000105,Veg Fried Rice,Veg,122,2026-01-06,23:30,11.020654,77.047909,R106,NGO,11.012111,77.034302,75,1,0,1,0,15,2.3,9,0
F000106,Idli & Sambar,Veg,74,2026-01-05,20:30,11.006786,77.010739,R015,FOOD_BANK,10.998013,77.032486,120,1,1,1,75,18,3.15,15,0
F000107,Lemon Rice,Veg,86,2026-05-10,20:15,10.939281,76.954544,R102,NGO,11.026939,76.970836,75,1,0,0,0,15,11.37,33,0
F000108,Mixed Veg Meals,Veg,89,2026-03-06,19:15,10.932716,76.940667,R055,NGO,10.989074,76.971947,150,1,1,1,0,15,8.95,26,1
F000109,Lemon Rice,Veg,56,2026-01-04,17:15,11.020654,77.047909,R053,NGO,11.001509,77.017312,250,1,1,1,0,15,4.64,14,1
F000110,Lemon Rice,Veg,159,2026-03-17,19:45,11.009674,76.987054,R064,NGO,11.019483,77.032452,60,1,1,0,0,15,6.56,18,0
F000111,Sambar Rice,Veg,51,2026-01-16,22:45,11.009237,76.990411,R015,FOOD_BANK,10.998013,77.032486,120,1,1,1,75,18,6.15,23,0
F000112,Sambar Rice,Veg,151,2026-09-12,21:00,10.99924,76.975315,R029,FOOD_BANK,11.006256,76.917282,200,1,0,1,60,15,7.82,24,1
F000113,Idli & Sambar,Veg,110,2026-02-07,21:00,10.955,76.939241,R013,FOOD_BANK,10.997835,76.963916,350,1,1,1,30,8,6.97,17,1
F000114,Chicken Fried Rice,Non-Veg,107,2026-04-10,14:45,11.032916,76.872503,R101,NGO,11.05457,77.05428,150,1,1,1,0,15,26.03,81,0
F000115,Tamarind Rice,Veg,74,2026-04-17,19:15,10.966962,76.944406,R042,NGO,10.996123,76.965899,75,1,1,0,0,15,4.95,13,0
F000116,Dal Rice,Veg,135,2026-07-28,22:00,10.932716,76.940667,R051,NGO,10.961994,76.921525,120,1,1,1,0,15,4.6,18,0
F000117,Vegetable Biryani,Veg,107,2026-01-09,19:15,10.989657,77.033427,R112,NGO,11.005344,76.861947,50,1,1,0,0,15,20.69,56,0
F000118,Paneer Rice,Veg,93,2026-03-10,14:00,11.03264,76.921297,R105,NGO,10.980298,76.934381,180,1,1,1,0,15,7.57,20,1
F000119,Egg Fried Rice,Non-Veg,68,2026-05-20,20:30,10.966962,76.944406,R019,FOOD_BANK,10.978431,76.99707,150,1,1,1,25,12,7.77,22,1
F000120,Veg Noodles,Veg,90,2026-04-21,17:00,11.07664,76.919621,R048,NGO,11.057634,76.973017,250,1,1,1,0,15,7.37,23,1
F000121,Curd Rice,Veg,163,2026-08-24,12:45,11.019931,77.01857,R079,NGO,10.979008,76.977548,250,1,1,1,0,15,7.51,22,1
F000122,Dal Rice,Veg,202,2026-01-06,13:45,11.039384,76.920741,R071,NGO,11.01227,76.928148,60,1,1,1,0,15,3.96,15,0
F000123,Idli & Sambar,Veg,76,2026-01-04,18:00,11.02334,76.906764,R042,NGO,10.996123,76.965899,75,1,1,0,0,15,8.07,27,0
F000124,Sambar Rice,Veg,108,2026-04-24,20:00,11.07664,76.919621,R095,NGO,11.085787,76.952733,150,1,1,1,0,15,4.64,15,1
F000125,Lemon Rice,Veg,114,2026-02-27,21:15,10.973793,76.954491,R051,NGO,10.961994,76.921525,120,1,1,1,0,15,4.88,15,1
F000126,Upma,Veg,104,2026-08-09,18:45,10.976233,76.931534,R051,NGO,10.961994,76.921525,120,1,1,1,0,15,2.51,7,0
F000127,Veg Noodles,Veg,79,2026-01-14,11:45,10.983486,76.946385,R070,NGO,11.00895,76.982832,100,1,1,0,0,15,6.29,19,0
F000128,Curd Rice,Veg,84,2026-03-09,19:15,10.984536,76.8803,R078,NGO,10.960637,76.974029,100,1,1,1,0,15,11.84,36,1
F000129,Chicken Noodles,Non-Veg,106,2026-06-19,10:45,10.99924,76.975315,R120,NGO,11.045705,76.933449,200,1,0,1,0,15,7.74,26,0
F000130,Vegetable Biryani,Veg,121,2026-07-13,19:30,11.010739,76.885886,R116,NGO,11.012179,76.851992,150,1,0,1,0,15,4.18,13,1
F000131,Chicken Biryani,Non-Veg,153,2026-07-02,14:00,11.024082,76.981748,R063,NGO,11.00096,76.956294,200,1,0,1,0,15,4.49,18,0
F000132,Dal Rice,Veg,126,2026-09-21,14:30,11.009674,76.987054,R013,FOOD_BANK,10.997835,76.963916,350,1,1,1,30,8,3.56,13,1
F000133,Tamarind Rice,Veg,53,2026-03-15,20:00,10.993725,76.957415,R086,NGO,11.003612,76.964368,100,1,0,1,0,15,1.69,11,1
F000134,Lemon Rice,Veg,113,2026-02-08,20:30,11.039384,76.920741,R114,NGO,10.998157,77.025944,75,1,0,1,0,15,14.93,44,0
F000135,Paneer Rice,Veg,142,2026-05-26,22:00,10.955,76.939241,R014,FOOD_BANK,10.969875,76.928412,350,1,1,1,40,15,2.42,11,1
F000136,Tomato Rice,Veg,52,2026-05-20,18:00,11.053896,77.023402,R015,FOOD_BANK,10.998013,77.032486,120,1,1,1,75,18,7.18,19,0
F000137,Pongal,Veg,89,2026-03-22,14:30,11.006786,77.010739,R119,NGO,11.046134,77.006426,250,1,1,0,0,15,5.31,14,0
F000138,Pongal,Veg,212,2026-02-09,19:30,11.039384,76.920741,R056,NGO,11.046451,76.888718,120,1,1,1,0,15,4.12,15,0
F000139,Veg Fried Rice,Veg,99,2026-01-22,13:00,11.038515,77.035361,R111,NGO,11.047062,76.964365,200,1,1,1,0,15,9.11,20,1
F000140,Curd Rice,Veg,134,2026-06-13,20:15,11.009674,76.987054,R010,FOOD_BANK,11.013706,76.936718,500,1,1,1,30,10,6.54,19,0
F000141,Tamarind Rice,Veg,179,2026-01-30,20:00,10.979497,76.93907,R028,FOOD_BANK,11.08297,76.957199,500,1,1,1,30,12,13.84,33,0
F000142,Chapati & Kurma,Veg,110,2026-05-01,19:30,11.039384,76.920741,R046,NGO,11.03532,76.96968,50,1,0,1,0,15,7.03,18,0
F000143,Tomato Rice,Veg,92,2026-05-20,13:15,11.006786,77.010739,R043,NGO,11.032353,76.968259,120,1,1,1,0,15,6.75,23,1
F000144,Upma,Veg,73,2026-08-14,18:45,11.03264,76.921297,R048,NGO,11.057634,76.973017,250,1,1,0,0,15,7.57,23,0
F000145,Dal Rice,Veg,124,2026-03-17,11:00,10.983486,76.946385,R015,FOOD_BANK,10.998013,77.032486,120,1,1,1,75,18,11.65,40,0
F000146,Lemon Rice,Veg,64,2026-09-04,17:15,11.012293,76.884686,R087,NGO,11.045743,76.907648,75,1,0,1,0,15,5.38,17,1
F000147,Dal Rice,Veg,77,2026-01-20,20:45,11.053896,77.023402,R024,FOOD_BANK,10.995209,76.955337,100,1,1,1,50,12,12.47,28,0
F000148,Vegetable Biryani,Veg,185,2026-06-13,23:45,11.02334,76.906764,R107,NGO,10.973743,76.935486,80,1,1,1,0,15,7.7,30,0
F000149,Tomato Rice,Veg,150,2026-04-08,21:00,10.99924,76.975315,R038,NGO,11.057645,77.04603,100,1,1,1,0,15,12.68,44,0
F000150,Curd Rice,Veg,137,2026-08-20,17:15,11.009237,76.990411,R048,NGO,11.057634,76.973017,250,1,1,1,0,15,7.41,18,1
F000151,Veg Fried Rice,Veg,138,2026-02-25,22:45,10.993725,76.957415,R102,NGO,11.026939,76.970836,75,1,0,1,0,15,4.51,16,0
F000152,Fish Curry & Rice,Non-Veg,92,2026-05-13,20:30,11.07664,76.919621,R100,NGO,11.03497,76.938284,75,1,1,1,0,15,6.38,16,0
F000153,Chicken Fried Rice,Non-Veg,36,2026-07-20,21:45,10.99924,76.975315,R009,FOOD_BANK,11.035475,77.018124,200,1,1,1,75,15,7.59,20,0
F000154,Vegetable Biryani,Veg,103,2026-03-27,12:00,11.07664,76.919621,R104,NGO,11.122467,76.92657,80,1,1,1,0,15,5.73,17,0
F000155,Chicken Curry & Rice,Non-Veg,93,2026-02-14,22:30,10.976233,76.931534,R057,NGO,11.013714,76.896117,60,1,1,1,0,15,6.58,19,0
F000156,Chicken Curry & Rice,Non-Veg,43,2026-01-28,10:30,11.056687,76.895452,R037,NGO,11.000097,76.871592,200,1,0,1,0,15,8.42,22,0
F000157,Upma,Veg,95,2026-02-09,21:30,11.010739,76.885886,R021,FOOD_BANK,11.026716,76.853024,200,1,1,1,25,15,4.97,18,1
F000158,Egg Biryani,Non-Veg,125,2026-03-25,18:00,11.019931,77.01857,R047,NGO,10.948704,77.00128,200,1,0,1,0,15,10.21,29,0
F000159,Chicken Noodles,Non-Veg,108,2026-03-26,14:00,11.076864,76.976338,R060,NGO,11.075079,76.981996,40,1,0,1,0,15,0.75,6,0
F000160,Lemon Rice,Veg,144,2026-07-30,19:45,11.032916,76.872503,R040,NGO,11.077527,76.976975,60,1,1,1,0,15,14.72,35,0
F000161,Veg Noodles,Veg,146,2026-01-28,20:45,10.939281,76.954544,R024,FOOD_BANK,10.995209,76.955337,100,1,1,1,50,12,8.13,18,0
F000162,Curd Rice,Veg,76,2026-06-04,14:15,11.032916,76.872503,R022,FOOD_BANK,11.008467,76.858868,180,1,1,1,30,12,3.99,17,1
F000163,Egg Fried Rice,Non-Veg,138,2026-02-20,12:45,10.966962,76.944406,R075,NGO,10.946154,76.960857,120,1,0,1,0,15,3.52,14,0
F000164,Upma,Veg,62,2026-09-03,17:15,10.961692,76.988005,R117,NGO,10.970674,77.017528,80,1,1,1,0,15,4.34,11,1
F000165,Mixed Veg Meals,Veg,32,2026-06-21,21:30,11.032916,76.872503,R120,NGO,11.045705,76.933449,200,1,0,0,0,15,8.23,29,0
F000166,Upma,Veg,113,2026-07-16,21:45,11.056687,76.895452,R076,NGO,11.005115,76.870368,50,1,0,1,0,15,7.58,21,0
F000167,Mixed Veg Meals,Veg,168,2026-04-20,11:30,11.009674,76.987054,R069,NGO,11.019827,77.006835,200,1,1,1,0,15,3.05,15,1
F000168,Chapati & Kurma,Veg,54,2026-03-19,17:15,11.031674,76.940688,R113,NGO,10.999687,76.916433,150,1,0,1,0,15,5.5,20,1
F000169,Paneer Rice,Veg,105,2026-09-23,19:00,11.006786,77.010739,R047,NGO,10.948704,77.00128,200,1,0,1,0,15,8.1,19,1
F000170,Sambar Rice,Veg,71,2026-07-27,14:15,11.076864,76.976338,R062,NGO,11.097908,76.991822,80,1,0,1,0,15,3.4,14,1
F000171,Mixed Veg Meals,Veg,62,2026-06-25,19:00,10.939281,76.954544,R054,NGO,10.992456,76.917474,200,1,0,1,0,15,8.71,22,1
F000172,Idli & Sambar,Veg,89,2026-09-02,11:15,11.020654,77.047909,R036,FOOD_BANK,11.039233,77.037241,180,1,1,1,20,6,2.95,13,1
F000173,Idli & Sambar,Veg,193,2026-08-13,22:30,11.004965,76.92703,R098,NGO,11.05394,76.961166,80,1,1,1,0,15,7.5,21,0
F000174,Tamarind Rice,Veg,27,2026-09-22,12:30,11.031674,76.940688,R028,FOOD_BANK,11.08297,76.957199,500,1,1,1,30,12,7.6,26,0
F000175,Vegetable Biryani,Veg,103,2026-03-14,19:00,10.939281,76.954544,R065,NGO,10.969044,76.961977,180,1,1,1,0,15,4.2,16,1
F000176,Curd Rice,Veg,76,2026-03-01,18:45,11.014847,77.018815,R023,FOOD_BANK,11.067518,77.033737,250,1,1,1,30,8,6.8,25,1
F000177,Chapati & Kurma,Veg,81,2026-01-31,21:00,11.039384,76.920741,R060,NGO,11.075079,76.981996,40,1,0,0,0,15,8.57,29,0
F000178,Vegetable Biryani,Veg,204,2026-02-09,13:45,10.976233,76.931534,R052,NGO,10.949148,76.902044,40,1,0,1,0,15,4.98,15,0
F000179,Chapati & Kurma,Veg,38,2026-08-30,19:00,11.038515,77.035361,R088,NGO,10.975209,77.051916,40,1,0,1,0,15,9.47,27,1
F000180,Tamarind Rice,Veg,189,2026-03-31,19:45,10.983486,76.946385,R107,NGO,10.973743,76.935486,80,1,1,1,0,15,1.96,10,0
F000181,Mixed Veg Meals,Veg,151,2026-01-28,14:00,11.039384,76.920741,R074,NGO,11.052052,76.880485,250,1,1,0,0,15,5.61,20,0
F000182,Pongal,Veg,106,2026-07-08,19:45,11.004965,76.92703,R010,FOOD_BANK,11.013706,76.936718,500,1,1,1,30,10,1.83,7,1
F000183,Idli & Sambar,Veg,137,2026-02-06,19:15,11.033528,76.977257,R050,NGO,11.041148,77.014453,180,1,0,1,0,15,5.38,14,1
F000184,Sambar Rice,Veg,139,2026-02-12,21:15,11.058243,76.998573,R075,NGO,10.946154,76.960857,120,1,0,0,0,15,16.69,40,0
F000185,Sambar Rice,Veg,93,2026-07-22,20:15,10.961692,76.988005,R108,NGO,11.08074,76.950706,40,1,0,0,0,15,16.56,50,0
F000186,Chicken Biryani,Non-Veg,113,2026-01-19,22:15,11.009237,76.990411,R079,NGO,10.979008,76.977548,250,1,1,1,0,15,4.21,11,1
F000187,Chicken Biryani,Non-Veg,45,2026-09-16,20:45,10.983486,76.946385,R010,FOOD_BANK,11.013706,76.936718,500,1,1,1,30,10,4.25,14,1
F000188,Idli & Sambar,Veg,97,2026-08-05,19:45,11.010053,76.918261,R043,NGO,11.032353,76.968259,120,1,1,1,0,15,7.72,18,1
F000189,Veg Fried Rice,Veg,97,2026-03-19,19:30,11.020654,77.047909,R114,NGO,10.998157,77.025944,75,1,0,1,0,15,4.19,13,0
F000190,Pongal,Veg,103,2026-07-27,13:30,11.02334,76.906764,R087,NGO,11.045743,76.907648,75,1,0,1,0,15,2.93,14,0
F000191,Upma,Veg,52,2026-06-13,20:45,11.038515,77.035361,R069,NGO,11.019827,77.006835,200,1,1,1,0,15,4.47,22,0
F000192,Mixed Veg Meals,Veg,112,2026-05-21,17:30,11.056687,76.895452,R101,NGO,11.05457,77.05428,150,1,1,1,0,15,19.83,47,0
F000193,Paneer Rice,Veg,71,2026-02-08,20:15,11.010053,76.918261,R061,NGO,10.996054,76.864653,40,1,1,1,0,15,7.88,31,0
F000194,Vegetable Biryani,Veg,38,2026-03-31,12:15,10.966962,76.944406,R035,FOOD_BANK,11.005659,76.957081,500,1,0,1,25,6,5.48,16,1
F000195,Chapati & Kurma,Veg,57,2026-02-06,23:00,11.023729,76.992516,R089,NGO,11.032373,77.019287,40,1,1,0,0,15,3.62,11,0
F000196,Chicken Curry & Rice,Non-Veg,123,2026-09-09,20:15,10.983486,76.946385,R063,NGO,11.00096,76.956294,200,1,0,1,0,15,2.85,11,0
F000197,Mixed Veg Meals,Veg,95,2026-01-28,23:00,11.019931,77.01857,R102,NGO,11.026939,76.970836,75,1,0,0,0,15,6.94,19,0
F000198,Pongal,Veg,113,2026-06-17,17:00,11.004965,76.92703,R105,NGO,10.980298,76.934381,180,1,1,1,0,15,3.37,15,1
F000199,Egg Biryani,Non-Veg,102,2026-01-21,23:00,10.984536,76.8803,R035,FOOD_BANK,11.005659,76.957081,500,1,0,1,25,6,10.3,25,0
F000200,Sambar Rice,Veg,223,2026-04-23,20:30,10.984536,76.8803,R077,NGO,11.021303,77.050329,150,1,0,0,0,15,23.64,66,0
F000201,Veg Noodles,Veg,55,2026-06-11,20:15,11.014847,77.018815,R077,NGO,11.021303,77.050329,150,1,0,1,0,15,4.53,21,1
F000202,Dal Rice,Veg,45,2026-05-12,20:00,11.020654,77.047909,R113,NGO,10.999687,76.916433,150,1,0,1,0,15,16.85,58,0
F000203,Chicken Noodles,Non-Veg,26,2026-03-02,21:30,10.939281,76.954544,R035,FOOD_BANK,11.005659,76.957081,500,1,0,1,25,6,9.55,28,0
F000204,Tamarind Rice,Veg,165,2026-06-02,19:00,10.983486,76.946385,R034,FOOD_BANK,10.933246,76.91673,300,1,1,1,75,8,7.31,28,1
F000205,Paneer Rice,Veg,88,2026-07-12,18:00,10.99924,76.975315,R027,FOOD_BANK,10.99906,76.98453,100,1,0,1,30,6,1.27,10,1
F000206,Upma,Veg,97,2026-03-26,22:15,10.99924,76.975315,R081,NGO,11.006904,76.896341,75,1,1,0,0,15,9.55,26,0
F000207,Tamarind Rice,Veg,134,2026-07-06,19:00,11.039384,76.920741,R079,NGO,10.979008,76.977548,250,1,1,1,0,15,11.68,26,1
F000208,Egg Fried Rice,Non-Veg,49,2026-02-10,20:15,10.961692,76.988005,R014,FOOD_BANK,10.969875,76.928412,350,1,1,1,40,15,8.5,23,1
F000209,Idli & Sambar,Veg,154,2026-06-13,21:30,11.010053,76.918261,R051,NGO,10.961994,76.921525,120,1,1,1,0,15,6.02,19,0
F000210,Chicken Noodles,Non-Veg,107,2026-08-23,21:00,10.939281,76.954544,R117,NGO,10.970674,77.017528,80,1,1,1,0,15,8.95,25,0
F000211,Sambar Rice,Veg,188,2026-06-02,22:45,10.966962,76.944406,R024,FOOD_BANK,10.995209,76.955337,100,1,1,1,50,12,4.06,16,0
F000212,Chicken Biryani,Non-Veg,81,2026-04-30,18:15,10.983486,76.946385,R079,NGO,10.979008,76.977548,250,1,1,0,0,15,4.42,19,0
F000213,Mixed Veg Meals,Veg,126,2026-04-20,22:15,11.024082,76.981748,R067,NGO,11.041648,77.017067,180,1,1,1,0,15,4.95,18,1
F000214,Tamarind Rice,Veg,73,2026-03-06,18:15,10.979497,76.93907,R019,FOOD_BANK,10.978431,76.99707,150,1,1,1,25,12,7.7,19,1
F000215,Tomato Rice,Veg,103,2026-01-31,22:45,10.993725,76.957415,R078,NGO,10.960637,76.974029,100,1,1,1,0,15,5.19,15,0
F000216,Tomato Rice,Veg,131,2026-03-26,22:15,10.973793,76.954491,R119,NGO,11.046134,77.006426,250,1,1,1,0,15,11.64,47,1
F000217,Mixed Veg Meals,Veg,75,2026-08-29,14:15,10.979497,76.93907,R113,NGO,10.999687,76.916433,150,1,0,0,0,15,4.29,15,0
F000218,Mixed Veg Meals,Veg,108,2026-03-13,21:00,11.076864,76.976338,R105,NGO,10.980298,76.934381,180,1,1,1,0,15,13.34,32,1
F000219,Veg Noodles,Veg,107,2026-05-12,19:15,10.939281,76.954544,R045,NGO,10.944544,76.979626,40,1,1,1,0,15,3.51,15,0
F000220,Chicken Biryani,Non-Veg,56,2026-07-14,11:45,11.010739,76.885886,R116,NGO,11.012179,76.851992,150,1,0,1,0,15,4.18,11,0
F000221,Tamarind Rice,Veg,97,2026-02-28,11:15,11.038515,77.035361,R053,NGO,11.001509,77.017312,250,1,1,1,0,15,5.43,20,1
F000222,Curd Rice,Veg,45,2026-03-23,17:30,10.979497,76.93907,R082,NGO,10.926687,76.982445,150,1,0,1,0,15,8.99,33,1
F000223,Chicken Curry & Rice,Non-Veg,129,2026-05-20,12:00,11.032916,76.872503,R022,FOOD_BANK,11.008467,76.858868,180,1,1,1,30,12,3.99,17,1
F000224,Upma,Veg,54,2026-02-12,11:30,10.966962,76.944406,R010,FOOD_BANK,11.013706,76.936718,500,1,1,1,30,10,6.58,26,1
F000225,Veg Fried Rice,Veg,82,2026-04-09,19:30,10.983486,76.946385,R078,NGO,10.960637,76.974029,100,1,1,1,0,15,4.37,12,1
F000226,Lemon Rice,Veg,92,2026-09-16,14:15,10.973793,76.954491,R045,NGO,10.944544,76.979626,40,1,1,0,0,15,5.0,16,0
F000227,Chicken Curry & Rice,Non-Veg,68,2026-01-13,13:45,11.056687,76.895452,R026,FOOD_BANK,11.077481,76.979058,120,1,0,1,50,6,11.75,28,0
F000228,Curd Rice,Veg,150,2026-01-10,17:15,11.07664,76.919621,R028,FOOD_BANK,11.08297,76.957199,500,1,1,0,30,12,4.95,16,0
F000229,Tamarind Rice,Veg,103,2026-01-07,20:00,11.006786,77.010739,R038,NGO,11.057645,77.04603,100,1,1,1,0,15,7.59,25,0
F000230,Dal Rice,Veg,149,2026-09-12,14:30,11.053896,77.023402,R009,FOOD_BANK,11.035475,77.018124,200,1,1,1,75,15,2.76,10,1
F000231,Tomato Rice,Veg,111,2026-01-26,19:30,11.009674,76.987054,R102,NGO,11.026939,76.970836,75,1,0,1,0,15,3.05,14,0
F000232,Lemon Rice,Veg,120,2026-03-26,23:15,11.020654,77.047909,R114,NGO,10.998157,77.025944,75,1,0,1,0,15,4.19,12,0
F000233,Veg Noodles,Veg,60,2026-05-29,10:00,10.973793,76.954491,R119,NGO,11.046134,77.006426,250,1,1,1,0,15,11.64,32,1
F000234,Idli & Sambar,Veg,77,2026-02-07,21:00,11.012293,76.884686,R080,NGO,11.006411,76.903012,50,1,0,1,0,15,2.4,7,0
F000235,Chicken Fried Rice,Non-Veg,92,2026-02-14,19:00,11.006786,77.010739,R032,FOOD_BANK,10.961916,76.996051,300,1,1,1,25,8,6.8,17,1
F000236,Chicken Curry & Rice,Non-Veg,81,2026-06-10,21:00,11.031674,76.940688,R120,NGO,11.045705,76.933449,200,1,0,1,0,15,1.98,9,0
F000237,Sambar Rice,Veg,70,2026-09-05,20:45,11.031674,76.940688,R043,NGO,11.032353,76.968259,120,1,1,1,0,15,3.73,13,1
F000238,Chapati & Kurma,Veg,95,2026-03-01,19:00,11.012293,76.884686,R008,FOOD_BANK,11.007782,76.873074,350,1,1,1,40,6,1.58,6,1
F000239,Upma,Veg,102,2026-07-18,23:30,10.961692,76.988005,R024,FOOD_BANK,10.995209,76.955337,100,1,1,1,50,12,5.81,15,0
F000240,Paneer Rice,Veg,57,2026-02-20,11:00,11.02334,76.906764,R017,FOOD_BANK,11.017238,76.837799,500,1,1,1,60,12,9.23,25,0
F000241,Mixed Veg Meals,Veg,58,2026-06-09,17:30,10.989657,77.033427,R045,NGO,10.944544,76.979626,40,1,1,1,0,15,8.56,27,0
F000242,Curd Rice,Veg,57,2026-03-13,22:30,10.984536,76.8803,R021,FOOD_BANK,11.026716,76.853024,200,1,1,1,25,15,7.03,19,1
F000243,Chicken Fried Rice,Non-Veg,55,2026-01-04,14:00,10.989657,77.033427,R023,FOOD_BANK,11.067518,77.033737,250,1,1,1,30,8,9.71,31,0
F000244,Egg Biryani,Non-Veg,145,2026-03-12,17:45,11.053896,77.023402,R058,NGO,11.044285,76.99815,60,1,1,0,0,15,3.37,12,0
F000245,Vegetable Biryani,Veg,112,2026-02-17,12:45,11.033528,76.977257,R111,NGO,11.047062,76.964365,200,1,1,1,0,15,2.67,11,1
F000246,Idli & Sambar,Veg,214,2026-04-10,13:00,10.966962,76.944406,R042,NGO,10.996123,76.965899,75,1,1,0,0,15,4.95,14,0
F000247,Tamarind Rice,Veg,215,2026-05-10,13:00,11.010053,76.918261,R029,FOOD_BANK,11.006256,76.917282,200,1,0,1,60,15,0.56,4,0
F000248,Chapati & Kurma,Veg,67,2026-04-06,20:00,10.989657,77.033427,R027,FOOD_BANK,10.99906,76.98453,100,1,0,1,30,6,6.83,25,0
F000249,Dal Rice,Veg,184,2026-02-10,23:45,11.009674,76.987054,R018,FOOD_BANK,11.033443,76.984609,300,1,0,1,20,6,2.99,17,1
F000250,Chicken Biryani,Non-Veg,117,2026-06-22,20:15,11.038515,77.035361,R009,FOOD_BANK,11.035475,77.018124,200,1,1,1,75,15,2.31,10,1
F000251,Chicken Noodles,Non-Veg,64,2026-07-14,17:15,10.984536,76.8803,R093,NGO,10.964782,76.951669,100,1,0,1,0,15,9.01,23,0
F000252,Curd Rice,Veg,88,2026-03-15,23:45,11.033528,76.977257,R058,NGO,11.044285,76.99815,60,1,1,1,0,15,3.11,16,0
F000253,Chicken Noodles,Non-Veg,67,2026-06-20,18:00,11.006786,77.010739,R053,NGO,11.001509,77.017312,250,1,1,1,0,15,1.09,10,1
F000254,Veg Fried Rice,Veg,160,2026-03-06,18:15,11.012293,76.884686,R090,NGO,10.96531,76.904554,80,1,1,0,0,15,6.63,21,0
F000255,Chicken Biryani,Non-Veg,85,2026-08-18,21:45,10.979497,76.93907,R007,FOOD_BANK,10.953647,76.979401,350,1,1,1,50,8,6.7,23,1
F000256,Vegetable Biryani,Veg,124,2026-05-17,14:00,10.989657,77.033427,R088,NGO,10.975209,77.051916,40,1,0,1,0,15,3.27,11,0
F000257,Egg Biryani,Non-Veg,163,2026-08-21,13:15,11.006786,77.010739,R046,NGO,11.03532,76.96968,50,1,0,1,0,15,6.85,20,0
F000258,Curd Rice,Veg,108,2026-03-31,12:00,11.009237,76.990411,R064,NGO,11.019483,77.032452,60,1,1,1,0,15,5.69,20,0
F000259,Tamarind Rice,Veg,181,2026-04-28,21:15,11.03264,76.921297,R076,NGO,11.005115,76.870368,50,1,0,1,0,15,7.63,21,0
F000260,Sambar Rice,Veg,78,2026-04-10,13:30,10.993725,76.957415,R020,FOOD_BANK,10.980675,76.991318,120,1,0,1,25,8,5.0,16,1
F000261,Idli & Sambar,Veg,173,2026-05-23,17:00,10.99924,76.975315,R069,NGO,11.019827,77.006835,200,1,1,0,0,15,5.0,16,0
F000262,Fish Curry & Rice,Non-Veg,55,2026-06-19,21:15,11.033528,76.977257,R067,NGO,11.041648,77.017067,180,1,1,1,0,15,5.82,23,1
F000263,Mixed Veg Meals,Veg,83,2026-05-08,21:15,10.983486,76.946385,R027,FOOD_BANK,10.99906,76.98453,100,1,0,1,30,6,5.23,21,1
F000264,Egg Biryani,Non-Veg,63,2026-03-12,23:00,10.932716,76.940667,R086,NGO,11.003612,76.964368,100,1,0,1,0,15,9.48,28,0
F000265,Chicken Fried Rice,Non-Veg,91,2026-06-22,23:30,11.079609,76.965395,R119,NGO,11.046134,77.006426,250,1,1,1,0,15,6.59,22,1
F000266,Pongal,Veg,79,2026-06-17,20:00,10.939281,76.954544,R107,NGO,10.973743,76.935486,80,1,1,0,0,15,5.15,21,0
F000267,Chicken Biryani,Non-Veg,63,2026-06-02,20:30,11.058243,76.998573,R066,NGO,11.064176,76.963349,120,1,0,1,0,15,4.89,23,0
F000268,Tamarind Rice,Veg,178,2026-06-27,22:30,11.023729,76.992516,R089,NGO,11.032373,77.019287,40,1,1,1,0,15,3.62,10,0
F000269,Tamarind Rice,Veg,145,2026-02-20,19:30,10.973793,76.954491,R083,NGO,11.048239,76.905998,120,1,1,1,0,15,11.05,29,0
F000270,Egg Curry & Rice,Non-Veg,113,2026-05-27,21:00,11.056687,76.895452,R098,NGO,11.05394,76.961166,80,1,1,1,0,15,8.45,26,0
F000271,Chicken Biryani,Non-Veg,137,2026-03-30,13:15,11.056687,76.895452,R083,NGO,11.048239,76.905998,120,1,1,0,0,15,1.76,8,0
F000272,Chapati & Kurma,Veg,71,2026-04-11,13:15,11.010053,76.918261,R102,NGO,11.026939,76.970836,75,1,0,1,0,15,6.9,24,1
F000273,Fish Curry & Rice,Non-Veg,43,2026-02-09,21:15,11.076864,76.976338,R110,NGO,11.051228,76.872849,50,1,1,1,0,15,14.11,49,0
F000274,Curd Rice,Veg,152,2026-02-15,20:30,11.07664,76.919621,R081,NGO,11.006904,76.896341,75,1,1,1,0,15,10.53,28,0
F000275,Paneer Rice,Veg,95,2026-06-08,23:00,11.010484,76.997546,R009,FOOD_BANK,11.035475,77.018124,200,1,1,1,75,15,4.17,16,1
F000276,Curd Rice,Veg,67,2026-08-12,18:00,11.023729,76.992516,R113,NGO,10.999687,76.916433,150,1,0,1,0,15,10.65,35,1
F000277,Curd Rice,Veg,113,2026-05-16,23:45,11.009674,76.987054,R015,FOOD_BANK,10.998013,77.032486,120,1,1,1,75,18,6.51,19,1
F000278,Sambar Rice,Veg,122,2026-01-17,14:45,11.056687,76.895452,R023,FOOD_BANK,11.067518,77.033737,250,1,1,1,30,8,19.96,57,0
F000279,Chicken Noodles,Non-Veg,113,2026-03-01,18:30,10.932716,76.940667,R115,NGO,11.024606,76.91699,200,1,1,1,0,15,11.72,33,1
F000280,Upma,Veg,110,2026-08-01,12:15,11.07664,76.919621,R120,NGO,11.045705,76.933449,200,1,0,0,0,15,4.3,17,0
F000281,Pongal,Veg,157,2026-02-09,20:15,10.961692,76.988005,R019,FOOD_BANK,10.978431,76.99707,150,1,1,1,25,12,2.44,10,0
F000282,Tomato Rice,Veg,126,2026-03-20,21:15,10.989657,77.033427,R036,FOOD_BANK,11.039233,77.037241,180,1,1,1,20,6,6.97,24,0
F000283,Idli & Sambar,Veg,180,2026-08-03,17:45,11.019931,77.01857,R064,NGO,11.019483,77.032452,60,1,1,1,0,15,1.91,6,0
F000284,Mixed Veg Meals,Veg,84,2026-08-01,21:30,11.07664,76.919621,R066,NGO,11.064176,76.963349,120,1,0,1,0,15,6.49,18,1
F000285,Pongal,Veg,89,2026-07-28,10:30,10.983486,76.946385,R024,FOOD_BANK,10.995209,76.955337,100,1,1,1,50,12,1.85,9,1
F000286,Dal Rice,Veg,156,2026-06-10,20:30,11.023729,76.992516,R112,NGO,11.005344,76.861947,50,1,1,1,0,15,16.57,45,0
F000287,Tamarind Rice,Veg,98,2026-01-06,18:00,10.993725,76.957415,R044,NGO,10.991885,76.990569,60,1,0,1,0,15,4.05,10,0
F000288,Vegetable Biryani,Veg,50,2026-08-20,14:45,11.028005,76.921622,R120,NGO,11.045705,76.933449,200,1,0,0,0,15,3.01,12,0
F000289,Lemon Rice,Veg,122,2026-05-22,12:15,11.038515,77.035361,R077,NGO,11.021303,77.050329,150,1,0,1,0,15,3.17,10,1
F000290,Tamarind Rice,Veg,133,2026-08-20,20:30,11.03264,76.921297,R057,NGO,11.013714,76.896117,60,1,1,1,0,15,4.55,17,0
F000291,Chapati & Kurma,Veg,67,2026-02-03,11:45,11.009237,76.990411,R042,NGO,10.996123,76.965899,75,1,1,1,0,15,3.55,13,0
F000292,Chapati & Kurma,Veg,35,2026-01-04,19:15,11.07664,76.919621,R029,FOOD_BANK,11.006256,76.917282,200,1,0,1,60,15,9.21,28,0
F000293,Paneer Rice,Veg,65,2026-07-27,10:30,10.99924,76.975315,R046,NGO,11.03532,76.96968,50,1,0,1,0,15,4.97,15,0
F000294,Idli & Sambar,Veg,122,2026-08-26,18:30,11.009237,76.990411,R058,NGO,11.044285,76.99815,60,1,1,1,0,15,4.39,13,0
F000295,Idli & Sambar,Veg,179,2026-02-11,22:45,11.009674,76.987054,R089,NGO,11.032373,77.019287,40,1,1,1,0,15,4.91,14,0
F000296,Mixed Veg Meals,Veg,128,2026-05-26,14:45,11.039384,76.920741,R010,FOOD_BANK,11.013706,76.936718,500,1,1,1,30,10,4.18,16,1
F000297,Chicken Noodles,Non-Veg,25,2026-07-10,21:30,11.010053,76.918261,R014,FOOD_BANK,10.969875,76.928412,350,1,1,1,40,15,5.75,17,0
F000298,Tamarind Rice,Veg,117,2026-03-26,20:15,11.033528,76.977257,R010,FOOD_BANK,11.013706,76.936718,500,1,1,1,30,10,6.01,20,1
F000299,Mixed Veg Meals,Veg,114,2026-06-20,22:30,11.012293,76.884686,R100,NGO,11.03497,76.938284,75,1,1,1,0,15,7.69,21,0
F000300,Upma,Veg,131,2026-06-08,13:45,10.939281,76.954544,R007,FOOD_BANK,10.953647,76.979401,350,1,1,1,50,8,3.69,13,1
F000301,Sambar Rice,Veg,129,2026-07-31,20:45,11.076864,76.976338,R023,FOOD_BANK,11.067518,77.033737,250,1,1,1,30,8,8.11,19,0
F000302,Chicken Noodles,Non-Veg,53,2026-01-10,19:45,10.983486,76.946385,R071,NGO,11.01227,76.928148,60,1,1,1,0,15,4.96,13,1
F000303,Vegetable Biryani,Veg,55,2026-09-08,23:15,11.058243,76.998573,R050,NGO,11.041148,77.014453,180,1,0,1,0,15,3.2,10,1
F000304,Tamarind Rice,Veg,178,2026-05-15,19:45,10.939281,76.954544,R065,NGO,10.969044,76.961977,180,1,1,1,0,15,4.2,11,1
F000305,Veg Noodles,Veg,164,2026-03-27,21:00,11.028005,76.921622,R090,NGO,10.96531,76.904554,80,1,1,1,0,15,8.26,24,0
F000306,Egg Curry & Rice,Non-Veg,36,2026-03-09,22:15,11.02334,76.906764,R068,NGO,11.033,76.841178,180,1,0,1,0,15,8.08,28,0
F000307,Vegetable Biryani,Veg,114,2026-07-05,17:30,11.053896,77.023402,R066,NGO,11.064176,76.963349,120,1,0,1,0,15,7.52,27,1
F000308,Chicken Curry & Rice,Non-Veg,99,2026-05-06,12:00,10.979497,76.93907,R024,FOOD_BANK,10.995209,76.955337,100,1,1,1,50,12,2.99,17,0
F000309,Egg Fried Rice,Non-Veg,37,2026-03-14,19:00,11.033528,76.977257,R053,NGO,11.001509,77.017312,250,1,1,1,0,15,6.21,17,1
F000310,Egg Biryani,Non-Veg,84,2026-04-01,12:30,11.038515,77.035361,R103,NGO,11.013321,76.996693,60,1,0,1,0,15,6.65,22,0
F000311,Pongal,Veg,95,2026-03-12,13:15,11.032916,76.872503,R003,FOOD_BANK,11.036567,76.920159,300,1,1,1,40,8,6.01,19,1
F000312,Dal Rice,Veg,82,2026-06-16,13:45,11.004965,76.92703,R115,NGO,11.024606,76.91699,200,1,1,1,0,15,3.18,8,1
F000313,Sambar Rice,Veg,212,2026-04-02,20:30,11.033528,76.977257,R119,NGO,11.046134,77.006426,250,1,1,1,0,15,4.14,11,1
F000314,Idli & Sambar,Veg,109,2026-01-14,21:15,11.014847,77.018815,R050,NGO,11.041148,77.014453,180,1,0,1,0,15,3.32,12,1
F000315,Vegetable Biryani,Veg,47,2026-02-14,14:45,11.02334,76.906764,R115,NGO,11.024606,76.91699,200,1,1,1,0,15,1.41,11,1
F000316,Veg Fried Rice,Veg,117,2026-09-23,14:45,10.966962,76.944406,R080,NGO,11.006411,76.903012,50,1,0,1,0,15,7.89,21,0
F000317,Pongal,Veg,113,2026-06-08,18:30,11.012293,76.884686,R051,NGO,10.961994,76.921525,120,1,1,1,0,15,7.74,25,1
F000318,Dal Rice,Veg,148,2026-06-10,13:30,11.019931,77.01857,R117,NGO,10.970674,77.017528,80,1,1,0,0,15,6.83,20,0
F000319,Veg Noodles,Veg,44,2026-06-12,11:30,11.006786,77.010739,R079,NGO,10.979008,76.977548,250,1,1,0,0,15,5.72,22,0
F000320,Pongal,Veg,92,2026-06-21,17:30,11.032916,76.872503,R072,NGO,11.016329,76.845338,250,1,0,1,0,15,4.6,11,1
F000321,Idli & Sambar,Veg,186,2026-06-14,22:30,11.039384,76.920741,R084,NGO,11.032741,77.049457,80,1,1,1,0,15,17.77,52,0
F000322,Veg Noodles,Veg,105,2026-01-13,20:00,10.973793,76.954491,R105,NGO,10.980298,76.934381,180,1,1,1,0,15,2.63,8,1
F000323,Idli & Sambar,Veg,142,2026-08-06,14:30,10.961692,76.988005,R072,NGO,11.016329,76.845338,250,1,0,1,0,15,20.51,49,0
F000324,Tamarind Rice,Veg,91,2026-05-25,21:00,11.012293,76.884686,R074,NGO,11.052052,76.880485,250,1,1,1,0,15,5.01,18,1
F000325,Egg Biryani,Non-Veg,111,2026-04-28,12:45,11.056687,76.895452,R017,FOOD_BANK,11.017238,76.837799,500,1,1,1,60,12,9.24,29,1
F000326,Veg Noodles,Veg,37,2026-05-31,20:45,11.020654,77.047909,R019,FOOD_BANK,10.978431,76.99707,150,1,1,1,25,12,8.76,36,1
F000327,Mixed Veg Meals,Veg,91,2026-07-08,21:45,11.024082,76.981748,R043,NGO,11.032353,76.968259,120,1,1,1,0,15,2.01,8,1
F000328,Tamarind Rice,Veg,144,2026-05-21,22:15,11.02334,76.906764,R105,NGO,10.980298,76.934381,180,1,1,1,0,15,6.46,21,1
F000329,Curd Rice,Veg,123,2026-09-13,22:45,10.939281,76.954544,R018,FOOD_BANK,11.033443,76.984609,300,1,0,0,20,6,12.99,41,0
F000330,Tomato Rice,Veg,81,2026-04-28,20:45,11.014847,77.018815,R022,FOOD_BANK,11.008467,76.858868,180,1,1,0,30,12,19.76,68,0
F000331,Veg Fried Rice,Veg,86,2026-08-22,14:30,11.039384,76.920741,R002,FOOD_BANK,11.088582,76.941869,400,1,1,1,25,8,7.0,18,1
F000332,Chicken Fried Rice,Non-Veg,120,2026-04-15,11:30,10.99924,76.975315,R119,NGO,11.046134,77.006426,250,1,1,1,0,15,7.23,23,1
F000333,Tamarind Rice,Veg,69,2026-02-04,19:45,10.966962,76.944406,R035,FOOD_BANK,11.005659,76.957081,500,1,0,1,25,6,5.48,19,1
F000334,Chapati & Kurma,Veg,119,2026-07-10,10:45,10.966962,76.944406,R093,NGO,10.964782,76.951669,100,1,0,1,0,15,1.08,11,0
F000335,Tomato Rice,Veg,187,2026-01-06,13:00,11.006786,77.010739,R018,FOOD_BANK,11.033443,76.984609,300,1,0,0,20,6,5.15,15,0
F000336,Tomato Rice,Veg,86,2026-04-16,14:00,10.973793,76.954491,R020,FOOD_BANK,10.980675,76.991318,120,1,0,1,25,8,4.59,19,1
F000337,Veg Fried Rice,Veg,112,2026-02-20,14:15,10.979497,76.93907,R043,NGO,11.032353,76.968259,120,1,1,1,0,15,8.06,17,1
F000338,Egg Fried Rice,Non-Veg,65,2026-01-09,23:45,10.961692,76.988005,R013,FOOD_BANK,10.997835,76.963916,350,1,1,0,30,8,5.49,22,0
F000339,Pongal,Veg,88,2026-03-06,22:30,10.989657,77.033427,R015,FOOD_BANK,10.998013,77.032486,120,1,1,1,75,18,1.16,11,1
F000340,Chicken Curry & Rice,Non-Veg,61,2026-05-01,23:30,11.019931,77.01857,R086,NGO,11.003612,76.964368,100,1,0,0,0,15,7.57,28,0
F000341,Chicken Biryani,Non-Veg,47,2026-09-11,18:30,10.989657,77.033427,R013,FOOD_BANK,10.997835,76.963916,350,1,1,1,30,8,8.58,24,0
F000342,Egg Fried Rice,Non-Veg,128,2026-08-06,20:15,11.023729,76.992516,R030,FOOD_BANK,11.039951,77.043483,180,1,1,1,75,8,6.65,19,1
F000343,Chicken Curry & Rice,Non-Veg,70,2026-08-12,14:45,11.009674,76.987054,R096,NGO,11.028388,76.923499,250,1,0,1,0,15,9.11,26,0
F000344,Tamarind Rice,Veg,81,2026-01-15,23:45,11.032916,76.872503,R073,NGO,11.055782,76.867067,180,1,1,1,0,15,2.93,13,1
F000345,Mixed Veg Meals,Veg,132,2026-09-20,21:00,11.006786,77.010739,R077,NGO,11.021303,77.050329,150,1,0,1,0,15,6.06,14,1
F000346,Dal Rice,Veg,118,2026-03-31,21:00,11.010739,76.885886,R080,NGO,11.006411,76.903012,50,1,0,1,0,15,2.27,11,0
F000347,Paneer Rice,Veg,39,2026-03-15,14:00,11.019931,77.01857,R043,NGO,11.032353,76.968259,120,1,1,1,0,15,6.82,25,1
F000348,Curd Rice,Veg,82,2026-08-03,21:15,10.984536,76.8803,R090,NGO,10.96531,76.904554,80,1,1,1,0,15,3.84,12,0
F000349,Idli & Sambar,Veg,169,2026-06-05,17:00,10.955,76.939241,R052,NGO,10.949148,76.902044,40,1,0,1,0,15,4.74,17,0
F000350,Egg Biryani,Non-Veg,124,2026-05-01,20:00,10.993725,76.957415,R046,NGO,11.03532,76.96968,50,1,0,1,0,15,5.73,18,0
F000351,Upma,Veg,79,2026-06-17,17:30,11.023729,76.992516,R079,NGO,10.979008,76.977548,250,1,1,0,0,15,6.84,24,0
F000352,Dal Rice,Veg,71,2026-06-23,21:00,11.07664,76.919621,R049,NGO,11.082,76.990118,200,1,1,0,0,15,9.4,28,0
F000353,Vegetable Biryani,Veg,134,2026-02-08,18:45,11.07664,76.919621,R046,NGO,11.03532,76.96968,50,1,0,1,0,15,8.81,20,0
F000354,Veg Fried Rice,Veg,135,2026-08-31,20:30,11.004965,76.92703,R014,FOOD_BANK,10.969875,76.928412,350,1,1,1,40,15,5.06,15,1
F000355,Veg Fried Rice,Veg,73,2026-04-23,21:45,11.009237,76.990411,R069,NGO,11.019827,77.006835,200,1,1,1,0,15,2.74,12,1
F000356,Mixed Veg Meals,Veg,80,2026-08-26,17:00,11.03264,76.921297,R033,FOOD_BANK,10.907708,76.987427,400,1,0,1,40,10,17.72,49,0
F000357,Egg Biryani,Non-Veg,62,2026-01-07,12:00,11.039384,76.920741,R087,NGO,11.045743,76.907648,75,1,0,0,0,15,1.96,12,0
F000358,Veg Fried Rice,Veg,117,2026-03-09,13:00,11.014847,77.018815,R091,NGO,11.008782,77.025358,50,1,0,1,0,15,1.21,9,0
F000359,Paneer Rice,Veg,38,2026-03-21,12:15,11.014847,77.018815,R041,NGO,11.020484,77.068669,120,1,1,1,0,15,6.42,16,1
F000360,Egg Biryani,Non-Veg,119,2026-03-20,22:15,11.023729,76.992516,R010,FOOD_BANK,11.013706,76.936718,500,1,1,1,30,10,7.86,24,1
F000361,Egg Curry & Rice,Non-Veg,105,2026-03-11,21:45,11.006786,77.010739,R013,FOOD_BANK,10.997835,76.963916,350,1,1,1,30,8,6.25,23,1
F000362,Chapati & Kurma,Veg,100,2026-08-17,13:45,11.010739,76.885886,R112,NGO,11.005344,76.861947,50,1,1,1,0,15,3.1,14,0
F000363,Veg Fried Rice,Veg,96,2026-01-25,23:00,10.983486,76.946385,R067,NGO,11.041648,77.017067,180,1,1,1,0,15,12.55,33,1
F000364,Mixed Veg Meals,Veg,147,2026-09-19,20:45,10.976233,76.931534,R085,NGO,11.08813,76.948347,50,1,1,1,0,15,14.08,54,0
F000365,Pongal,Veg,76,2026-06-22,22:00,11.014847,77.018815,R067,NGO,11.041648,77.017067,180,1,1,1,0,15,3.91,9,1
F000366,Idli & Sambar,Veg,134,2026-06-18,13:15,11.03264,76.921297,R013,FOOD_BANK,10.997835,76.963916,350,1,1,1,30,8,7.87,26,0
F000367,Veg Fried Rice,Veg,161,2026-04-22,20:15,11.053896,77.023402,R023,FOOD_BANK,11.067518,77.033737,250,1,1,1,30,8,2.43,13,1
F000368,Lemon Rice,Veg,126,2026-05-09,21:15,11.038515,77.035361,R061,NGO,10.996054,76.864653,40,1,1,1,0,15,22.0,78,0
F000369,Pongal,Veg,54,2026-06-30,21:45,11.028005,76.921622,R110,NGO,11.051228,76.872849,50,1,1,1,0,15,7.76,22,0
F000370,Tomato Rice,Veg,61,2026-07-15,20:00,11.020654,77.047909,R060,NGO,11.075079,76.981996,40,1,0,1,0,15,11.2,33,0
F000371,Vegetable Biryani,Veg,95,2026-04-14,21:00,10.955,76.939241,R057,NGO,11.013714,76.896117,60,1,1,1,0,15,8.88,24,0
F000372,Idli & Sambar,Veg,142,2026-07-01,20:30,11.053896,77.023402,R094,NGO,11.060926,77.018643,50,1,1,1,0,15,1.04,9,0
F000373,Tomato Rice,Veg,148,2026-01-08,20:30,11.053896,77.023402,R079,NGO,10.979008,76.977548,250,1,1,1,0,15,12.82,34,0
F000374,Egg Fried Rice,Non-Veg,67,2026-09-10,14:30,11.056687,76.895452,R046,NGO,11.03532,76.96968,50,1,0,1,0,15,9.92,23,0
F000375,Chicken Curry & Rice,Non-Veg,37,2026-09-14,14:45,10.993725,76.957415,R075,NGO,10.946154,76.960857,120,1,0,1,0,15,6.48,21,0
F000376,Dal Rice,Veg,54,2026-05-04,19:15,10.973793,76.954491,R054,NGO,10.992456,76.917474,200,1,0,0,0,15,5.39,14,0
F000377,Vegetable Biryani,Veg,119,2026-08-12,20:45,10.961692,76.988005,R088,NGO,10.975209,77.051916,40,1,0,1,0,15,8.15,18,0
F000378,Chapati & Kurma,Veg,102,2026-02-03,17:15,11.020654,77.047909,R023,FOOD_BANK,11.067518,77.033737,250,1,1,1,30,8,7.17,16,1
F000379,Tomato Rice,Veg,119,2026-09-19,23:30,11.028005,76.921622,R013,FOOD_BANK,10.997835,76.963916,350,1,1,1,30,8,6.95,21,1
F000380,Vegetable Biryani,Veg,117,2026-07-25,13:00,11.014847,77.018815,R053,NGO,11.001509,77.017312,250,1,1,1,0,15,1.86,7,1
F000381,Chicken Fried Rice,Non-Veg,88,2026-02-20,22:30,10.932716,76.940667,R010,FOOD_BANK,11.013706,76.936718,500,1,1,1,30,10,10.93,31,0
F000382,Upma,Veg,94,2026-07-06,18:45,11.03264,76.921297,R085,NGO,11.08813,76.948347,50,1,1,1,0,15,7.99,32,0
F000383,Tamarind Rice,Veg,95,2026-03-15,11:00,10.993725,76.957415,R098,NGO,11.05394,76.961166,80,1,1,0,0,15,7.76,22,0
F000384,Pongal,Veg,150,2026-04-27,14:45,11.058243,76.998573,R009,FOOD_BANK,11.035475,77.018124,200,1,1,1,75,15,3.92,14,1
F000385,Tamarind Rice,Veg,80,2026-08-22,12:45,10.955,76.939241,R001,FOOD_BANK,10.929752,76.993726,350,1,1,0,40,15,7.87,21,0
F000386,Tamarind Rice,Veg,68,2026-03-23,14:00,10.961692,76.988005,R088,NGO,10.975209,77.051916,40,1,0,1,0,15,8.15,19,0
F000387,Chapati & Kurma,Veg,77,2026-04-03,22:45,11.033528,76.977257,R032,FOOD_BANK,10.961916,76.996051,300,1,1,1,25,8,10.42,28,0
F000388,Lemon Rice,Veg,108,2026-08-18,14:30,10.979497,76.93907,R015,FOOD_BANK,10.998013,77.032486,120,1,1,1,75,18,13.24,37,0
F000389,Veg Noodles,Veg,52,2026-01-10,21:15,11.012293,76.884686,R113,NGO,10.999687,76.916433,150,1,0,1,0,15,4.78,17,1
F000390,Veg Fried Rice,Veg,101,2026-01-31,19:00,11.03264,76.921297,R107,NGO,10.973743,76.935486,80,1,1,1,0,15,7.58,22,0
F000391,Veg Noodles,Veg,57,2026-05-15,19:15,11.038515,77.035361,R060,NGO,11.075079,76.981996,40,1,0,0,0,15,8.88,26,0
F000392,Dal Rice,Veg,120,2026-01-28,20:30,11.028005,76.921622,R027,FOOD_BANK,10.99906,76.98453,100,1,0,1,30,6,8.48,25,0
F000393,Lemon Rice,Veg,175,2026-09-16,21:30,11.039384,76.920741,R113,NGO,10.999687,76.916433,150,1,0,0,0,15,5.83,23,0
F000394,Veg Noodles,Veg,97,2026-06-27,12:00,11.010053,76.918261,R065,NGO,10.969044,76.961977,180,1,1,0,0,15,8.48,23,0
F000395,Dal Rice,Veg,120,2026-04-17,18:00,11.033528,76.977257,R019,FOOD_BANK,10.978431,76.99707,150,1,1,1,25,12,7.22,22,1
F000396,Veg Noodles,Veg,80,2026-07-20,13:30,10.976233,76.931534,R007,FOOD_BANK,10.953647,76.979401,350,1,1,1,50,8,7.09,26,1
F000397,Chicken Noodles,Non-Veg,60,2026-08-30,23:15,10.993725,76.957415,R096,NGO,11.028388,76.923499,250,1,0,0,0,15,6.28,13,0
F000398,Curd Rice,Veg,76,2026-08-17,14:30,11.038515,77.035361,R088,NGO,10.975209,77.051916,40,1,0,1,0,15,9.47,23,0
F000399,Sambar Rice,Veg,89,2026-04-01,11:00,11.053896,77.023402,R032,FOOD_BANK,10.961916,76.996051,300,1,1,1,25,8,13.9,39,0
F000400,Fish Curry & Rice,Non-Veg,81,2026-08-23,21:45,11.056687,76.895452,R087,NGO,11.045743,76.907648,75,1,0,1,0,15,2.33,12,0
F000401,Chicken Noodles,Non-Veg,61,2026-09-10,19:30,11.031674,76.940688,R028,FOOD_BANK,11.08297,76.957199,500,1,1,1,30,12,7.6,29,1
F000402,Paneer Rice,Veg,114,2026-07-25,21:30,10.979497,76.93907,R047,NGO,10.948704,77.00128,200,1,0,1,0,15,9.11,24,1
F000403,Veg Fried Rice,Veg,75,2026-09-19,21:00,10.989657,77.033427,R045,NGO,10.944544,76.979626,40,1,1,0,0,15,8.56,21,0
F000404,Curd Rice,Veg,98,2026-09-05,23:15,11.058243,76.998573,R050,NGO,11.041148,77.014453,180,1,0,1,0,15,3.2,9,1
F000405,Idli & Sambar,Veg,126,2026-06-01,14:30,11.039384,76.920741,R074,NGO,11.052052,76.880485,250,1,1,1,0,15,5.61,18,1
F000406,Chicken Curry & Rice,Non-Veg,74,2026-03-12,20:30,10.989657,77.033427,R064,NGO,11.019483,77.032452,60,1,1,1,0,15,4.18,16,0
F000407,Chicken Biryani,Non-Veg,48,2026-02-18,21:00,11.032916,76.872503,R068,NGO,11.033,76.841178,180,1,0,0,0,15,4.1,17,0
F000408,Dal Rice,Veg,129,2026-08-21,13:15,10.976233,76.931534,R105,NGO,10.980298,76.934381,180,1,1,1,0,15,0.68,10,1
F000409,Idli & Sambar,Veg,125,2026-05-30,17:45,11.058243,76.998573,R101,NGO,11.05457,77.05428,150,1,1,0,0,15,7.45,24,0
F000410,Pongal,Veg,133,2026-04-06,14:45,10.973793,76.954491,R031,FOOD_BANK,10.940331,76.930152,250,1,1,1,30,12,6.02,19,1
F000411,Mixed Veg Meals,Veg,190,2026-03-02,23:15,11.024082,76.981748,R060,NGO,11.075079,76.981996,40,1,0,1,0,15,6.39,23,0
F000412,Paneer Rice,Veg,40,2026-04-10,19:45,11.012293,76.884686,R022,FOOD_BANK,11.008467,76.858868,180,1,1,1,30,12,3.39,8,1
F000413,Sambar Rice,Veg,123,2026-04-14,14:15,11.07664,76.919621,R095,NGO,11.085787,76.952733,150,1,1,0,0,15,4.64,10,0
F000414,Fish Curry & Rice,Non-Veg,45,2026-07-14,22:15,11.02334,76.906764,R116,NGO,11.012179,76.851992,150,1,0,1,0,15,7.39,25,0
F000415,Chicken Fried Rice,Non-Veg,65,2026-09-18,22:00,11.019931,77.01857,R084,NGO,11.032741,77.049457,80,1,1,1,0,15,4.55,19,1
F000416,Sambar Rice,Veg,92,2026-09-06,21:30,11.07664,76.919621,R043,NGO,11.032353,76.968259,120,1,1,0,0,15,8.62,30,0
F000417,Egg Curry & Rice,Non-Veg,70,2026-08-18,20:15,11.076864,76.976338,R028,FOOD_BANK,11.08297,76.957199,500,1,1,1,30,12,2.65,11,1
F000418,Paneer Rice,Veg,100,2026-03-09,20:00,10.961692,76.988005,R019,FOOD_BANK,10.978431,76.99707,150,1,1,1,25,12,2.44,11,1
F000419,Tamarind Rice,Veg,103,2026-01-29,19:00,10.939281,76.954544,R075,NGO,10.946154,76.960857,120,1,0,1,0,15,1.26,10,1
F000420,Mixed Veg Meals,Veg,73,2026-08-28,18:45,11.024082,76.981748,R111,NGO,11.047062,76.964365,200,1,1,1,0,15,4.06,20,1
F000421,Lemon Rice,Veg,138,2026-02-08,19:30,10.973793,76.954491,R097,NGO,10.914195,76.949189,100,1,1,1,0,15,7.93,31,0
F000422,Tomato Rice,Veg,64,2026-09-13,23:30,11.03264,76.921297,R120,NGO,11.045705,76.933449,200,1,0,1,0,15,2.57,13,1
F000423,Chapati & Kurma,Veg,81,2026-05-03,10:00,11.006786,77.010739,R047,NGO,10.948704,77.00128,200,1,0,1,0,15,8.1,23,1
F000424,Chicken Biryani,Non-Veg,117,2026-05-20,17:45,11.056687,76.895452,R115,NGO,11.024606,76.91699,200,1,1,1,0,15,4.78,15,0
F000425,Veg Fried Rice,Veg,80,2026-02-25,20:45,10.939281,76.954544,R044,NGO,10.991885,76.990569,60,1,0,0,0,15,9.18,31,0
F000426,Chicken Biryani,Non-Veg,97,2026-05-20,18:45,11.004965,76.92703,R080,NGO,11.006411,76.903012,50,1,0,1,0,15,3.39,15,0
F000427,Mixed Veg Meals,Veg,97,2026-09-18,21:15,11.024082,76.981748,R086,NGO,11.003612,76.964368,100,1,0,1,0,15,3.61,13,0
F000428,Curd Rice,Veg,98,2026-08-22,20:45,11.006786,77.010739,R030,FOOD_BANK,11.039951,77.043483,180,1,1,1,75,8,6.48,22,1
F000429,Egg Fried Rice,Non-Veg,92,2026-01-01,19:00,10.939281,76.954544,R086,NGO,11.003612,76.964368,100,1,0,1,0,15,8.03,31,0
F000430,Idli & Sambar,Veg,189,2026-08-04,21:30,10.983486,76.946385,R086,NGO,11.003612,76.964368,100,1,0,0,0,15,3.37,12,0
F000431,Tamarind Rice,Veg,149,2026-04-30,18:30,11.023729,76.992516,R119,NGO,11.046134,77.006426,250,1,1,0,0,15,3.45,13,0
F000432,Chicken Fried Rice,Non-Veg,91,2026-01-20,22:00,10.966962,76.944406,R054,NGO,10.992456,76.917474,200,1,0,1,0,15,4.87,14,0
F000433,Egg Fried Rice,Non-Veg,65,2026-01-15,23:30,10.979497,76.93907,R114,NGO,10.998157,77.025944,75,1,0,1,0,15,11.87,45,0
F000434,Chapati & Kurma,Veg,68,2026-05-08,20:15,11.076864,76.976338,R104,NGO,11.122467,76.92657,80,1,1,1,0,15,9.45,29,1
F000435,Fish Curry & Rice,Non-Veg,92,2026-06-11,18:30,10.979497,76.93907,R100,NGO,11.03497,76.938284,75,1,1,1,0,15,7.2,24,0
F000436,Veg Fried Rice,Veg,61,2026-01-26,22:30,11.028005,76.921622,R110,NGO,11.051228,76.872849,50,1,1,1,0,15,7.76,29,0
F000437,Lemon Rice,Veg,53,2026-08-02,12:45,11.056687,76.895452,R068,NGO,11.033,76.841178,180,1,0,1,0,15,7.63,21,1
F000438,Tomato Rice,Veg,170,2026-07-09,12:45,11.038515,77.035361,R058,NGO,11.044285,76.99815,60,1,1,1,0,15,4.59,14,0
F000439,Chicken Fried Rice,Non-Veg,90,2026-04-12,23:30,11.038515,77.035361,R077,NGO,11.021303,77.050329,150,1,0,1,0,15,3.17,10,0
F000440,Paneer Rice,Veg,82,2026-02-08,20:30,10.966962,76.944406,R007,FOOD_BANK,10.953647,76.979401,350,1,1,0,50,8,4.78,18,0
F000441,Chicken Fried Rice,Non-Veg,47,2026-07-09,17:30,11.07664,76.919621,R046,NGO,11.03532,76.96968,50,1,0,0,0,15,8.81,21,0
F000442,Paneer Rice,Veg,62,2026-05-18,13:00,11.009674,76.987054,R019,FOOD_BANK,10.978431,76.99707,150,1,1,1,25,12,4.45,19,1
F000443,Fish Curry & Rice,Non-Veg,113,2026-06-26,21:45,11.006786,77.010739,R117,NGO,10.970674,77.017528,80,1,1,1,0,15,4.51,17,0
F000444,Tomato Rice,Veg,93,2026-03-14,21:00,11.019931,77.01857,R091,NGO,11.008782,77.025358,50,1,0,0,0,15,1.8,8,0
F000445,Veg Noodles,Veg,59,2026-02-13,18:00,11.014847,77.018815,R019,FOOD_BANK,10.978431,76.99707,150,1,1,1,25,12,5.72,18,1
F000446,Upma,Veg,108,2026-06-09,22:45,10.983486,76.946385,R102,NGO,11.026939,76.970836,75,1,0,0,0,15,6.85,20,0
F000447,Dal Rice,Veg,90,2026-07-16,10:45,10.961692,76.988005,R117,NGO,10.970674,77.017528,80,1,1,1,0,15,4.34,18,0
F000448,Upma,Veg,65,2026-09-22,12:30,11.024082,76.981748,R043,NGO,11.032353,76.968259,120,1,1,1,0,15,2.01,10,1
F000449,Egg Curry & Rice,Non-Veg,114,2026-01-14,19:15,11.07664,76.919621,R043,NGO,11.032353,76.968259,120,1,1,1,0,15,8.62,30,1
F000450,Dal Rice,Veg,63,2026-07-02,20:00,11.024082,76.981748,R077,NGO,11.021303,77.050329,150,1,0,1,0,15,9.44,27,1
F000451,Tomato Rice,Veg,108,2026-08-01,17:15,10.961692,76.988005,R105,NGO,10.980298,76.934381,180,1,1,1,0,15,6.91,17,1
F000452,Sambar Rice,Veg,102,2026-07-14,19:45,11.009674,76.987054,R079,NGO,10.979008,76.977548,250,1,1,0,0,15,4.28,15,0
F000453,Idli & Sambar,Veg,245,2026-07-12,20:30,11.012293,76.884686,R008,FOOD_BANK,11.007782,76.873074,350,1,1,0,40,6,1.58,9,0
F000454,Dal Rice,Veg,84,2026-07-30,21:45,11.010053,76.918261,R100,NGO,11.03497,76.938284,75,1,1,1,0,15,4.03,15,0
F000455,Pongal,Veg,81,2026-05-30,13:15,10.939281,76.954544,R082,NGO,10.926687,76.982445,150,1,0,1,0,15,3.71,12,1
F000456,Veg Noodles,Veg,90,2026-09-08,11:45,10.966962,76.944406,R033,FOOD_BANK,10.907708,76.987427,400,1,0,1,40,10,8.94,26,1
F000457,Lemon Rice,Veg,121,2026-03-27,19:30,10.993725,76.957415,R030,FOOD_BANK,11.039951,77.043483,180,1,1,1,75,8,12.06,31,0
F000458,Chicken Noodles,Non-Veg,22,2026-07-06,10:45,11.053896,77.023402,R028,FOOD_BANK,11.08297,76.957199,500,1,1,0,30,12,8.72,30,0
F000459,Veg Fried Rice,Veg,91,2026-06-04,22:00,11.004965,76.92703,R099,NGO,10.897905,76.956454,50,1,1,1,0,15,16.07,47,0
F000460,Vegetable Biryani,Veg,96,2026-03-04,14:00,11.020654,77.047909,R119,NGO,11.046134,77.006426,250,1,1,1,0,15,6.58,17,1
F000461,Curd Rice,Veg,124,2026-04-13,20:15,10.939281,76.954544,R102,NGO,11.026939,76.970836,75,1,0,1,0,15,11.37,27,0
F000462,Egg Fried Rice,Non-Veg,92,2026-01-05,13:00,11.023729,76.992516,R018,FOOD_BANK,11.033443,76.984609,300,1,0,1,20,6,1.65,7,0
F000463,Veg Fried Rice,Veg,184,2026-06-21,20:45,11.03264,76.921297,R057,NGO,11.013714,76.896117,60,1,1,1,0,15,4.55,14,0
F000464,Veg Fried Rice,Veg,180,2026-09-20,21:45,11.038515,77.035361,R086,NGO,11.003612,76.964368,100,1,0,0,0,15,9.68,27,0
F000465,Tamarind Rice,Veg,89,2026-02-08,21:30,11.010484,76.997546,R019,FOOD_BANK,10.978431,76.99707,150,1,1,1,25,12,4.25,14,1
F000466,Paneer Rice,Veg,101,2026-01-30,20:15,11.023729,76.992516,R109,NGO,11.029882,77.043934,120,1,0,1,0,15,6.46,24,1
F000467,Idli & Sambar,Veg,69,2026-05-24,18:00,11.039384,76.920741,R066,NGO,11.064176,76.963349,120,1,0,1,0,15,6.26,23,1
F000468,Upma,Veg,97,2026-06-16,22:15,11.038515,77.035361,R043,NGO,11.032353,76.968259,120,1,1,1,0,15,8.26,29,1
F000469,Paneer Rice,Veg,34,2026-03-11,12:15,10.983486,76.946385,R019,FOOD_BANK,10.978431,76.99707,150,1,1,1,25,12,6.38,21,1
F000470,Chicken Fried Rice,Non-Veg,109,2026-02-28,13:30,10.976233,76.931534,R065,NGO,10.969044,76.961977,180,1,1,1,0,15,4.36,19,1
F000471,Curd Rice,Veg,44,2026-06-11,19:45,11.033528,76.977257,R013,FOOD_BANK,10.997835,76.963916,350,1,1,1,30,8,4.73,19,1
F000472,Sambar Rice,Veg,53,2026-06-13,22:15,11.023729,76.992516,R091,NGO,11.008782,77.025358,50,1,0,1,0,15,4.66,18,0
F000473,Pongal,Veg,97,2026-02-23,12:45,11.012293,76.884686,R008,FOOD_BANK,11.007782,76.873074,350,1,1,0,40,6,1.58,7,0
F000474,Tamarind Rice,Veg,100,2026-08-01,13:30,11.053896,77.023402,R089,NGO,11.032373,77.019287,40,1,1,1,0,15,3.19,10,0
F000475,Veg Fried Rice,Veg,103,2026-08-09,13:15,10.976233,76.931534,R024,FOOD_BANK,10.995209,76.955337,100,1,1,1,50,12,3.76,9,0
F000476,Chapati & Kurma,Veg,98,2026-08-08,17:00,11.053896,77.023402,R103,NGO,11.013321,76.996693,60,1,0,1,0,15,7.04,24,0
F000477,Vegetable Biryani,Veg,86,2026-02-09,21:45,11.056687,76.895452,R039,NGO,11.112771,76.941297,80,1,0,1,0,15,9.02,24,0
F000478,Mixed Veg Meals,Veg,160,2026-03-07,18:45,10.993725,76.957415,R102,NGO,11.026939,76.970836,75,1,0,0,0,15,4.51,15,0
F000479,Idli & Sambar,Veg,104,2026-08-08,19:30,11.07664,76.919621,R115,NGO,11.024606,76.91699,200,1,1,1,0,15,7.61,20,1
F000480,Chapati & Kurma,Veg,81,2026-07-06,17:45,11.024082,76.981748,R043,NGO,11.032353,76.968259,120,1,1,1,0,15,2.01,14,1
F000481,Chicken Noodles,Non-Veg,34,2026-01-27,23:30,11.020654,77.047909,R021,FOOD_BANK,11.026716,76.853024,200,1,1,1,25,15,26.79,92,0
F000482,Dal Rice,Veg,185,2026-07-29,23:15,10.961692,76.988005,R082,NGO,10.926687,76.982445,150,1,0,1,0,15,4.94,19,0
F000483,Dal Rice,Veg,189,2026-03-11,21:30,10.976233,76.931534,R031,FOOD_BANK,10.940331,76.930152,250,1,1,1,30,12,5.21,21,1
F000484,Chicken Curry & Rice,Non-Veg,85,2026-03-20,21:00,11.009674,76.987054,R018,FOOD_BANK,11.033443,76.984609,300,1,0,1,20,6,2.99,11,0
F000485,Chapati & Kurma,Veg,131,2026-02-09,14:45,11.032916,76.872503,R056,NGO,11.046451,76.888718,120,1,1,1,0,15,2.81,10,0
F000486,Egg Fried Rice,Non-Veg,88,2026-04-16,20:30,11.028005,76.921622,R076,NGO,11.005115,76.870368,50,1,0,1,0,15,7.77,21,0
F000487,Tamarind Rice,Veg,60,2026-08-25,14:15,10.955,76.939241,R031,FOOD_BANK,10.940331,76.930152,250,1,1,1,30,12,2.32,12,1
F000488,Chicken Fried Rice,Non-Veg,56,2026-02-10,21:30,11.014847,77.018815,R070,NGO,11.00895,76.982832,100,1,1,1,0,15,4.42,15,1
F000489,Chicken Curry & Rice,Non-Veg,105,2026-06-24,19:45,10.983486,76.946385,R079,NGO,10.979008,76.977548,250,1,1,0,0,15,4.42,17,0
F000490,Idli & Sambar,Veg,78,2026-09-22,21:30,11.020654,77.047909,R004,FOOD_BANK,11.030506,77.02175,350,1,0,1,60,8,3.38,11,1
F000491,Lemon Rice,Veg,41,2026-07-18,21:45,10.955,76.939241,R075,NGO,10.946154,76.960857,120,1,0,1,0,15,3.17,14,1
F000492,Dal Rice,Veg,195,2026-02-25,13:30,11.024082,76.981748,R048,NGO,11.057634,76.973017,250,1,1,0,0,15,4.31,11,0
F000493,Chicken Curry & Rice,Non-Veg,138,2026-02-16,22:15,11.023729,76.992516,R015,FOOD_BANK,10.998013,77.032486,120,1,1,1,75,18,5.86,25,0
F000494,Egg Biryani,Non-Veg,160,2026-05-20,23:30,11.076864,76.976338,R103,NGO,11.013321,76.996693,60,1,0,1,0,15,8.51,24,0
F000495,Paneer Rice,Veg,59,2026-08-27,18:30,11.019931,77.01857,R043,NGO,11.032353,76.968259,120,1,1,0,0,15,6.82,14,0
F000496,Chapati & Kurma,Veg,160,2026-05-02,12:45,11.010739,76.885886,R052,NGO,10.949148,76.902044,40,1,0,1,0,15,8.69,23,0
F000497,Egg Fried Rice,Non-Veg,32,2026-06-26,21:30,11.039384,76.920741,R102,NGO,11.026939,76.970836,75,1,0,1,0,15,6.34,16,0
F000498,Pongal,Veg,174,2026-01-18,11:00,10.979497,76.93907,R021,FOOD_BANK,11.026716,76.853024,200,1,1,1,25,15,13.39,44,0
F000499,Egg Fried Rice,Non-Veg,81,2026-09-08,20:00,11.010739,76.885886,R076,NGO,11.005115,76.870368,50,1,0,1,0,15,2.09,6,0
F000500,Chapati & Kurma,Veg,136,2026-09-14,22:15,11.03264,76.921297,R081,NGO,11.006904,76.896341,75,1,1,1,0,15,4.76,21,0
F000501,Mixed Veg Meals,Veg,112,2026-03-13,12:45,10.979497,76.93907,R105,NGO,10.980298,76.934381,180,1,1,1,0,15,0.67,8,1
F000502,Veg Fried Rice,Veg,45,2026-06-13,21:45,11.038515,77.035361,R084,NGO,11.032741,77.049457,80,1,1,0,0,15,1.9,11,0
F000503,Egg Fried Rice,Non-Veg,80,2026-07-13,19:15,10.983486,76.946385,R115,NGO,11.024606,76.91699,200,1,1,1,0,15,6.89,23,1
F000504,Egg Fried Rice,Non-Veg,114,2026-07-30,21:15,10.983486,76.946385,R081,NGO,11.006904,76.896341,75,1,1,1,0,15,6.66,20,0
F000505,Idli & Sambar,Veg,130,2026-07-02,19:00,10.984536,76.8803,R068,NGO,11.033,76.841178,180,1,0,0,0,15,8.8,26,0
F000506,Dal Rice,Veg,43,2026-07-24,20:15,11.024082,76.981748,R044,NGO,10.991885,76.990569,60,1,0,1,0,15,4.55,15,1
F000507,Chapati & Kurma,Veg,74,2026-08-22,19:00,11.058243,76.998573,R006,FOOD_BANK,11.071337,76.997418,180,1,1,1,40,15,1.9,13,1
F000508,Veg Fried Rice,Veg,81,2026-05-16,20:30,11.058243,76.998573,R041,NGO,11.020484,77.068669,120,1,1,0,0,15,9.8,26,0
F000509,Chicken Fried Rice,Non-Veg,124,2026-07-05,11:30,11.056687,76.895452,R043,NGO,11.032353,76.968259,120,1,1,1,0,15,9.57,26,0
F000510,Chapati & Kurma,Veg,156,2026-04-14,10:15,11.039384,76.920741,R118,NGO,11.078871,76.965426,200,1,0,1,0,15,7.28,23,1
F000511,Lemon Rice,Veg,107,2026-06-16,19:15,11.010484,76.997546,R042,NGO,10.996123,76.965899,75,1,1,1,0,15,4.88,17,0
F000512,Fish Curry & Rice,Non-Veg,36,2026-03-20,21:00,11.014847,77.018815,R101,NGO,11.05457,77.05428,150,1,1,0,0,15,6.53,20,0
F000513,Upma,Veg,74,2026-09-07,14:00,11.009674,76.987054,R079,NGO,10.979008,76.977548,250,1,1,0,0,15,4.28,17,0
F000514,Tamarind Rice,Veg,108,2026-02-25,21:30,11.024082,76.981748,R010,FOOD_BANK,11.013706,76.936718,500,1,1,1,30,10,5.65,22,1
F000515,Tomato Rice,Veg,78,2026-07-23,17:15,11.033528,76.977257,R069,NGO,11.019827,77.006835,200,1,1,1,0,15,3.94,15,1
F000516,Veg Fried Rice,Veg,66,2026-01-09,20:15,10.979497,76.93907,R046,NGO,11.03532,76.96968,50,1,0,1,0,15,8.1,31,0
F000517,Chapati & Kurma,Veg,84,2026-09-09,20:00,11.076864,76.976338,R084,NGO,11.032741,77.049457,80,1,1,1,0,15,11.54,46,0
F000518,Veg Fried Rice,Veg,95,2026-06-10,10:45,11.010484,76.997546,R103,NGO,11.013321,76.996693,60,1,0,1,0,15,0.5,9,0
F000519,Sambar Rice,Veg,106,2026-01-10,20:15,11.03264,76.921297,R067,NGO,11.041648,77.017067,180,1,1,1,0,15,12.53,44,1
F000520,Chicken Noodles,Non-Veg,118,2026-09-17,20:00,10.993725,76.957415,R100,NGO,11.03497,76.938284,75,1,1,1,0,15,5.55,14,0
F000521,Veg Noodles,Veg,128,2026-07-28,11:00,10.984536,76.8803,R073,NGO,11.055782,76.867067,180,1,1,1,0,15,9.15,32,1
F000522,Chicken Biryani,Non-Veg,59,2026-01-22,14:00,11.023729,76.992516,R050,NGO,11.041148,77.014453,180,1,0,1,0,15,3.99,11,0
F000523,Chicken Noodles,Non-Veg,76,2026-04-14,19:15,11.010739,76.885886,R057,NGO,11.013714,76.896117,60,1,1,1,0,15,1.33,9,0
F000524,Fish Curry & Rice,Non-Veg,92,2026-02-24,18:00,11.053896,77.023402,R015,FOOD_BANK,10.998013,77.032486,120,1,1,0,75,18,7.18,25,0
F000525,Veg Noodles,Veg,119,2026-05-28,21:15,10.955,76.939241,R032,FOOD_BANK,10.961916,76.996051,300,1,1,1,25,8,7.98,26,1
F000526,Paneer Rice,Veg,140,2026-05-24,20:30,11.033528,76.977257,R067,NGO,11.041648,77.017067,180,1,1,1,0,15,5.82,20,1
F000527,Paneer Rice,Veg,70,2026-07-19,18:45,10.939281,76.954544,R065,NGO,10.969044,76.961977,180,1,1,1,0,15,4.2,16,1
F000528,Lemon Rice,Veg,148,2026-08-18,21:45,11.012293,76.884686,R083,NGO,11.048239,76.905998,120,1,1,1,0,15,5.2,25,0
F000529,Vegetable Biryani,Veg,108,2026-05-22,14:15,11.038515,77.035361,R119,NGO,11.046134,77.006426,250,1,1,1,0,15,3.95,11,1
F000530,Fish Curry & Rice,Non-Veg,86,2026-07-20,20:15,11.02334,76.906764,R043,NGO,11.032353,76.968259,120,1,1,0,0,15,7.71,26,0
F000531,Tamarind Rice,Veg,133,2026-07-25,19:30,10.976233,76.931534,R065,NGO,10.969044,76.961977,180,1,1,1,0,15,4.36,15,1
F000532,Paneer Rice,Veg,62,2026-09-02,21:30,11.033528,76.977257,R025,FOOD_BANK,11.064094,76.948971,400,1,1,1,75,18,5.95,22,0
F000533,Veg Noodles,Veg,77,2026-08-16,11:30,11.02334,76.906764,R096,NGO,11.028388,76.923499,250,1,0,1,0,15,2.25,13,0
F000534,Lemon Rice,Veg,144,2026-05-06,14:00,11.024082,76.981748,R005,FOOD_BANK,11.070808,77.000467,400,1,1,0,30,6,7.11,15,0
F000535,Fish Curry & Rice,Non-Veg,42,2026-03-16,21:45,10.973793,76.954491,R021,FOOD_BANK,11.026716,76.853024,200,1,1,1,25,15,14.74,41,1
F000536,Sambar Rice,Veg,141,2026-02-01,18:30,11.010739,76.885886,R035,FOOD_BANK,11.005659,76.957081,500,1,0,1,25,6,8.87,28,0
F000537,Paneer Rice,Veg,72,2026-01-17,20:15,11.032916,76.872503,R083,NGO,11.048239,76.905998,120,1,1,1,0,15,4.99,21,1
F000538,Sambar Rice,Veg,113,2026-01-06,21:45,11.079609,76.965395,R083,NGO,11.048239,76.905998,120,1,1,1,0,15,9.43,35,0
F000539,Dal Rice,Veg,181,2026-06-24,21:45,11.009674,76.987054,R111,NGO,11.047062,76.964365,200,1,1,1,0,15,6.18,16,1
F000540,Egg Fried Rice,Non-Veg,95,2026-07-01,12:00,10.955,76.939241,R035,FOOD_BANK,11.005659,76.957081,500,1,0,0,25,6,7.56,19,0
F000541,Upma,Veg,94,2026-06-04,23:15,11.014847,77.018815,R089,NGO,11.032373,77.019287,40,1,1,1,0,15,2.25,11,0
F000542,Tomato Rice,Veg,48,2026-04-21,14:30,11.010484,76.997546,R079,NGO,10.979008,76.977548,250,1,1,1,0,15,5.3,20,1
F000543,Egg Curry & Rice,Non-Veg,96,2026-09-07,20:00,10.99924,76.975315,R111,NGO,11.047062,76.964365,200,1,1,1,0,15,6.47,19,1
F000544,Veg Noodles,Veg,88,2026-05-27,22:45,11.028005,76.921622,R113,NGO,10.999687,76.916433,150,1,0,1,0,15,4.0,11,1
F000545,Tamarind Rice,Veg,102,2026-02-06,20:30,11.032916,76.872503,R054,NGO,10.992456,76.917474,200,1,0,1,0,15,8.17,19,1
F000546,Paneer Rice,Veg,79,2026-03-01,19:15,11.009674,76.987054,R087,NGO,11.045743,76.907648,75,1,0,0,0,15,11.54,24,0
F000547,Idli & Sambar,Veg,36,2026-09-05,20:00,10.984536,76.8803,R072,NGO,11.016329,76.845338,250,1,0,1,0,15,6.61,15,1
F000548,Veg Noodles,Veg,141,2026-02-27,20:15,11.009674,76.987054,R035,FOOD_BANK,11.005659,76.957081,500,1,0,1,25,6,4.0,15,1
F000549,Tamarind Rice,Veg,61,2026-01-15,21:00,11.023729,76.992516,R011,FOOD_BANK,11.031302,77.041945,350,1,1,0,60,6,6.18,25,0
F000550,Idli & Sambar,Veg,115,2026-08-23,12:45,11.012293,76.884686,R063,NGO,11.00096,76.956294,200,1,0,0,0,15,9.77,36,0
F000551,Veg Fried Rice,Veg,105,2026-03-29,21:00,11.02334,76.906764,R092,NGO,11.044914,76.905894,50,1,0,1,0,15,2.92,15,0
F000552,Pongal,Veg,137,2026-07-25,18:45,11.009237,76.990411,R098,NGO,11.05394,76.961166,80,1,1,1,0,15,7.61,20,0
F000553,Chicken Fried Rice,Non-Veg,35,2026-07-10,21:00,11.02334,76.906764,R098,NGO,11.05394,76.961166,80,1,1,1,0,15,8.45,24,1
F000554,Veg Fried Rice,Veg,76,2026-09-06,17:45,11.019931,77.01857,R079,NGO,10.979008,76.977548,250,1,1,0,0,15,7.51,22,0
F000555,Dal Rice,Veg,75,2026-01-01,21:00,11.006786,77.010739,R069,NGO,11.019827,77.006835,200,1,1,1,0,15,1.71,12,1
F000556,Tomato Rice,Veg,114,2026-05-06,19:15,11.058243,76.998573,R077,NGO,11.021303,77.050329,150,1,0,0,0,15,7.83,22,0
F000557,Pongal,Veg,79,2026-02-12,22:15,10.973793,76.954491,R014,FOOD_BANK,10.969875,76.928412,350,1,1,1,40,15,3.18,9,1
F000558,Dal Rice,Veg,44,2026-09-14,19:30,10.973793,76.954491,R107,NGO,10.973743,76.935486,80,1,1,1,0,15,2.39,12,1
F000559,Upma,Veg,89,2026-08-26,10:15,10.99924,76.975315,R103,NGO,11.013321,76.996693,60,1,0,1,0,15,3.53,13,0
F000560,Sambar Rice,Veg,112,2026-03-01,13:00,10.961692,76.988005,R034,FOOD_BANK,10.933246,76.91673,300,1,1,0,75,8,10.81,28,0
F000561,Pongal,Veg,111,2026-06-08,18:30,10.973793,76.954491,R102,NGO,11.026939,76.970836,75,1,0,1,0,15,7.48,19,0
F000562,Tamarind Rice,Veg,73,2026-01-23,22:00,11.07664,76.919621,R010,FOOD_BANK,11.013706,76.936718,500,1,1,1,30,10,8.67,35,0
F000563,Chicken Noodles,Non-Veg,103,2026-07-20,19:00,10.966962,76.944406,R047,NGO,10.948704,77.00128,200,1,0,0,0,15,7.65,30,0
F000564,Veg Fried Rice,Veg,28,2026-08-31,21:30,11.028005,76.921622,R081,NGO,11.006904,76.896341,75,1,1,0,0,15,4.53,11,0
F000565,Pongal,Veg,132,2026-03-25,17:15,11.076864,76.976338,R058,NGO,11.044285,76.99815,60,1,1,1,0,15,5.65,14,0
F000566,Paneer Rice,Veg,91,2026-05-27,20:30,11.038515,77.035361,R058,NGO,11.044285,76.99815,60,1,1,1,0,15,4.59,14,0
F000567,Veg Fried Rice,Veg,95,2026-03-07,20:00,11.010053,76.918261,R081,NGO,11.006904,76.896341,75,1,1,1,0,15,2.67,9,0
F000568,Upma,Veg,134,2026-07-18,12:15,11.056687,76.895452,R095,NGO,11.085787,76.952733,150,1,1,1,0,15,9.07,32,0
F000569,Paneer Rice,Veg,89,2026-07-21,19:00,10.993725,76.957415,R031,FOOD_BANK,10.940331,76.930152,250,1,1,1,30,12,7.48,27,1
F000570,Dal Rice,Veg,107,2026-07-28,22:45,10.966962,76.944406,R015,FOOD_BANK,10.998013,77.032486,120,1,1,0,75,18,12.45,34,0
F000571,Veg Fried Rice,Veg,23,2026-05-04,23:45,10.966962,76.944406,R037,NGO,11.000097,76.871592,200,1,0,1,0,15,11.53,41,1
F000572,Vegetable Biryani,Veg,150,2026-09-17,20:00,11.076864,76.976338,R053,NGO,11.001509,77.017312,250,1,1,1,0,15,11.61,35,1
F000573,Tamarind Rice,Veg,76,2026-02-05,13:30,11.024082,76.981748,R006,FOOD_BANK,11.071337,76.997418,180,1,1,1,40,15,6.94,16,1
F000574,Vegetable Biryani,Veg,54,2026-04-13,17:00,11.02334,76.906764,R113,NGO,10.999687,76.916433,150,1,0,1,0,15,3.28,10,1
F000575,Fish Curry & Rice,Non-Veg,71,2026-08-18,17:30,11.032916,76.872503,R110,NGO,11.051228,76.872849,50,1,1,1,0,15,2.54,15,0
F000576,Egg Biryani,Non-Veg,63,2026-05-06,13:00,10.932716,76.940667,R029,FOOD_BANK,11.006256,76.917282,200,1,0,1,60,15,11.06,40,0
F000577,Dal Rice,Veg,90,2026-04-23,18:45,10.983486,76.946385,R107,NGO,10.973743,76.935486,80,1,1,1,0,15,1.96,9,0
F000578,Curd Rice,Veg,124,2026-06-08,21:30,11.006786,77.010739,R042,NGO,10.996123,76.965899,75,1,1,1,0,15,6.59,28,0
F000579,Upma,Veg,92,2026-04-05,12:15,10.983486,76.946385,R093,NGO,10.964782,76.951669,100,1,0,1,0,15,2.5,13,1
F000580,Chicken Biryani,Non-Veg,105,2026-08-23,23:30,11.023729,76.992516,R051,NGO,10.961994,76.921525,120,1,1,1,0,15,11.6,32,1
F000581,Lemon Rice,Veg,159,2026-09-10,19:15,11.031674,76.940688,R081,NGO,11.006904,76.896341,75,1,1,1,0,15,7.23,21,0
F000582,Tamarind Rice,Veg,135,2026-05-01,23:00,11.038515,77.035361,R067,NGO,11.041648,77.017067,180,1,1,1,0,15,2.52,10,1
F000583,Dal Rice,Veg,91,2026-09-09,18:15,11.033528,76.977257,R069,NGO,11.019827,77.006835,200,1,1,1,0,15,3.94,13,1
F000584,Lemon Rice,Veg,125,2026-02-25,20:00,10.989657,77.033427,R004,FOOD_BANK,11.030506,77.02175,350,1,0,1,60,8,6.02,18,1
F000585,Pongal,Veg,145,2026-04-11,21:45,11.006786,77.010739,R119,NGO,11.046134,77.006426,250,1,1,1,0,15,5.31,17,1
F000586,Pongal,Veg,105,2026-05-01,19:00,11.014847,77.018815,R043,NGO,11.032353,76.968259,120,1,1,1,0,15,7.45,26,1
F000587,Egg Biryani,Non-Veg,70,2026-03-14,21:30,11.010739,76.885886,R083,NGO,11.048239,76.905998,120,1,1,1,0,15,5.78,17,1
F000588,Pongal,Veg,137,2026-02-14,22:15,11.039384,76.920741,R054,NGO,10.992456,76.917474,200,1,0,1,0,15,5.94,18,1
F000589,Chicken Biryani,Non-Veg,92,2026-08-28,18:15,11.028005,76.921622,R035,FOOD_BANK,11.005659,76.957081,500,1,0,1,25,6,5.62,18,0
F000590,Tomato Rice,Veg,54,2026-08-27,22:30,10.932716,76.940667,R082,NGO,10.926687,76.982445,150,1,0,1,0,15,5.57,23,1
F000591,Veg Fried Rice,Veg,96,2026-09-01,22:30,11.03264,76.921297,R098,NGO,11.05394,76.961166,80,1,1,1,0,15,5.61,16,0
F000592,Vegetable Biryani,Veg,103,2026-03-16,18:00,11.056687,76.895452,R003,FOOD_BANK,11.036567,76.920159,300,1,1,1,40,8,4.1,13,1
F000593,Tomato Rice,Veg,129,2026-09-02,19:30,11.020654,77.047909,R043,NGO,11.032353,76.968259,120,1,1,1,0,15,10.46,25,0
F000594,Sambar Rice,Veg,158,2026-03-20,12:45,11.023729,76.992516,R119,NGO,11.046134,77.006426,250,1,1,0,0,15,3.45,16,0
F000595,Lemon Rice,Veg,138,2026-04-16,19:45,10.961692,76.988005,R065,NGO,10.969044,76.961977,180,1,1,1,0,15,3.41,13,1
F000596,Curd Rice,Veg,65,2026-04-22,20:30,11.03264,76.921297,R010,FOOD_BANK,11.013706,76.936718,500,1,1,1,30,10,3.31,11,1
F000597,Pongal,Veg,75,2026-06-05,20:15,11.012293,76.884686,R037,NGO,11.000097,76.871592,200,1,0,1,0,15,2.51,13,1
F000598,Paneer Rice,Veg,83,2026-02-11,19:30,11.07664,76.919621,R071,NGO,11.01227,76.928148,60,1,1,1,0,15,8.61,24,0
F000599,Chicken Biryani,Non-Veg,111,2026-01-11,19:30,10.993725,76.957415,R047,NGO,10.948704,77.00128,200,1,0,1,0,15,7.74,22,0
F000600,Curd Rice,Veg,177,2026-06-02,20:30,11.02334,76.906764,R071,NGO,11.01227,76.928148,60,1,1,1,0,15,3.38,14,0
F000601,Veg Noodles,Veg,34,2026-04-15,22:00,11.056687,76.895452,R008,FOOD_BANK,11.007782,76.873074,350,1,1,1,40,6,6.59,20,0
F000602,Dal Rice,Veg,95,2026-03-30,21:45,11.009237,76.990411,R050,NGO,11.041148,77.014453,180,1,0,1,0,15,5.39,17,1
F000603,Chicken Curry & Rice,Non-Veg,42,2026-09-09,17:00,11.039384,76.920741,R106,NGO,11.012111,77.034302,75,1,0,1,0,15,14.85,36,0
F000604,Tomato Rice,Veg,99,2026-04-04,21:00,10.932716,76.940667,R090,NGO,10.96531,76.904554,80,1,1,1,0,15,6.38,15,0
F000605,Paneer Rice,Veg,72,2026-03-20,20:15,11.056687,76.895452,R028,FOOD_BANK,11.08297,76.957199,500,1,1,1,30,12,9.59,27,1
F000606,Vegetable Biryani,Veg,50,2026-06-07,14:45,11.038515,77.035361,R088,NGO,10.975209,77.051916,40,1,0,1,0,15,9.47,32,0
F000607,Fish Curry & Rice,Non-Veg,67,2026-09-15,13:45,10.983486,76.946385,R107,NGO,10.973743,76.935486,80,1,1,0,0,15,1.96,11,0
F000608,Fish Curry & Rice,Non-Veg,79,2026-03-27,19:15,11.03264,76.921297,R036,FOOD_BANK,11.039233,77.037241,180,1,1,1,20,6,14.68,32,0
F000609,Lemon Rice,Veg,63,2026-07-11,14:45,11.014847,77.018815,R041,NGO,11.020484,77.068669,120,1,1,1,0,15,6.42,20,1
F000610,Chicken Biryani,Non-Veg,111,2026-04-16,19:45,10.993725,76.957415,R015,FOOD_BANK,10.998013,77.032486,120,1,1,1,75,18,10.22,32,0
F000611,Mixed Veg Meals,Veg,120,2026-08-11,18:30,11.006786,77.010739,R018,FOOD_BANK,11.033443,76.984609,300,1,0,0,20,6,5.15,18,0
F000612,Dal Rice,Veg,159,2026-04-02,13:30,11.004965,76.92703,R051,NGO,10.961994,76.921525,120,1,1,1,0,15,5.69,18,0
F000613,Tamarind Rice,Veg,202,2026-08-03,22:15,11.006786,77.010739,R091,NGO,11.008782,77.025358,50,1,0,0,0,15,1.79,8,0
F000614,Egg Curry & Rice,Non-Veg,92,2026-08-03,19:15,11.006786,77.010739,R032,FOOD_BANK,10.961916,76.996051,300,1,1,1,25,8,6.8,21,1
F000615,Curd Rice,Veg,138,2026-04-11,12:45,11.023729,76.992516,R053,NGO,11.001509,77.017312,250,1,1,1,0,15,4.59,15,0
F000616,Curd Rice,Veg,125,2026-09-07,19:15,11.010484,76.997546,R020,FOOD_BANK,10.980675,76.991318,120,1,0,1,25,8,3.98,12,0
F000617,Veg Noodles,Veg,87,2026-08-26,17:45,11.009237,76.990411,R114,NGO,10.998157,77.025944,75,1,0,1,0,15,5.09,21,0
F000618,Egg Curry & Rice,Non-Veg,70,2026-09-15,18:00,11.031674,76.940688,R100,NGO,11.03497,76.938284,75,1,1,1,0,15,0.52,6,1
F000619,Fish Curry & Rice,Non-Veg,31,2026-08-02,19:45,11.004965,76.92703,R102,NGO,11.026939,76.970836,75,1,0,0,0,15,6.97,18,0
F000620,Egg Fried Rice,Non-Veg,60,2026-08-07,14:45,11.010053,76.918261,R071,NGO,11.01227,76.928148,60,1,1,1,0,15,1.35,7,1
F000621,Veg Noodles,Veg,98,2026-07-09,19:30,11.038515,77.035361,R101,NGO,11.05457,77.05428,150,1,1,1,0,15,3.38,10,1
F000622,Idli & Sambar,Veg,142,2026-03-12,13:30,11.058243,76.998573,R064,NGO,11.019483,77.032452,60,1,1,0,0,15,7.42,29,0
F000623,Idli & Sambar,Veg,49,2026-05-28,10:15,11.039384,76.920741,R042,NGO,10.996123,76.965899,75,1,1,1,0,15,7.99,24,1
F000624,Egg Biryani,Non-Veg,65,2026-07-24,12:00,10.979497,76.93907,R100,NGO,11.03497,76.938284,75,1,1,0,0,15,7.2,21,0
F000625,Curd Rice,Veg,73,2026-05-01,19:30,10.932716,76.940667,R033,FOOD_BANK,10.907708,76.987427,400,1,0,1,40,10,6.48,27,1
F000626,Vegetable Biryani,Veg,137,2026-06-28,18:00,10.99924,76.975315,R013,FOOD_BANK,10.997835,76.963916,350,1,1,1,30,8,1.57,10,1
F000627,Lemon Rice,Veg,121,2026-05-11,21:00,11.010739,76.885886,R107,NGO,10.973743,76.935486,80,1,1,1,0,15,8.75,26,0
F000628,Idli & Sambar,Veg,167,2026-04-13,20:30,11.023729,76.992516,R098,NGO,11.05394,76.961166,80,1,1,1,0,15,5.31,20,0
F000629,Chapati & Kurma,Veg,87,2026-09-10,21:30,10.961692,76.988005,R041,NGO,11.020484,77.068669,120,1,1,0,0,15,13.35,43,0
F000630,Veg Fried Rice,Veg,125,2026-08-09,20:15,11.07664,76.919621,R035,FOOD_BANK,11.005659,76.957081,500,1,0,1,25,6,10.52,25,0
F000631,Chapati & Kurma,Veg,77,2026-03-28,21:00,11.056687,76.895452,R111,NGO,11.047062,76.964365,200,1,1,1,0,15,9.65,22,1
F000632,Tomato Rice,Veg,48,2026-08-29,19:45,11.033528,76.977257,R050,NGO,11.041148,77.014453,180,1,0,0,0,15,5.38,16,0
F000633,Veg Fried Rice,Veg,69,2026-05-09,22:30,10.979497,76.93907,R007,FOOD_BANK,10.953647,76.979401,350,1,1,1,50,8,6.7,21,1
F000634,Chicken Biryani,Non-Veg,136,2026-07-18,11:45,10.99924,76.975315,R120,NGO,11.045705,76.933449,200,1,0,1,0,15,7.74,26,0
F000635,Egg Fried Rice,Non-Veg,66,2026-07-23,11:45,11.014847,77.018815,R042,NGO,10.996123,76.965899,75,1,1,1,0,15,7.06,23,1
F000636,Chicken Fried Rice,Non-Veg,90,2026-05-23,12:00,11.024082,76.981748,R066,NGO,11.064176,76.963349,120,1,0,1,0,15,6.29,20,0
F000637,Curd Rice,Veg,173,2026-02-01,13:30,11.010739,76.885886,R029,FOOD_BANK,11.006256,76.917282,200,1,0,1,60,15,4.17,15,1
F000638,Lemon Rice,Veg,110,2026-06-21,20:00,11.023729,76.992516,R100,NGO,11.03497,76.938284,75,1,1,1,0,15,6.95,21,0
F000639,Egg Biryani,Non-Veg,49,2026-03-10,18:30,10.961692,76.988005,R016,FOOD_BANK,10.91709,76.982611,350,1,1,1,60,8,6.26,22,0
F000640,Sambar Rice,Veg,96,2026-03-06,12:30,11.012293,76.884686,R087,NGO,11.045743,76.907648,75,1,0,1,0,15,5.38,20,0
F000641,Upma,Veg,65,2026-01-21,20:15,10.973793,76.954491,R001,FOOD_BANK,10.929752,76.993726,350,1,1,1,40,15,8.27,24,1
F000642,Veg Noodles,Veg,82,2026-08-30,21:15,11.031674,76.940688,R002,FOOD_BANK,11.088582,76.941869,400,1,1,1,25,8,7.45,23,1
F000643,Sambar Rice,Veg,75,2026-09-20,21:45,11.009237,76.990411,R091,NGO,11.008782,77.025358,50,1,0,0,0,15,4.97,14,0
F000644,Sambar Rice,Veg,79,2026-07-08,20:45,10.966962,76.944406,R014,FOOD_BANK,10.969875,76.928412,350,1,1,0,40,15,2.32,10,0
F000645,Idli & Sambar,Veg,64,2026-05-29,14:00,11.020654,77.047909,R105,NGO,10.980298,76.934381,180,1,1,0,0,15,16.73,33,0
F000646,Pongal,Veg,197,2026-05-12,21:00,11.07664,76.919621,R059,NGO,10.946464,76.967626,60,1,1,1,0,15,19.28,48,0
F000647,Paneer Rice,Veg,77,2026-01-28,23:15,11.02334,76.906764,R043,NGO,11.032353,76.968259,120,1,1,1,0,15,7.71,21,1
F000648,Tamarind Rice,Veg,146,2026-04-01,21:15,10.966962,76.944406,R021,FOOD_BANK,11.026716,76.853024,200,1,1,1,25,15,13.53,33,1
F000649,Mixed Veg Meals,Veg,65,2026-05-28,21:45,11.020654,77.047909,R070,NGO,11.00895,76.982832,100,1,1,1,0,15,8.89,27,1
F000650,Chicken Noodles,Non-Veg,102,2026-06-06,13:30,10.976233,76.931534,R065,NGO,10.969044,76.961977,180,1,1,0,0,15,4.36,16,0
F000651,Egg Fried Rice,Non-Veg,65,2026-06-28,20:00,10.993725,76.957415,R063,NGO,11.00096,76.956294,200,1,0,1,0,15,0.96,9,0
F000652,Sambar Rice,Veg,195,2026-01-11,19:15,11.038515,77.035361,R053,NGO,11.001509,77.017312,250,1,1,1,0,15,5.43,19,1
F000653,Egg Curry & Rice,Non-Veg,47,2026-06-27,10:15,10.973793,76.954491,R082,NGO,10.926687,76.982445,150,1,0,0,0,15,7.71,24,0
F000654,Chicken Fried Rice,Non-Veg,107,2026-01-09,17:30,11.006786,77.010739,R050,NGO,11.041148,77.014453,180,1,0,0,0,15,4.31,14,0
F000655,Lemon Rice,Veg,58,2026-07-11,13:15,11.076864,76.976338,R006,FOOD_BANK,11.071337,76.997418,180,1,1,1,40,15,3.1,8,1
F000656,Paneer Rice,Veg,74,2026-02-13,20:00,11.028005,76.921622,R086,NGO,11.003612,76.964368,100,1,0,0,0,15,7.09,23,0
F000657,Chicken Fried Rice,Non-Veg,103,2026-01-02,18:15,11.053896,77.023402,R050,NGO,11.041148,77.014453,180,1,0,0,0,15,2.11,9,0
F000658,Lemon Rice,Veg,102,2026-07-09,20:00,11.032916,76.872503,R068,NGO,11.033,76.841178,180,1,0,1,0,15,4.1,16,1
F000659,Curd Rice,Veg,87,2026-01-20,19:15,11.012293,76.884686,R017,FOOD_BANK,11.017238,76.837799,500,1,1,1,60,12,6.07,19,1
F000660,Chicken Noodles,Non-Veg,57,2026-03-21,20:30,11.006786,77.010739,R009,FOOD_BANK,11.035475,77.018124,200,1,1,0,75,15,4.01,18,0
F000661,Chapati & Kurma,Veg,88,2026-07-22,19:15,11.056687,76.895452,R028,FOOD_BANK,11.08297,76.957199,500,1,1,1,30,12,9.59,29,1
F000662,Egg Biryani,Non-Veg,78,2026-03-01,20:30,10.983486,76.946385,R031,FOOD_BANK,10.940331,76.930152,250,1,1,1,30,12,6.23,19,1
F000663,Dal Rice,Veg,82,2026-07-20,14:15,10.973793,76.954491,R019,FOOD_BANK,10.978431,76.99707,150,1,1,0,25,12,5.27,16,0
F000664,Lemon Rice,Veg,75,2026-03-08,20:45,10.961692,76.988005,R117,NGO,10.970674,77.017528,80,1,1,1,0,15,4.34,17,1
F000665,Paneer Rice,Veg,106,2026-05-26,22:15,11.019931,77.01857,R070,NGO,11.00895,76.982832,100,1,1,1,0,15,4.83,16,0
F000666,Paneer Rice,Veg,25,2026-04-11,13:15,11.076864,76.976338,R098,NGO,11.05394,76.961166,80,1,1,1,0,15,3.79,10,1
F000667,Veg Fried Rice,Veg,149,2026-05-30,21:45,11.028005,76.921622,R074,NGO,11.052052,76.880485,250,1,1,1,0,15,6.14,20,1
F000668,Chicken Curry & Rice,Non-Veg,122,2026-01-23,13:15,10.984536,76.8803,R024,FOOD_BANK,10.995209,76.955337,100,1,1,1,50,12,10.23,25,0
F000669,Egg Curry & Rice,Non-Veg,106,2026-01-24,14:30,10.99924,76.975315,R029,FOOD_BANK,11.006256,76.917282,200,1,0,1,60,15,7.82,22,0
F000670,Idli & Sambar,Veg,82,2026-02-16,20:15,11.07664,76.919621,R004,FOOD_BANK,11.030506,77.02175,350,1,0,1,60,8,15.37,59,0
F000671,Fish Curry & Rice,Non-Veg,53,2026-06-21,17:30,11.009674,76.987054,R013,FOOD_BANK,10.997835,76.963916,350,1,1,1,30,8,3.56,11,1
F000672,Paneer Rice,Veg,93,2026-03-26,19:00,11.058243,76.998573,R028,FOOD_BANK,11.08297,76.957199,500,1,1,1,30,12,6.33,20,1
F000673,Chicken Biryani,Non-Veg,119,2026-02-15,21:45,11.024082,76.981748,R004,FOOD_BANK,11.030506,77.02175,350,1,0,1,60,8,5.28,17,0
F000674,Mixed Veg Meals,Veg,170,2026-08-23,13:45,11.010484,76.997546,R117,NGO,10.970674,77.017528,80,1,1,1,0,15,5.43,18,0
F000675,Veg Fried Rice,Veg,87,2026-02-15,19:15,11.028005,76.921622,R010,FOOD_BANK,11.013706,76.936718,500,1,1,1,30,10,2.87,12,1
F000676,Chicken Curry & Rice,Non-Veg,123,2026-06-03,20:00,10.984536,76.8803,R080,NGO,11.006411,76.903012,50,1,0,1,0,15,4.15,19,0
F000677,Egg Biryani,Non-Veg,107,2026-08-14,13:45,11.010739,76.885886,R012,FOOD_BANK,10.991543,76.851715,300,1,1,1,20,8,5.44,22,1
F000678,Mixed Veg Meals,Veg,142,2026-01-03,21:15,10.983486,76.946385,R019,FOOD_BANK,10.978431,76.99707,150,1,1,1,25,12,6.38,21,1
F000679,Mixed Veg Meals,Veg,133,2026-05-22,20:45,11.012293,76.884686,R073,NGO,11.055782,76.867067,180,1,1,1,0,15,6.4,19,1
F000680,Veg Noodles,Veg,93,2026-02-09,19:30,10.961692,76.988005,R042,NGO,10.996123,76.965899,75,1,1,0,0,15,5.52,26,0
F000681,Egg Biryani,Non-Veg,101,2026-04-12,22:00,10.939281,76.954544,R029,FOOD_BANK,11.006256,76.917282,200,1,0,0,60,15,10.95,33,0
F000682,Tamarind Rice,Veg,49,2026-02-04,20:15,11.076864,76.976338,R028,FOOD_BANK,11.08297,76.957199,500,1,1,1,30,12,2.65,14,0
F000683,Tamarind Rice,Veg,137,2026-05-04,13:00,10.993725,76.957415,R024,FOOD_BANK,10.995209,76.955337,100,1,1,1,50,12,0.5,9,0
F000684,Tamarind Rice,Veg,115,2026-04-14,19:30,11.079609,76.965395,R070,NGO,11.00895,76.982832,100,1,1,1,0,15,9.05,31,0
F000685,Chapati & Kurma,Veg,165,2026-03-27,21:45,11.02334,76.906764,R078,NGO,10.960637,76.974029,100,1,1,0,0,15,13.08,30,0
F000686,Pongal,Veg,100,2026-03-05,20:15,11.053896,77.023402,R050,NGO,11.041148,77.014453,180,1,0,0,0,15,2.11,13,0
F000687,Mixed Veg Meals,Veg,110,2026-03-30,14:45,11.024082,76.981748,R082,NGO,10.926687,76.982445,150,1,0,1,0,15,13.12,38,0
F000688,Egg Fried Rice,Non-Veg,116,2026-03-03,13:15,11.004965,76.92703,R100,NGO,11.03497,76.938284,75,1,1,1,0,15,4.17,11,0
F000689,Curd Rice,Veg,123,2026-03-25,14:15,11.032916,76.872503,R113,NGO,10.999687,76.916433,150,1,0,0,0,15,7.93,22,0
F000690,Egg Curry & Rice,Non-Veg,87,2026-07-03,10:00,10.973793,76.954491,R032,FOOD_BANK,10.961916,76.996051,300,1,1,1,25,8,5.55,17,1
F000691,Chapati & Kurma,Veg,72,2026-09-11,13:00,11.039384,76.920741,R048,NGO,11.057634,76.973017,250,1,1,1,0,15,7.72,22,1
F000692,Curd Rice,Veg,135,2026-07-04,22:15,11.010484,76.997546,R043,NGO,11.032353,76.968259,120,1,1,1,0,15,4.86,21,0
F000693,Paneer Rice,Veg,103,2026-07-24,12:00,11.07664,76.919621,R029,FOOD_BANK,11.006256,76.917282,200,1,0,1,60,15,9.21,22,1
F000694,Veg Noodles,Veg,102,2026-06-07,21:15,10.99924,76.975315,R098,NGO,11.05394,76.961166,80,1,1,1,0,15,8.2,25,0
F000695,Chicken Noodles,Non-Veg,65,2026-05-02,22:15,11.010739,76.885886,R068,NGO,11.033,76.841178,180,1,0,0,0,15,7.19,16,0
F000696,Curd Rice,Veg,107,2026-03-05,20:45,11.023729,76.992516,R085,NGO,11.08813,76.948347,50,1,1,1,0,15,9.78,31,0
F000697,Paneer Rice,Veg,70,2026-06-26,20:15,11.076864,76.976338,R035,FOOD_BANK,11.005659,76.957081,500,1,0,1,25,6,10.59,28,0
F000698,Chicken Curry & Rice,Non-Veg,146,2026-08-17,12:15,11.010739,76.885886,R035,FOOD_BANK,11.005659,76.957081,500,1,0,1,25,6,8.87,27,0
F000699,Pongal,Veg,147,2026-08-25,22:45,10.984536,76.8803,R083,NGO,11.048239,76.905998,120,1,1,1,0,15,9.16,30,0
F000700,Idli & Sambar,Veg,148,2026-06-07,19:15,11.028005,76.921622,R085,NGO,11.08813,76.948347,50,1,1,1,0,15,8.2,23,0
F000701,Mixed Veg Meals,Veg,83,2026-08-03,18:30,11.032916,76.872503,R055,NGO,10.989074,76.971947,150,1,1,1,0,15,13.47,45,0
F000702,Lemon Rice,Veg,159,2026-06-26,21:45,11.006786,77.010739,R032,FOOD_BANK,10.961916,76.996051,300,1,1,1,25,8,6.8,19,1
F000703,Idli & Sambar,Veg,147,2026-02-28,21:00,11.019931,77.01857,R079,NGO,10.979008,76.977548,250,1,1,1,0,15,7.51,19,1
F000704,Curd Rice,Veg,115,2026-03-05,23:00,10.99924,76.975315,R024,FOOD_BANK,10.995209,76.955337,100,1,1,0,50,12,2.75,14,0
F000705,Lemon Rice,Veg,107,2026-06-08,14:00,11.07664,76.919621,R064,NGO,11.019483,77.032452,60,1,1,1,0,15,17.24,62,0
F000706,Sambar Rice,Veg,116,2026-05-26,21:30,10.979497,76.93907,R055,NGO,10.989074,76.971947,150,1,1,1,0,15,4.26,10,1
F000707,Lemon Rice,Veg,141,2026-06-17,13:15,11.010053,76.918261,R054,NGO,10.992456,76.917474,200,1,0,1,0,15,2.39,13,1
F000708,Veg Noodles,Veg,70,2026-02-03,20:15,11.07664,76.919621,R010,FOOD_BANK,11.013706,76.936718,500,1,1,1,30,10,8.67,19,1
F000709,Pongal,Veg,120,2026-07-11,20:15,11.03264,76.921297,R095,NGO,11.085787,76.952733,150,1,1,0,0,15,8.25,23,0
F000710,Dal Rice,Veg,198,2026-02-20,20:15,10.966962,76.944406,R065,NGO,10.969044,76.961977,180,1,1,1,0,15,2.28,14,0
F000711,Mixed Veg Meals,Veg,177,2026-08-26,20:00,11.053896,77.023402,R046,NGO,11.03532,76.96968,50,1,0,1,0,15,7.44,26,0
F000712,Dal Rice,Veg,116,2026-02-16,18:30,11.03264,76.921297,R101,NGO,11.05457,77.05428,150,1,1,1,0,15,19.09,48,0
F000713,Lemon Rice,Veg,147,2026-07-11,22:00,11.023729,76.992516,R058,NGO,11.044285,76.99815,60,1,1,1,0,15,2.72,15,0
F000714,Fish Curry & Rice,Non-Veg,111,2026-06-04,23:15,11.010739,76.885886,R107,NGO,10.973743,76.935486,80,1,1,1,0,15,8.75,20,0
F000715,Chapati & Kurma,Veg,100,2026-06-11,20:45,11.03264,76.921297,R060,NGO,11.075079,76.981996,40,1,0,1,0,15,9.0,18,0
F000716,Paneer Rice,Veg,50,2026-05-30,22:30,11.053896,77.023402,R040,NGO,11.077527,76.976975,60,1,1,1,0,15,6.78,22,1
F000717,Chicken Curry & Rice,Non-Veg,48,2026-07-18,21:30,11.006786,77.010739,R063,NGO,11.00096,76.956294,200,1,0,1,0,15,7.35,26,0
F000718,Veg Noodles,Veg,99,2026-08-27,12:00,11.079609,76.965395,R056,NGO,11.046451,76.888718,120,1,1,1,0,15,11.76,41,0
F000719,Chicken Biryani,Non-Veg,89,2026-09-04,14:00,11.031674,76.940688,R055,NGO,10.989074,76.971947,150,1,1,1,0,15,6.85,27,1
F000720,Dal Rice,Veg,122,2026-07-31,12:30,10.939281,76.954544,R013,FOOD_BANK,10.997835,76.963916,350,1,1,1,30,8,7.37,26,1
F000721,Chapati & Kurma,Veg,50,2026-06-02,13:45,11.009674,76.987054,R100,NGO,11.03497,76.938284,75,1,1,1,0,15,6.62,20,1
F000722,Egg Biryani,Non-Veg,89,2026-06-13,22:45,10.966962,76.944406,R085,NGO,11.08813,76.948347,50,1,1,1,0,15,16.01,50,0
F000723,Sambar Rice,Veg,127,2026-05-06,23:45,11.014847,77.018815,R041,NGO,11.020484,77.068669,120,1,1,1,0,15,6.42,21,0
F000724,Chicken Biryani,Non-Veg,84,2026-04-28,20:00,11.03264,76.921297,R099,NGO,10.897905,76.956454,50,1,1,0,0,15,19.81,49,0
F000725,Upma,Veg,84,2026-04-14,18:15,10.973793,76.954491,R043,NGO,11.032353,76.968259,120,1,1,1,0,15,7.95,25,1
F000726,Upma,Veg,156,2026-04-09,17:30,11.012293,76.884686,R081,NGO,11.006904,76.896341,75,1,1,1,0,15,1.71,13,0
F000727,Mixed Veg Meals,Veg,100,2026-01-04,19:45,10.983486,76.946385,R100,NGO,11.03497,76.938284,75,1,1,0,0,15,7.32,17,0
F000728,Mixed Veg Meals,Veg,88,2026-07-25,19:45,10.993725,76.957415,R045,NGO,10.944544,76.979626,40,1,1,1,0,15,7.16,29,0
F000729,Vegetable Biryani,Veg,102,2026-03-18,21:30,11.079609,76.965395,R100,NGO,11.03497,76.938284,75,1,1,1,0,15,7.03,23,0
F000730,Idli & Sambar,Veg,183,2026-04-01,20:45,11.009237,76.990411,R042,NGO,10.996123,76.965899,75,1,1,1,0,15,3.55,12,0
F000731,Chicken Noodles,Non-Veg,85,2026-03-29,20:45,10.961692,76.988005,R035,FOOD_BANK,11.005659,76.957081,500,1,0,1,25,6,7.18,26,0
F000732,Fish Curry & Rice,Non-Veg,56,2026-06-26,21:00,10.961692,76.988005,R004,FOOD_BANK,11.030506,77.02175,350,1,0,1,60,8,9.8,31,0
F000733,Upma,Veg,86,2026-08-11,12:15,11.076864,76.976338,R039,NGO,11.112771,76.941297,80,1,0,0,0,15,6.54,23,0
F000734,Tomato Rice,Veg,112,2026-01-08,22:00,10.932716,76.940667,R099,NGO,10.897905,76.956454,50,1,1,1,0,15,5.51,21,0
F000735,Pongal,Veg,122,2026-07-06,12:15,11.010053,76.918261,R022,FOOD_BANK,11.008467,76.858868,180,1,1,1,30,12,8.42,21,1
F000736,Curd Rice,Veg,67,2026-01-16,22:30,11.033528,76.977257,R053,NGO,11.001509,77.017312,250,1,1,1,0,15,6.21,23,1
F000737,Mixed Veg Meals,Veg,44,2026-08-11,22:15,11.023729,76.992516,R116,NGO,11.012179,76.851992,150,1,0,0,0,15,17.02,37,0
F000738,Veg Fried Rice,Veg,102,2026-04-24,20:15,11.033528,76.977257,R006,FOOD_BANK,11.071337,76.997418,180,1,1,1,40,15,5.4,16,1
F000739,Paneer Rice,Veg,35,2026-08-12,23:15,11.004965,76.92703,R076,NGO,11.005115,76.870368,50,1,0,1,0,15,6.83,25,1
F000740,Tomato Rice,Veg,101,2026-01-28,21:00,11.038515,77.035361,R041,NGO,11.020484,77.068669,120,1,1,0,0,15,4.89,15,0
F000741,Paneer Rice,Veg,73,2026-05-08,13:00,10.939281,76.954544,R090,NGO,10.96531,76.904554,80,1,1,1,0,15,7.83,24,1
F000742,Dal Rice,Veg,102,2026-04-29,10:30,11.006786,77.010739,R024,FOOD_BANK,10.995209,76.955337,100,1,1,1,50,12,7.72,27,0
F000743,Egg Fried Rice,Non-Veg,79,2026-02-02,20:15,10.955,76.939241,R010,FOOD_BANK,11.013706,76.936718,500,1,1,1,30,10,7.51,26,1
F000744,Dal Rice,Veg,129,2026-03-23,20:30,10.966962,76.944406,R078,NGO,10.960637,76.974029,100,1,1,1,0,15,3.92,15,0
F000745,Tamarind Rice,Veg,109,2026-08-14,18:45,11.023729,76.992516,R119,NGO,11.046134,77.006426,250,1,1,1,0,15,3.45,13,1
F000746,Fish Curry & Rice,Non-Veg,72,2026-01-18,13:45,10.932716,76.940667,R071,NGO,11.01227,76.928148,60,1,1,1,0,15,10.32,26,0
F000747,Mixed Veg Meals,Veg,64,2026-03-13,18:30,11.009674,76.987054,R015,FOOD_BANK,10.998013,77.032486,120,1,1,1,75,18,6.51,15,0
F000748,Fish Curry & Rice,Non-Veg,86,2026-01-09,19:15,11.039384,76.920741,R049,NGO,11.082,76.990118,200,1,1,0,0,15,9.86,32,0
F000749,Curd Rice,Veg,102,2026-08-15,21:00,11.024082,76.981748,R094,NGO,11.060926,77.018643,50,1,1,1,0,15,6.71,19,0
F000750,Veg Noodles,Veg,97,2026-04-05,20:30,10.984536,76.8803,R013,FOOD_BANK,10.997835,76.963916,350,1,1,1,30,8,10.39,25,0
F000751,Idli & Sambar,Veg,74,2026-03-17,11:15,11.004965,76.92703,R099,NGO,10.897905,76.956454,50,1,1,0,0,15,16.07,42,0
F000752,Chicken Curry & Rice,Non-Veg,44,2026-06-12,19:15,11.053896,77.023402,R066,NGO,11.064176,76.963349,120,1,0,1,0,15,7.52,28,0
F000753,Chicken Fried Rice,Non-Veg,112,2026-01-14,18:30,11.079609,76.965395,R070,NGO,11.00895,76.982832,100,1,1,0,0,15,9.05,21,0
F000754,Paneer Rice,Veg,130,2026-03-03,21:15,10.99924,76.975315,R031,FOOD_BANK,10.940331,76.930152,250,1,1,1,30,12,9.47,25,1
F000755,Veg Fried Rice,Veg,161,2026-04-03,20:45,10.961692,76.988005,R055,NGO,10.989074,76.971947,150,1,1,0,0,15,3.88,11,0
F000756,Tomato Rice,Veg,92,2026-05-11,20:00,10.939281,76.954544,R034,FOOD_BANK,10.933246,76.91673,300,1,1,1,75,8,4.66,17,1
F000757,Upma,Veg,120,2026-01-02,20:00,11.020654,77.047909,R041,NGO,11.020484,77.068669,120,1,1,1,0,15,2.84,9,1
F000758,Vegetable Biryani,Veg,105,2026-08-05,20:45,10.932716,76.940667,R081,NGO,11.006904,76.896341,75,1,1,1,0,15,11.98,33,0
F000759,Vegetable Biryani,Veg,122,2026-07-19,13:30,10.99924,76.975315,R004,FOOD_BANK,11.030506,77.02175,350,1,0,1,60,8,7.04,26,1
F000760,Chicken Biryani,Non-Veg,75,2026-03-09,14:00,10.983486,76.946385,R090,NGO,10.96531,76.904554,80,1,1,1,0,15,6.16,19,1
F000761,Sambar Rice,Veg,47,2026-06-15,18:45,10.976233,76.931534,R096,NGO,11.028388,76.923499,250,1,0,1,0,15,7.23,22,1
F000762,Lemon Rice,Veg,127,2026-01-31,21:30,11.079609,76.965395,R085,NGO,11.08813,76.948347,50,1,1,1,0,15,2.5,11,0
F000763,Sambar Rice,Veg,162,2026-01-22,20:15,11.07664,76.919621,R035,FOOD_BANK,11.005659,76.957081,500,1,0,1,25,6,10.52,38,0
F000764,Chicken Noodles,Non-Veg,45,2026-05-27,13:15,10.99924,76.975315,R103,NGO,11.013321,76.996693,60,1,0,1,0,15,3.53,9,0
F000765,Pongal,Veg,40,2026-07-16,18:00,11.020654,77.047909,R004,FOOD_BANK,11.030506,77.02175,350,1,0,0,60,8,3.38,16,0
F000766,Chicken Curry & Rice,Non-Veg,29,2026-07-15,13:15,11.023729,76.992516,R046,NGO,11.03532,76.96968,50,1,0,0,0,15,3.51,10,0
F000767,Idli & Sambar,Veg,157,2026-07-08,11:45,10.961692,76.988005,R045,NGO,10.944544,76.979626,40,1,1,1,0,15,2.75,11,0
F000768,Lemon Rice,Veg,90,2026-01-11,11:45,11.009674,76.987054,R026,FOOD_BANK,11.077481,76.979058,120,1,0,0,50,6,8.75,20,0
F000769,Dal Rice,Veg,30,2026-03-09,19:00,10.932716,76.940667,R034,FOOD_BANK,10.933246,76.91673,300,1,1,1,75,8,3.17,15,0
F000770,Paneer Rice,Veg,18,2026-05-23,21:30,11.053896,77.023402,R074,NGO,11.052052,76.880485,250,1,1,1,0,15,18.21,38,0
F000771,Egg Biryani,Non-Veg,117,2026-03-27,13:00,11.07664,76.919621,R026,FOOD_BANK,11.077481,76.979058,120,1,0,1,50,6,7.52,23,0
F000772,Pongal,Veg,106,2026-09-08,11:15,11.009674,76.987054,R097,NGO,10.914195,76.949189,100,1,1,1,0,15,13.85,33,0
F000773,Sambar Rice,Veg,40,2026-05-19,23:00,10.99924,76.975315,R117,NGO,10.970674,77.017528,80,1,1,1,0,15,6.46,18,1
F000774,Pongal,Veg,134,2026-07-02,11:30,10.966962,76.944406,R024,FOOD_BANK,10.995209,76.955337,100,1,1,1,50,12,4.06,15,0
F000775,Tamarind Rice,Veg,71,2026-09-17,22:15,11.014847,77.018815,R044,NGO,10.991885,76.990569,60,1,0,1,0,15,5.24,18,0
F000776,Fish Curry & Rice,Non-Veg,91,2026-09-22,20:30,11.03264,76.921297,R095,NGO,11.085787,76.952733,150,1,1,1,0,15,8.25,20,0
F000777,Dal Rice,Veg,63,2026-05-05,21:45,11.006786,77.010739,R020,FOOD_BANK,10.980675,76.991318,120,1,0,0,25,8,4.67,14,0
F000778,Upma,Veg,123,2026-02-24,10:45,11.014847,77.018815,R043,NGO,11.032353,76.968259,120,1,1,1,0,15,7.45,17,0
F000779,Tomato Rice,Veg,82,2026-08-25,12:45,11.079609,76.965395,R086,NGO,11.003612,76.964368,100,1,0,1,0,15,10.04,33,1
F000780,Tomato Rice,Veg,77,2026-02-19,22:30,10.955,76.939241,R059,NGO,10.946464,76.967626,60,1,1,1,0,15,3.89,11,0
F000781,Chicken Noodles,Non-Veg,34,2026-02-07,11:00,11.058243,76.998573,R018,FOOD_BANK,11.033443,76.984609,300,1,0,1,20,6,3.55,17,0
F000782,Mixed Veg Meals,Veg,152,2026-03-16,22:00,11.053896,77.023402,R098,NGO,11.05394,76.961166,80,1,1,1,0,15,8.04,20,0
F000783,Egg Curry & Rice,Non-Veg,63,2026-07-27,21:45,11.004965,76.92703,R030,FOOD_BANK,11.039951,77.043483,180,1,1,1,75,8,16.81,42,0
F000784,Chicken Fried Rice,Non-Veg,100,2026-09-12,19:45,11.039384,76.920741,R035,FOOD_BANK,11.005659,76.957081,500,1,0,1,25,6,6.84,18,0
F000785,Chicken Noodles,Non-Veg,100,2026-09-01,21:45,11.028005,76.921622,R054,NGO,10.992456,76.917474,200,1,0,0,0,15,4.91,18,0
F000786,Paneer Rice,Veg,58,2026-01-16,22:15,10.983486,76.946385,R031,FOOD_BANK,10.940331,76.930152,250,1,1,1,30,12,6.23,18,1
F000787,Egg Fried Rice,Non-Veg,113,2026-04-18,11:15,11.010739,76.885886,R037,NGO,11.000097,76.871592,200,1,0,0,0,15,2.41,12,0
F000788,Fish Curry & Rice,Non-Veg,67,2026-05-13,14:45,11.07664,76.919621,R002,FOOD_BANK,11.088582,76.941869,400,1,1,1,25,8,3.59,12,1
F000789,Dal Rice,Veg,186,2026-01-06,13:30,11.006786,77.010739,R004,FOOD_BANK,11.030506,77.02175,350,1,0,1,60,8,3.45,18,1
F000790,Egg Biryani,Non-Veg,89,2026-04-27,20:00,11.010053,76.918261,R008,FOOD_BANK,11.007782,76.873074,350,1,1,0,40,6,6.44,20,0
F000791,Tamarind Rice,Veg,191,2026-01-24,22:45,10.961692,76.988005,R047,NGO,10.948704,77.00128,200,1,0,1,0,15,2.29,15,1
F000792,Pongal,Veg,129,2026-01-19,11:30,11.006786,77.010739,R078,NGO,10.960637,76.974029,100,1,1,1,0,15,7.44,24,0
F000793,Veg Noodles,Veg,64,2026-06-16,14:00,10.99924,76.975315,R047,NGO,10.948704,77.00128,200,1,0,1,0,15,7.34,26,0
F000794,Dal Rice,Veg,61,2026-07-31,19:30,11.031674,76.940688,R086,NGO,11.003612,76.964368,100,1,0,1,0,15,5.21,16,1
F000795,Fish Curry & Rice,Non-Veg,100,2026-04-15,19:00,10.979497,76.93907,R043,NGO,11.032353,76.968259,120,1,1,1,0,15,8.06,25,1
F000796,Mixed Veg Meals,Veg,50,2026-09-13,18:15,10.961692,76.988005,R093,NGO,10.964782,76.951669,100,1,0,1,0,15,4.53,17,1
F000797,Tamarind Rice,Veg,156,2026-02-16,21:30,10.976233,76.931534,R052,NGO,10.949148,76.902044,40,1,0,1,0,15,4.98,13,0
F000798,Tamarind Rice,Veg,81,2026-07-03,21:30,10.979497,76.93907,R104,NGO,11.122467,76.92657,80,1,1,1,0,15,17.94,44,0
F000799,Egg Fried Rice,Non-Veg,107,2026-01-03,18:00,10.966962,76.944406,R087,NGO,11.045743,76.907648,75,1,0,1,0,15,10.94,27,0
F000800,Pongal,Veg,115,2026-03-31,13:00,11.009674,76.987054,R039,NGO,11.112771,76.941297,80,1,0,1,0,15,14.17,31,0
F000801,Chicken Biryani,Non-Veg,141,2026-08-29,18:45,11.010053,76.918261,R115,NGO,11.024606,76.91699,200,1,1,1,0,15,1.81,9,1
F000802,Lemon Rice,Veg,61,2026-01-23,20:15,11.058243,76.998573,R048,NGO,11.057634,76.973017,250,1,1,1,0,15,3.68,13,1
F000803,Curd Rice,Veg,97,2026-03-09,22:30,10.955,76.939241,R037,NGO,11.000097,76.871592,200,1,0,1,0,15,9.85,25,0
F000804,Veg Fried Rice,Veg,112,2026-06-16,19:00,11.023729,76.992516,R036,FOOD_BANK,11.039233,77.037241,180,1,1,1,20,6,5.8,21,1
F000805,Chapati & Kurma,Veg,69,2026-02-12,10:00,11.004965,76.92703,R092,NGO,11.044914,76.905894,50,1,0,0,0,15,5.51,24,0
F000806,Vegetable Biryani,Veg,68,2026-05-17,13:30,11.010739,76.885886,R042,NGO,10.996123,76.965899,75,1,1,1,0,15,10.06,28,0
F000807,Paneer Rice,Veg,67,2026-08-07,19:15,10.983486,76.946385,R032,FOOD_BANK,10.961916,76.996051,300,1,1,1,25,8,7.79,22,1
F000808,Veg Fried Rice,Veg,125,2026-06-07,13:15,11.033528,76.977257,R060,NGO,11.075079,76.981996,40,1,0,1,0,15,5.81,25,0
F000809,Egg Biryani,Non-Veg,122,2026-08-26,23:15,11.038515,77.035361,R071,NGO,11.01227,76.928148,60,1,1,1,0,15,13.89,37,0
F000810,Veg Noodles,Veg,75,2026-07-29,19:30,11.010053,76.918261,R007,FOOD_BANK,10.953647,76.979401,350,1,1,1,50,8,11.59,32,0
F000811,Pongal,Veg,176,2026-03-15,21:30,10.961692,76.988005,R082,NGO,10.926687,76.982445,150,1,0,0,0,15,4.94,19,0
F000812,Paneer Rice,Veg,79,2026-08-05,22:30,11.039384,76.920741,R095,NGO,11.085787,76.952733,150,1,1,1,0,15,7.3,17,1
F000813,Tamarind Rice,Veg,81,2026-05-01,17:30,10.939281,76.954544,R034,FOOD_BANK,10.933246,76.91673,300,1,1,1,75,8,4.66,15,1
F000814,Egg Curry & Rice,Non-Veg,69,2026-01-30,18:00,11.031674,76.940688,R029,FOOD_BANK,11.006256,76.917282,200,1,0,0,60,15,4.61,13,0
F000815,Veg Fried Rice,Veg,96,2026-03-05,19:30,11.010739,76.885886,R085,NGO,11.08813,76.948347,50,1,1,0,0,15,13.35,39,0
F000816,Dal Rice,Veg,122,2026-06-09,20:15,11.010739,76.885886,R116,NGO,11.012179,76.851992,150,1,0,1,0,15,4.18,15,1
F000817,Lemon Rice,Veg,96,2026-02-27,21:00,11.004965,76.92703,R087,NGO,11.045743,76.907648,75,1,0,1,0,15,6.34,23,0
F000818,Chapati & Kurma,Veg,102,2026-03-03,14:15,10.993725,76.957415,R051,NGO,10.961994,76.921525,120,1,1,1,0,15,6.81,17,0
F000819,Idli & Sambar,Veg,170,2026-05-03,10:45,10.966962,76.944406,R091,NGO,11.008782,77.025358,50,1,0,0,0,15,11.43,27,0
F000820,Tomato Rice,Veg,176,2026-05-21,19:30,11.009674,76.987054,R020,FOOD_BANK,10.980675,76.991318,120,1,0,1,25,8,3.96,12,0
F000821,Veg Noodles,Veg,125,2026-03-13,12:30,10.932716,76.940667,R052,NGO,10.949148,76.902044,40,1,0,0,0,15,5.08,15,0
F000822,Chicken Curry & Rice,Non-Veg,66,2026-01-30,14:15,11.004965,76.92703,R057,NGO,11.013714,76.896117,60,1,1,1,0,15,4.41,17,0
F000823,Fish Curry & Rice,Non-Veg,28,2026-01-20,23:45,11.07664,76.919621,R049,NGO,11.082,76.990118,200,1,1,1,0,15,9.4,21,1
F000824,Veg Fried Rice,Veg,85,2026-08-13,20:45,10.979497,76.93907,R090,NGO,10.96531,76.904554,80,1,1,0,0,15,5.0,16,0
F000825,Egg Curry & Rice,Non-Veg,86,2026-06-15,22:30,10.979497,76.93907,R010,FOOD_BANK,11.013706,76.936718,500,1,1,1,30,10,4.42,16,1
F000826,Vegetable Biryani,Veg,130,2026-02-24,14:15,11.053896,77.023402,R118,NGO,11.078871,76.965426,200,1,0,1,0,15,8.75,22,1
F000827,Upma,Veg,105,2026-03-12,21:30,11.012293,76.884686,R013,FOOD_BANK,10.997835,76.963916,350,1,1,1,30,8,10.09,33,0
F000828,Chapati & Kurma,Veg,77,2026-07-06,17:30,11.038515,77.035361,R111,NGO,11.047062,76.964365,200,1,1,0,0,15,9.11,25,0
F000829,Paneer Rice,Veg,67,2026-04-25,21:45,11.009674,76.987054,R063,NGO,11.00096,76.956294,200,1,0,1,0,15,3.91,17,1
F000830,Idli & Sambar,Veg,94,2026-08-12,21:30,11.024082,76.981748,R084,NGO,11.032741,77.049457,80,1,1,0,0,15,8.53,25,0
F000831,Chicken Noodles,Non-Veg,108,2026-04-11,18:00,11.058243,76.998573,R069,NGO,11.019827,77.006835,200,1,1,1,0,15,5.05,18,0
F000832,Egg Biryani,Non-Veg,64,2026-06-04,17:00,11.03264,76.921297,R096,NGO,11.028388,76.923499,250,1,0,0,0,15,0.63,10,0
F000833,Chicken Fried Rice,Non-Veg,37,2026-08-31,23:15,11.014847,77.018815,R046,NGO,11.03532,76.96968,50,1,0,1,0,15,7.26,25,0
F000834,Paneer Rice,Veg,106,2026-03-16,23:15,11.024082,76.981748,R046,NGO,11.03532,76.96968,50,1,0,1,0,15,2.34,10,0
F000835,Vegetable Biryani,Veg,108,2026-03-21,12:30,11.009674,76.987054,R050,NGO,11.041148,77.014453,180,1,0,1,0,15,5.86,21,1
F000836,Egg Fried Rice,Non-Veg,104,2026-07-16,13:15,11.031674,76.940688,R029,FOOD_BANK,11.006256,76.917282,200,1,0,1,60,15,4.61,13,0
F000837,Tomato Rice,Veg,173,2026-09-15,18:45,11.033528,76.977257,R015,FOOD_BANK,10.998013,77.032486,120,1,1,1,75,18,8.92,27,0
F000838,Egg Biryani,Non-Veg,56,2026-04-18,12:15,11.028005,76.921622,R008,FOOD_BANK,11.007782,76.873074,350,1,1,1,40,6,6.75,30,0
F000839,Idli & Sambar,Veg,99,2026-07-29,13:45,11.076864,76.976338,R018,FOOD_BANK,11.033443,76.984609,300,1,0,1,20,6,5.78,20,1
F000840,Vegetable Biryani,Veg,154,2026-02-13,17:00,11.009237,76.990411,R086,NGO,11.003612,76.964368,100,1,0,1,0,15,3.65,15,0
F000841,Veg Fried Rice,Veg,38,2026-07-17,17:15,10.983486,76.946385,R032,FOOD_BANK,10.961916,76.996051,300,1,1,1,25,8,7.79,24,1
F000842,Paneer Rice,Veg,64,2026-06-22,20:00,11.056687,76.895452,R068,NGO,11.033,76.841178,180,1,0,1,0,15,7.63,19,0
F000843,Mixed Veg Meals,Veg,160,2026-08-16,17:15,11.031674,76.940688,R113,NGO,10.999687,76.916433,150,1,0,1,0,15,5.5,20,0
F000844,Veg Fried Rice,Veg,78,2026-06-20,22:00,10.989657,77.033427,R069,NGO,11.019827,77.006835,200,1,1,1,0,15,5.02,15,1
F000845,Egg Curry & Rice,Non-Veg,67,2026-04-23,19:30,10.993725,76.957415,R107,NGO,10.973743,76.935486,80,1,1,0,0,15,4.19,15,0
F000846,Lemon Rice,Veg,117,2026-05-21,23:15,11.009674,76.987054,R106,NGO,11.012111,77.034302,75,1,0,1,0,15,6.11,16,0
F000847,Tamarind Rice,Veg,193,2026-05-31,19:00,10.989657,77.033427,R032,FOOD_BANK,10.961916,76.996051,300,1,1,1,25,8,5.91,13,1
F000848,Veg Noodles,Veg,74,2026-03-04,18:45,10.99924,76.975315,R013,FOOD_BANK,10.997835,76.963916,350,1,1,1,30,8,1.57,10,1
F000849,Chicken Fried Rice,Non-Veg,55,2026-06-26,22:00,10.983486,76.946385,R057,NGO,11.013714,76.896117,60,1,1,1,0,15,8.28,21,1
F000850,Veg Noodles,Veg,39,2026-06-14,13:45,10.983486,76.946385,R034,FOOD_BANK,10.933246,76.91673,300,1,1,1,75,8,7.31,21,0
F000851,Egg Curry & Rice,Non-Veg,64,2026-01-04,19:30,11.014847,77.018815,R032,FOOD_BANK,10.961916,76.996051,300,1,1,1,25,8,7.21,21,1
F000852,Dal Rice,Veg,74,2026-08-07,23:00,11.039384,76.920741,R028,FOOD_BANK,11.08297,76.957199,500,1,1,1,30,12,8.16,26,1
F000853,Curd Rice,Veg,107,2026-03-27,17:15,10.984536,76.8803,R093,NGO,10.964782,76.951669,100,1,0,1,0,15,9.01,27,0
F000854,Chapati & Kurma,Veg,120,2026-03-13,21:30,11.019931,77.01857,R067,NGO,11.041648,77.017067,180,1,1,1,0,15,3.16,14,1
F000855,Tomato Rice,Veg,70,2026-08-17,19:45,11.038515,77.035361,R006,FOOD_BANK,11.071337,76.997418,180,1,1,1,40,15,6.33,22,1
F000856,Dal Rice,Veg,160,2026-05-05,21:30,10.983486,76.946385,R044,NGO,10.991885,76.990569,60,1,0,1,0,15,6.42,19,0
F000857,Upma,Veg,67,2026-04-06,20:30,11.014847,77.018815,R091,NGO,11.008782,77.025358,50,1,0,0,0,15,1.21,9,0
F000858,Vegetable Biryani,Veg,121,2026-06-01,21:45,10.984536,76.8803,R071,NGO,11.01227,76.928148,60,1,1,1,0,15,7.24,23,0
F000859,Chicken Curry & Rice,Non-Veg,146,2026-07-17,18:30,11.014847,77.018815,R017,FOOD_BANK,11.017238,76.837799,500,1,1,1,60,12,25.54,54,0
F000860,Lemon Rice,Veg,121,2026-07-26,19:15,10.989657,77.033427,R075,NGO,10.946154,76.960857,120,1,0,0,0,15,11.17,26,0
F000861,Chicken Noodles,Non-Veg,96,2026-01-04,13:45,11.009237,76.990411,R013,FOOD_BANK,10.997835,76.963916,350,1,1,1,30,8,3.83,12,1
F000862,Chicken Curry & Rice,Non-Veg,91,2026-01-13,22:00,11.009237,76.990411,R058,NGO,11.044285,76.99815,60,1,1,0,0,15,4.39,12,0
F000863,Chicken Biryani,Non-Veg,146,2026-08-05,14:15,11.079609,76.965395,R083,NGO,11.048239,76.905998,120,1,1,1,0,15,9.43,23,0
F000864,Sambar Rice,Veg,132,2026-01-01,19:30,10.989657,77.033427,R063,NGO,11.00096,76.956294,200,1,0,1,0,15,9.79,25,1
F000865,Egg Curry & Rice,Non-Veg,39,2026-05-27,19:00,11.038515,77.035361,R117,NGO,10.970674,77.017528,80,1,1,0,0,15,8.97,29,0
F000866,Chapati & Kurma,Veg,96,2026-09-22,12:00,11.053896,77.023402,R109,NGO,11.029882,77.043934,120,1,0,0,0,15,4.31,16,0
F000867,Lemon Rice,Veg,83,2026-04-25,17:30,11.023729,76.992516,R006,FOOD_BANK,11.071337,76.997418,180,1,1,1,40,15,6.02,22,1
F000868,Egg Curry & Rice,Non-Veg,53,2026-06-11,14:15,11.058243,76.998573,R040,NGO,11.077527,76.976975,60,1,1,1,0,15,3.92,15,1
F000869,Vegetable Biryani,Veg,174,2026-04-13,21:45,10.976233,76.931534,R058,NGO,11.044285,76.99815,60,1,1,1,0,15,11.8,29,0
F000870,Chicken Fried Rice,Non-Veg,95,2026-01-24,12:45,11.038515,77.035361,R011,FOOD_BANK,11.031302,77.041945,350,1,1,1,60,6,1.25,8,1
F000871,Curd Rice,Veg,149,2026-03-03,13:15,10.989657,77.033427,R077,NGO,11.021303,77.050329,150,1,0,1,0,15,4.45,17,1
F000872,Curd Rice,Veg,105,2026-09-02,12:45,11.032916,76.872503,R081,NGO,11.006904,76.896341,75,1,1,0,0,15,4.8,21,0
F000873,Lemon Rice,Veg,48,2026-01-08,14:30,11.053896,77.023402,R102,NGO,11.026939,76.970836,75,1,0,1,0,15,7.34,25,1
F000874,Veg Noodles,Veg,110,2026-05-26,18:00,11.07664,76.919621,R049,NGO,11.082,76.990118,200,1,1,1,0,15,9.4,20,1
F000875,Chicken Curry & Rice,Non-Veg,95,2026-07-13,11:15,11.039384,76.920741,R100,NGO,11.03497,76.938284,75,1,1,0,0,15,2.6,14,0
F000876,Sambar Rice,Veg,167,2026-05-29,12:15,10.939281,76.954544,R033,FOOD_BANK,10.907708,76.987427,400,1,0,1,40,10,5.73,16,1
F000877,Chicken Curry & Rice,Non-Veg,82,2026-05-14,22:00,10.955,76.939241,R051,NGO,10.961994,76.921525,120,1,1,1,0,15,2.62,11,1
F000878,Fish Curry & Rice,Non-Veg,67,2026-04-12,13:30,11.010053,76.918261,R087,NGO,11.045743,76.907648,75,1,0,1,0,15,4.71,15,0
F000879,Chicken Noodles,Non-Veg,54,2026-06-04,23:45,10.984536,76.8803,R076,NGO,11.005115,76.870368,50,1,0,1,0,15,2.92,9,0
F000880,Chapati & Kurma,Veg,77,2026-08-11,19:15,10.99924,76.975315,R072,NGO,11.016329,76.845338,250,1,0,1,0,15,16.23,40,0
F000881,Chicken Biryani,Non-Veg,94,2026-07-08,21:30,10.979497,76.93907,R107,NGO,10.973743,76.935486,80,1,1,1,0,15,0.97,7,0
F000882,Dal Rice,Veg,31,2026-08-27,19:45,10.989657,77.033427,R023,FOOD_BANK,11.067518,77.033737,250,1,1,1,30,8,9.71,27,0
F000883,Lemon Rice,Veg,72,2026-04-07,18:15,11.009674,76.987054,R059,NGO,10.946464,76.967626,60,1,1,0,0,15,8.09,34,0
F000884,Mixed Veg Meals,Veg,135,2026-02-24,14:30,11.023729,76.992516,R098,NGO,11.05394,76.961166,80,1,1,1,0,15,5.31,21,0
F000885,Curd Rice,Veg,167,2026-01-26,23:00,11.006786,77.010739,R119,NGO,11.046134,77.006426,250,1,1,1,0,15,5.31,15,1
F000886,Tamarind Rice,Veg,49,2026-07-30,21:15,11.038515,77.035361,R117,NGO,10.970674,77.017528,80,1,1,1,0,15,8.97,21,1
F000887,Upma,Veg,57,2026-09-09,19:30,11.023729,76.992516,R020,FOOD_BANK,10.980675,76.991318,120,1,0,1,25,8,6.18,24,1
F000888,Pongal,Veg,114,2026-08-17,20:30,11.023729,76.992516,R111,NGO,11.047062,76.964365,200,1,1,1,0,15,5.28,23,1
F000889,Lemon Rice,Veg,119,2026-07-22,19:00,11.010484,76.997546,R064,NGO,11.019483,77.032452,60,1,1,0,0,15,4.92,21,0
F000890,Chicken Fried Rice,Non-Veg,101,2026-05-14,14:45,11.032916,76.872503,R116,NGO,11.012179,76.851992,150,1,0,0,0,15,3.61,16,0
F000891,Upma,Veg,81,2026-09-03,17:45,11.014847,77.018815,R036,FOOD_BANK,11.039233,77.037241,180,1,1,1,20,6,3.77,18,1
F000892,Tamarind Rice,Veg,53,2026-07-20,20:30,11.024082,76.981748,R060,NGO,11.075079,76.981996,40,1,0,1,0,15,6.39,19,0
F000893,Vegetable Biryani,Veg,152,2026-08-09,20:30,10.961692,76.988005,R114,NGO,10.998157,77.025944,75,1,0,1,0,15,7.01,20,0
F000894,Chapati & Kurma,Veg,68,2026-05-22,18:45,11.033528,76.977257,R070,NGO,11.00895,76.982832,100,1,1,1,0,15,3.12,15,1
F000895,Fish Curry & Rice,Non-Veg,35,2026-09-07,19:00,10.961692,76.988005,R110,NGO,11.051228,76.872849,50,1,1,1,0,15,18.56,47,0
F000896,Paneer Rice,Veg,135,2026-09-02,18:00,11.010484,76.997546,R058,NGO,11.044285,76.99815,60,1,1,1,0,15,4.15,17,0
F000897,Chicken Noodles,Non-Veg,125,2026-02-11,21:45,10.961692,76.988005,R024,FOOD_BANK,10.995209,76.955337,100,1,1,1,50,12,5.81,17,0
F000898,Upma,Veg,70,2026-03-14,19:00,11.023729,76.992516,R044,NGO,10.991885,76.990569,60,1,0,1,0,15,4.53,11,0
F000899,Curd Rice,Veg,153,2026-04-15,21:45,10.989657,77.033427,R040,NGO,11.077527,76.976975,60,1,1,1,0,15,13.56,33,0
F000900,Veg Fried Rice,Veg,144,2026-07-29,10:00,11.012293,76.884686,R053,NGO,11.001509,77.017312,250,1,1,1,0,15,18.55,44,0
F000901,Veg Fried Rice,Veg,98,2026-08-12,18:45,10.984536,76.8803,R068,NGO,11.033,76.841178,180,1,0,1,0,15,8.8,32,1
F000902,Veg Noodles,Veg,58,2026-07-21,20:00,10.979497,76.93907,R078,NGO,10.960637,76.974029,100,1,1,1,0,15,5.03,12,1
F000903,Tomato Rice,Veg,90,2026-05-01,18:30,10.939281,76.954544,R055,NGO,10.989074,76.971947,150,1,1,0,0,15,6.92,30,0
F000904,Chicken Biryani,Non-Veg,142,2026-01-13,19:45,11.010739,76.885886,R115,NGO,11.024606,76.91699,200,1,1,1,0,15,4.74,21,1
F000905,Veg Fried Rice,Veg,104,2026-02-28,20:30,11.07664,76.919621,R084,NGO,11.032741,77.049457,80,1,1,0,0,15,18.75,41,0
F000906,Chicken Fried Rice,Non-Veg,86,2026-03-04,14:15,11.009237,76.990411,R091,NGO,11.008782,77.025358,50,1,0,1,0,15,4.97,18,0
F000907,Pongal,Veg,59,2026-09-18,20:15,10.993725,76.957415,R102,NGO,11.026939,76.970836,75,1,0,1,0,15,4.51,15,1
F000908,Egg Fried Rice,Non-Veg,45,2026-03-19,23:45,10.984536,76.8803,R051,NGO,10.961994,76.921525,120,1,1,1,0,15,6.08,21,1
F000909,Dal Rice,Veg,95,2026-02-09,12:15,10.973793,76.954491,R024,FOOD_BANK,10.995209,76.955337,100,1,1,1,50,12,2.98,12,1
F000910,Chicken Noodles,Non-Veg,105,2026-02-12,21:00,10.939281,76.954544,R014,FOOD_BANK,10.969875,76.928412,350,1,1,1,40,15,4.98,20,1
F000911,Vegetable Biryani,Veg,177,2026-04-14,20:45,10.993725,76.957415,R100,NGO,11.03497,76.938284,75,1,1,1,0,15,5.55,16,0
F000912,Idli & Sambar,Veg,100,2026-05-12,13:15,11.031674,76.940688,R027,FOOD_BANK,10.99906,76.98453,100,1,0,0,30,6,7.31,32,0
F000913,Vegetable Biryani,Veg,67,2026-08-05,22:00,11.039384,76.920741,R055,NGO,10.989074,76.971947,150,1,1,1,0,15,9.49,24,0
F000914,Sambar Rice,Veg,135,2026-06-08,14:30,11.058243,76.998573,R098,NGO,11.05394,76.961166,80,1,1,1,0,15,4.91,16,0
F000915,Paneer Rice,Veg,120,2026-05-27,22:30,10.984536,76.8803,R021,FOOD_BANK,11.026716,76.853024,200,1,1,1,25,15,7.03,21,1
F000916,Upma,Veg,91,2026-01-20,20:15,10.989657,77.033427,R089,NGO,11.032373,77.019287,40,1,1,1,0,15,5.58,19,0
F000917,Vegetable Biryani,Veg,57,2026-06-23,13:30,10.983486,76.946385,R031,FOOD_BANK,10.940331,76.930152,250,1,1,1,30,12,6.23,16,1
F000918,Lemon Rice,Veg,70,2026-05-04,13:45,10.939281,76.954544,R090,NGO,10.96531,76.904554,80,1,1,0,0,15,7.83,24,0
F000919,Vegetable Biryani,Veg,116,2026-05-01,11:30,10.993725,76.957415,R065,NGO,10.969044,76.961977,180,1,1,1,0,15,3.1,14,1
F000920,Tamarind Rice,Veg,114,2026-01-21,20:45,11.010053,76.918261,R090,NGO,10.96531,76.904554,80,1,1,1,0,15,6.06,23,0
F000921,Veg Fried Rice,Veg,119,2026-09-17,21:15,11.038515,77.035361,R015,FOOD_BANK,10.998013,77.032486,120,1,1,1,75,18,5.58,17,1
F000922,Egg Curry & Rice,Non-Veg,100,2026-09-16,19:30,11.07664,76.919621,R035,FOOD_BANK,11.005659,76.957081,500,1,0,1,25,6,10.52,27,0
F000923,Chicken Biryani,Non-Veg,55,2026-04-11,10:00,11.010484,76.997546,R078,NGO,10.960637,76.974029,100,1,1,0,0,15,7.32,21,0
F000924,Mixed Veg Meals,Veg,138,2026-08-10,19:00,11.02334,76.906764,R107,NGO,10.973743,76.935486,80,1,1,1,0,15,7.7,17,0
F000925,Egg Curry & Rice,Non-Veg,36,2026-01-28,20:00,11.033528,76.977257,R100,NGO,11.03497,76.938284,75,1,1,1,0,15,5.49,17,1
F000926,Mixed Veg Meals,Veg,112,2026-05-26,21:30,10.99924,76.975315,R103,NGO,11.013321,76.996693,60,1,0,0,0,15,3.53,12,0
F000927,Chicken Noodles,Non-Veg,57,2026-02-22,22:15,11.009237,76.990411,R098,NGO,11.05394,76.961166,80,1,1,1,0,15,7.61,30,1
F000928,Lemon Rice,Veg,140,2026-05-03,10:00,11.033528,76.977257,R006,FOOD_BANK,11.071337,76.997418,180,1,1,1,40,15,5.4,23,1
F000929,Chapati & Kurma,Veg,90,2026-02-05,13:15,11.014847,77.018815,R005,FOOD_BANK,11.070808,77.000467,400,1,1,1,30,6,7.59,21,0
F000930,Chicken Curry & Rice,Non-Veg,100,2026-09-02,12:00,11.053896,77.023402,R018,FOOD_BANK,11.033443,76.984609,300,1,0,1,20,6,6.01,17,0
F000931,Egg Biryani,Non-Veg,76,2026-03-22,20:45,11.028005,76.921622,R110,NGO,11.051228,76.872849,50,1,1,1,0,15,7.76,21,0
F000932,Idli & Sambar,Veg,106,2026-09-18,21:15,11.004965,76.92703,R061,NGO,10.996054,76.864653,40,1,1,1,0,15,8.32,30,0
F000933,Egg Biryani,Non-Veg,104,2026-02-28,22:15,11.03264,76.921297,R087,NGO,11.045743,76.907648,75,1,0,1,0,15,2.56,13,0
F000934,Egg Curry & Rice,Non-Veg,77,2026-05-22,11:00,11.03264,76.921297,R013,FOOD_BANK,10.997835,76.963916,350,1,1,1,30,8,7.87,26,1
F000935,Chapati & Kurma,Veg,176,2026-02-02,14:45,11.004965,76.92703,R041,NGO,11.020484,77.068669,120,1,1,1,0,15,17.58,39,0
F000936,Chapati & Kurma,Veg,133,2026-01-13,21:15,10.989657,77.033427,R018,FOOD_BANK,11.033443,76.984609,300,1,0,1,20,6,8.59,27,0
F000937,Curd Rice,Veg,131,2026-09-11,22:00,11.012293,76.884686,R010,FOOD_BANK,11.013706,76.936718,500,1,1,1,30,10,7.34,24,1
F000938,Pongal,Veg,155,2026-07-13,19:45,11.010739,76.885886,R022,FOOD_BANK,11.008467,76.858868,180,1,1,1,30,12,3.72,10,1
F000939,Curd Rice,Veg,71,2026-01-02,21:30,11.033528,76.977257,R003,FOOD_BANK,11.036567,76.920159,300,1,1,1,40,8,6.99,19,1
F000940,Idli & Sambar,Veg,102,2026-07-26,20:00,11.076864,76.976338,R002,FOOD_BANK,11.088582,76.941869,400,1,1,1,25,8,5.22,21,1
F000941,Lemon Rice,Veg,59,2026-05-12,19:00,11.039384,76.920741,R113,NGO,10.999687,76.916433,150,1,0,0,0,15,5.83,17,0
F000942,Egg Fried Rice,Non-Veg,124,2026-04-06,22:00,10.976233,76.931534,R114,NGO,10.998157,77.025944,75,1,0,1,0,15,12.28,38,0
F000943,Chapati & Kurma,Veg,48,2026-06-19,18:15,11.053896,77.023402,R030,FOOD_BANK,11.039951,77.043483,180,1,1,1,75,8,3.2,13,0
F000944,Fish Curry & Rice,Non-Veg,114,2026-06-10,19:45,11.058243,76.998573,R018,FOOD_BANK,11.033443,76.984609,300,1,0,1,20,6,3.55,10,0
F000945,Pongal,Veg,78,2026-04-02,20:15,11.019931,77.01857,R015,FOOD_BANK,10.998013,77.032486,120,1,1,1,75,18,3.17,11,1
F000946,Tamarind Rice,Veg,153,2026-06-12,12:15,10.973793,76.954491,R079,NGO,10.979008,76.977548,250,1,1,1,0,15,3.21,12,1
F000947,Egg Fried Rice,Non-Veg,33,2026-06-29,21:45,11.038515,77.035361,R041,NGO,11.020484,77.068669,120,1,1,1,0,15,4.89,15,1
F000948,Tomato Rice,Veg,35,2026-06-16,11:15,11.006786,77.010739,R079,NGO,10.979008,76.977548,250,1,1,1,0,15,5.72,23,1
F000949,Tomato Rice,Veg,94,2026-07-08,21:00,10.984536,76.8803,R093,NGO,10.964782,76.951669,100,1,0,1,0,15,9.01,27,1
F000950,Curd Rice,Veg,101,2026-02-07,20:30,10.939281,76.954544,R005,FOOD_BANK,11.070808,77.000467,400,1,1,1,30,6,18.63,49,0
F000951,Dal Rice,Veg,99,2026-09-20,22:45,11.039384,76.920741,R063,NGO,11.00096,76.956294,200,1,0,1,0,15,7.08,17,1
F000952,Idli & Sambar,Veg,95,2026-04-28,13:45,10.983486,76.946385,R080,NGO,11.006411,76.903012,50,1,0,1,0,15,6.4,19,0
F000953,Idli & Sambar,Veg,175,2026-08-30,13:30,10.966962,76.944406,R045,NGO,10.944544,76.979626,40,1,1,0,0,15,5.39,15,0
F000954,Fish Curry & Rice,Non-Veg,62,2026-08-09,21:30,11.020654,77.047909,R005,FOOD_BANK,11.070808,77.000467,400,1,1,1,30,6,8.7,26,0
F000955,Chicken Biryani,Non-Veg,70,2026-07-01,22:30,11.023729,76.992516,R114,NGO,10.998157,77.025944,75,1,0,1,0,15,5.61,21,0
F000956,Lemon Rice,Veg,119,2026-03-25,22:15,11.020654,77.047909,R002,FOOD_BANK,11.088582,76.941869,400,1,1,0,25,8,16.39,49,0
F000957,Tamarind Rice,Veg,102,2026-08-13,12:30,10.976233,76.931534,R081,NGO,11.006904,76.896341,75,1,1,0,0,15,6.1,16,0
F000958,Chapati & Kurma,Veg,69,2026-06-15,13:15,11.039384,76.920741,R046,NGO,11.03532,76.96968,50,1,0,1,0,15,7.03,22,0
F000959,Lemon Rice,Veg,72,2026-06-12,19:15,10.966962,76.944406,R065,NGO,10.969044,76.961977,180,1,1,0,0,15,2.28,8,0
F000960,Chapati & Kurma,Veg,122,2026-04-30,21:45,11.033528,76.977257,R089,NGO,11.032373,77.019287,40,1,1,0,0,15,6.02,18,0
F000961,Lemon Rice,Veg,187,2026-05-07,17:30,10.932716,76.940667,R065,NGO,10.969044,76.961977,180,1,1,1,0,15,5.79,25,0
F000962,Veg Fried Rice,Veg,117,2026-01-24,21:00,10.99924,76.975315,R102,NGO,11.026939,76.970836,75,1,0,1,0,15,3.71,10,0
F000963,Dal Rice,Veg,172,2026-07-05,18:15,11.076864,76.976338,R066,NGO,11.064176,76.963349,120,1,0,1,0,15,2.39,11,0
F000964,Veg Fried Rice,Veg,69,2026-01-03,11:30,11.023729,76.992516,R027,FOOD_BANK,10.99906,76.98453,100,1,0,1,30,6,3.78,12,1
F000965,Dal Rice,Veg,174,2026-05-08,12:45,11.038515,77.035361,R006,FOOD_BANK,11.071337,76.997418,180,1,1,1,40,15,6.33,15,1
F000966,Egg Biryani,Non-Veg,102,2026-04-29,10:15,11.032916,76.872503,R002,FOOD_BANK,11.088582,76.941869,400,1,1,1,25,8,10.88,43,0
F000967,Chicken Noodles,Non-Veg,95,2026-07-16,23:30,11.02334,76.906764,R012,FOOD_BANK,10.991543,76.851715,300,1,1,1,20,8,7.75,24,1
F000968,Egg Fried Rice,Non-Veg,146,2026-02-26,21:45,11.012293,76.884686,R044,NGO,10.991885,76.990569,60,1,0,1,0,15,14.51,37,0
F000969,Chicken Biryani,Non-Veg,96,2026-07-14,21:00,10.961692,76.988005,R040,NGO,11.077527,76.976975,60,1,1,0,0,15,15.89,43,0
F000970,Upma,Veg,68,2026-06-11,21:00,10.984536,76.8803,R107,NGO,10.973743,76.935486,80,1,1,1,0,15,7.51,24,1
F000971,Tamarind Rice,Veg,186,2026-04-14,19:15,11.010739,76.885886,R052,NGO,10.949148,76.902044,40,1,0,1,0,15,8.69,25,0
F000972,Pongal,Veg,96,2026-02-23,20:00,11.004965,76.92703,R081,NGO,11.006904,76.896341,75,1,1,1,0,15,3.83,19,0
F000973,Mixed Veg Meals,Veg,203,2026-03-25,20:15,11.033528,76.977257,R025,FOOD_BANK,11.064094,76.948971,400,1,1,1,75,18,5.95,18,1
F000974,Upma,Veg,83,2026-02-09,10:30,11.012293,76.884686,R074,NGO,11.052052,76.880485,250,1,1,1,0,15,5.01,15,1
F000975,Fish Curry & Rice,Non-Veg,49,2026-05-28,22:15,11.053896,77.023402,R009,FOOD_BANK,11.035475,77.018124,200,1,1,1,75,15,2.76,10,0
F000976,Curd Rice,Veg,113,2026-01-26,23:30,10.961692,76.988005,R007,FOOD_BANK,10.953647,76.979401,350,1,1,1,50,8,1.7,10,1
F000977,Veg Noodles,Veg,88,2026-03-14,19:45,11.009674,76.987054,R032,FOOD_BANK,10.961916,76.996051,300,1,1,1,25,8,6.03,20,1
F000978,Curd Rice,Veg,59,2026-02-25,20:30,10.961692,76.988005,R032,FOOD_BANK,10.961916,76.996051,300,1,1,1,25,8,0.98,8,1
F000979,Lemon Rice,Veg,118,2026-03-10,18:45,10.966962,76.944406,R055,NGO,10.989074,76.971947,150,1,1,1,0,15,4.41,12,1
F000980,Curd Rice,Veg,122,2026-03-02,19:00,10.99924,76.975315,R043,NGO,11.032353,76.968259,120,1,1,0,0,15,4.91,21,0
F000981,Paneer Rice,Veg,89,2026-05-02,12:45,11.010484,76.997546,R015,FOOD_BANK,10.998013,77.032486,120,1,1,1,75,18,4.78,17,1
F000982,Paneer Rice,Veg,67,2026-04-22,14:15,11.028005,76.921622,R102,NGO,11.026939,76.970836,75,1,0,1,0,15,5.99,19,0
F000983,Tomato Rice,Veg,148,2026-09-15,11:30,11.032916,76.872503,R105,NGO,10.980298,76.934381,180,1,1,1,0,15,10.49,27,1
F000984,Vegetable Biryani,Veg,101,2026-04-08,12:45,11.053896,77.023402,R099,NGO,10.897905,76.956454,50,1,1,1,0,15,21.93,68,0
F000985,Idli & Sambar,Veg,215,2026-09-02,20:15,11.010053,76.918261,R046,NGO,11.03532,76.96968,50,1,0,1,0,15,7.8,24,0
F000986,Mixed Veg Meals,Veg,79,2026-07-12,20:00,11.028005,76.921622,R008,FOOD_BANK,11.007782,76.873074,350,1,1,1,40,6,6.75,20,0
F000987,Egg Curry & Rice,Non-Veg,89,2026-05-03,14:00,11.056687,76.895452,R057,NGO,11.013714,76.896117,60,1,1,1,0,15,5.74,16,0
F000988,Pongal,Veg,95,2026-04-11,18:15,11.024082,76.981748,R102,NGO,11.026939,76.970836,75,1,0,0,0,15,1.52,11,0
F000989,Dal Rice,Veg,99,2026-08-07,22:30,11.019931,77.01857,R059,NGO,10.946464,76.967626,60,1,1,1,0,15,11.32,31,0
F000990,Egg Curry & Rice,Non-Veg,54,2026-03-14,23:45,11.009674,76.987054,R086,NGO,11.003612,76.964368,100,1,0,1,0,15,3.25,14,0
F000991,Fish Curry & Rice,Non-Veg,66,2026-06-30,22:00,11.019931,77.01857,R019,FOOD_BANK,10.978431,76.99707,150,1,1,1,25,12,6.48,19,1
F000992,Curd Rice,Veg,98,2026-03-07,18:30,11.010739,76.885886,R051,NGO,10.961994,76.921525,120,1,1,1,0,15,8.79,31,1
F000993,Pongal,Veg,80,2026-02-26,20:00,10.961692,76.988005,R073,NGO,11.055782,76.867067,180,1,1,1,0,15,19.31,55,0
F000994,Veg Noodles,Veg,71,2026-05-24,23:45,11.010739,76.885886,R105,NGO,10.980298,76.934381,180,1,1,1,0,15,7.98,24,1
F000995,Egg Curry & Rice,Non-Veg,82,2026-06-21,20:30,11.004965,76.92703,R099,NGO,10.897905,76.956454,50,1,1,1,0,15,16.07,42,0
F000996,Egg Fried Rice,Non-Veg,102,2026-07-10,13:30,10.984536,76.8803,R115,NGO,11.024606,76.91699,200,1,1,1,0,15,7.39,25,1
F000997,Veg Fried Rice,Veg,64,2026-05-29,14:30,10.973793,76.954491,R031,FOOD_BANK,10.940331,76.930152,250,1,1,1,30,12,6.02,22,1
F000998,Idli & Sambar,Veg,176,2026-08-22,13:00,11.020654,77.047909,R048,NGO,11.057634,76.973017,250,1,1,0,0,15,10.71,28,0
F000999,Tomato Rice,Veg,102,2026-08-25,20:45,11.038515,77.035361,R067,NGO,11.041648,77.017067,180,1,1,1,0,15,2.52,10,1
F001000,Pongal,Veg,72,2026-08-09,23:15,10.979497,76.93907,R090,NGO,10.96531,76.904554,80,1,1,1,0,15,5.0,17,1
F001001,Idli & Sambar,Veg,67,2026-02-27,20:00,11.023729,76.992516,R098,NGO,11.05394,76.961166,80,1,1,0,0,15,5.31,18,0
F001002,Egg Biryani,Non-Veg,86,2026-06-19,17:30,10.939281,76.954544,R102,NGO,11.026939,76.970836,75,1,0,1,0,15,11.37,30,0
F001003,Tamarind Rice,Veg,107,2026-01-23,22:30,10.966962,76.944406,R051,NGO,10.961994,76.921525,120,1,1,1,0,15,3.09,8,1
F001004,Chicken Fried Rice,Non-Veg,105,2026-03-20,13:15,11.076864,76.976338,R111,NGO,11.047062,76.964365,200,1,1,0,0,15,4.33,15,0
F001005,Chicken Fried Rice,Non-Veg,54,2026-08-24,23:00,11.014847,77.018815,R027,FOOD_BANK,10.99906,76.98453,100,1,0,1,30,6,5.24,15,0
F001006,Chicken Noodles,Non-Veg,101,2026-01-15,21:00,10.973793,76.954491,R070,NGO,11.00895,76.982832,100,1,1,1,0,15,6.58,21,0
F001007,Egg Biryani,Non-Veg,111,2026-07-27,18:00,11.039384,76.920741,R085,NGO,11.08813,76.948347,50,1,1,1,0,15,7.47,22,0
F001008,Tomato Rice,Veg,142,2026-07-08,13:45,11.004965,76.92703,R049,NGO,11.082,76.990118,200,1,1,1,0,15,12.85,34,0
F001009,Veg Noodles,Veg,67,2026-02-05,21:30,11.004965,76.92703,R013,FOOD_BANK,10.997835,76.963916,350,1,1,1,30,8,4.51,18,1
F001010,Lemon Rice,Veg,121,2026-01-09,22:45,11.053896,77.023402,R005,FOOD_BANK,11.070808,77.000467,400,1,1,1,30,6,4.02,13,1
F001011,Lemon Rice,Veg,98,2026-04-29,20:45,10.976233,76.931534,R057,NGO,11.013714,76.896117,60,1,1,1,0,15,6.58,19,0
F001012,Idli & Sambar,Veg,99,2026-01-13,22:30,10.966962,76.944406,R090,NGO,10.96531,76.904554,80,1,1,0,0,15,4.93,14,0
F001013,Upma,Veg,107,2026-04-04,22:45,11.010739,76.885886,R053,NGO,11.001509,77.017312,250,1,1,1,0,15,16.33,52,0
F001014,Chapati & Kurma,Veg,126,2026-09-14,14:15,11.006786,77.010739,R106,NGO,11.012111,77.034302,75,1,0,1,0,15,2.91,9,0
F001015,Chicken Fried Rice,Non-Veg,82,2026-06-11,13:30,10.989657,77.033427,R065,NGO,10.969044,76.961977,180,1,1,1,0,15,8.97,25,1
F001016,Egg Biryani,Non-Veg,83,2026-01-13,13:00,10.984536,76.8803,R115,NGO,11.024606,76.91699,200,1,1,1,0,15,7.39,24,1
F001017,Paneer Rice,Veg,74,2026-07-20,14:30,10.976233,76.931534,R003,FOOD_BANK,11.036567,76.920159,300,1,1,1,40,8,7.88,25,1
F001018,Chapati & Kurma,Veg,53,2026-09-04,20:30,11.079609,76.965395,R048,NGO,11.057634,76.973017,250,1,1,1,0,15,2.9,13,1
F001019,Pongal,Veg,28,2026-08-03,12:30,11.038515,77.035361,R048,NGO,11.057634,76.973017,250,1,1,1,0,15,8.43,26,1
F001020,Upma,Veg,84,2026-04-08,21:15,10.973793,76.954491,R014,FOOD_BANK,10.969875,76.928412,350,1,1,1,40,15,3.18,13,1
F001021,Tomato Rice,Veg,106,2026-02-11,13:45,10.99924,76.975315,R065,NGO,10.969044,76.961977,180,1,1,0,0,15,4.65,20,0
F001022,Idli & Sambar,Veg,172,2026-02-16,20:15,10.99924,76.975315,R013,FOOD_BANK,10.997835,76.963916,350,1,1,1,30,8,1.57,8,1
F001023,Sambar Rice,Veg,105,2026-03-03,21:30,11.079609,76.965395,R018,FOOD_BANK,11.033443,76.984609,300,1,0,1,20,6,6.28,26,0
F001024,Tomato Rice,Veg,184,2026-07-02,19:30,10.99924,76.975315,R107,NGO,10.973743,76.935486,80,1,1,1,0,15,6.28,21,0
F001025,Lemon Rice,Veg,38,2026-06-03,18:45,10.961692,76.988005,R068,NGO,11.033,76.841178,180,1,0,0,0,15,19.95,38,0
F001026,Tomato Rice,Veg,99,2026-01-17,12:30,10.973793,76.954491,R001,FOOD_BANK,10.929752,76.993726,350,1,1,1,40,15,8.27,20,1
F001027,Paneer Rice,Veg,81,2026-02-28,12:00,10.939281,76.954544,R042,NGO,10.996123,76.965899,75,1,1,1,0,15,7.61,19,0
F001028,Tomato Rice,Veg,96,2026-04-24,19:00,11.07664,76.919621,R006,FOOD_BANK,11.071337,76.997418,180,1,1,1,40,15,10.29,31,1
F001029,Chicken Curry & Rice,Non-Veg,44,2026-04-18,20:30,10.939281,76.954544,R114,NGO,10.998157,77.025944,75,1,0,1,0,15,11.37,32,0
F001030,Dal Rice,Veg,114,2026-01-30,22:30,11.009674,76.987054,R089,NGO,11.032373,77.019287,40,1,1,1,0,15,4.91,11,0
F001031,Chicken Fried Rice,Non-Veg,104,2026-01-27,21:45,11.039384,76.920741,R074,NGO,11.052052,76.880485,250,1,1,1,0,15,5.61,19,1
F001032,Egg Biryani,Non-Veg,102,2026-07-15,22:00,11.058243,76.998573,R066,NGO,11.064176,76.963349,120,1,0,1,0,15,4.89,17,0
F001033,Veg Noodles,Veg,99,2026-08-02,22:30,10.989657,77.033427,R004,FOOD_BANK,11.030506,77.02175,350,1,0,1,60,8,6.02,20,1
F001034,Egg Curry & Rice,Non-Veg,89,2026-02-23,10:45,11.019931,77.01857,R079,NGO,10.979008,76.977548,250,1,1,0,0,15,7.51,24,0
F001035,Sambar Rice,Veg,164,2026-02-12,10:45,10.973793,76.954491,R045,NGO,10.944544,76.979626,40,1,1,1,0,15,5.0,15,0
F001036,Chapati & Kurma,Veg,105,2026-04-27,19:15,11.010053,76.918261,R107,NGO,10.973743,76.935486,80,1,1,1,0,15,5.7,15,0
F001037,Dal Rice,Veg,103,2026-08-01,17:00,11.019931,77.01857,R106,NGO,11.012111,77.034302,75,1,0,0,0,15,2.16,6,0
F001038,Tomato Rice,Veg,79,2026-04-08,18:30,11.009237,76.990411,R045,NGO,10.944544,76.979626,40,1,1,1,0,15,9.2,22,0
F001039,Paneer Rice,Veg,42,2026-03-03,19:45,10.932716,76.940667,R117,NGO,10.970674,77.017528,80,1,1,1,0,15,11.07,27,1
F001040,Vegetable Biryani,Veg,55,2026-06-16,19:00,11.079609,76.965395,R079,NGO,10.979008,76.977548,250,1,1,1,0,15,13.56,47,1
F001041,Veg Fried Rice,Veg,67,2026-08-03,19:00,11.07664,76.919621,R021,FOOD_BANK,11.026716,76.853024,200,1,1,1,25,15,10.06,33,1
F001042,Egg Fried Rice,Non-Veg,88,2026-05-01,20:00,11.02334,76.906764,R084,NGO,11.032741,77.049457,80,1,1,0,0,15,19.56,43,0
F001043,Lemon Rice,Veg,66,2026-04-13,21:30,11.010484,76.997546,R084,NGO,11.032741,77.049457,80,1,1,1,0,15,7.11,21,1
F001044,Veg Fried Rice,Veg,173,2026-03-23,22:00,10.976233,76.931534,R009,FOOD_BANK,11.035475,77.018124,200,1,1,1,75,15,14.52,45,1
F001045,Mixed Veg Meals,Veg,64,2026-05-06,21:45,11.019931,77.01857,R070,NGO,11.00895,76.982832,100,1,1,1,0,15,4.83,18,1
F001046,Sambar Rice,Veg,81,2026-04-17,13:15,10.973793,76.954491,R093,NGO,10.964782,76.951669,100,1,0,1,0,15,1.21,6,0
F001047,Tamarind Rice,Veg,103,2026-08-30,17:45,11.033528,76.977257,R003,FOOD_BANK,11.036567,76.920159,300,1,1,1,40,8,6.99,22,1
F001048,Chapati & Kurma,Veg,126,2026-06-09,18:30,10.979497,76.93907,R024,FOOD_BANK,10.995209,76.955337,100,1,1,1,50,12,2.99,12,0
F001049,Chicken Biryani,Non-Veg,67,2026-01-12,20:00,10.973793,76.954491,R031,FOOD_BANK,10.940331,76.930152,250,1,1,1,30,12,6.02,19,1
F001050,Paneer Rice,Veg,94,2026-09-13,11:45,10.966962,76.944406,R102,NGO,11.026939,76.970836,75,1,0,1,0,15,8.07,25,0
F001051,Chicken Noodles,Non-Veg,64,2026-02-20,18:15,10.989657,77.033427,R019,FOOD_BANK,10.978431,76.99707,150,1,1,1,25,12,4.86,19,1
F001052,Tomato Rice,Veg,55,2026-02-11,22:00,11.076864,76.976338,R009,FOOD_BANK,11.035475,77.018124,200,1,1,0,75,15,7.37,18,0
F001053,Tomato Rice,Veg,45,2026-06-08,19:30,10.989657,77.033427,R018,FOOD_BANK,11.033443,76.984609,300,1,0,0,20,6,8.59,23,0
F001054,Curd Rice,Veg,98,2026-05-07,19:15,11.010739,76.885886,R096,NGO,11.028388,76.923499,250,1,0,1,0,15,5.56,17,1
F001055,Chicken Curry & Rice,Non-Veg,129,2026-03-21,14:30,10.993725,76.957415,R059,NGO,10.946464,76.967626,60,1,1,1,0,15,6.91,19,0
F001056,Upma,Veg,106,2026-03-04,13:45,11.023729,76.992516,R067,NGO,11.041648,77.017067,180,1,1,1,0,15,3.84,9,1
F001057,Lemon Rice,Veg,108,2026-07-27,20:15,11.03264,76.921297,R063,NGO,11.00096,76.956294,200,1,0,0,0,15,6.17,20,0
F001058,Chicken Noodles,Non-Veg,101,2026-01-11,18:15,11.039384,76.920741,R111,NGO,11.047062,76.964365,200,1,1,1,0,15,5.62,17,1
F001059,Mixed Veg Meals,Veg,101,2026-08-20,14:30,10.973793,76.954491,R055,NGO,10.989074,76.971947,150,1,1,1,0,15,3.07,11,1
F001060,Vegetable Biryani,Veg,64,2026-08-12,19:45,11.079609,76.965395,R046,NGO,11.03532,76.96968,50,1,0,1,0,15,6.21,19,0
F001061,Upma,Veg,74,2026-04-13,21:00,10.955,76.939241,R027,FOOD_BANK,10.99906,76.98453,100,1,0,1,30,6,8.47,25,0
F001062,Pongal,Veg,143,2026-07-29,12:00,11.024082,76.981748,R109,NGO,11.029882,77.043934,120,1,0,1,0,15,8.88,25,0
F001063,Egg Fried Rice,Non-Veg,125,2026-07-23,21:45,11.038515,77.035361,R052,NGO,10.949148,76.902044,40,1,0,1,0,15,22.38,60,0
F001064,Vegetable Biryani,Veg,165,2026-04-12,17:00,10.961692,76.988005,R117,NGO,10.970674,77.017528,80,1,1,1,0,15,4.34,13,0
F001065,Vegetable Biryani,Veg,39,2026-02-16,21:30,11.010484,76.997546,R106,NGO,11.012111,77.034302,75,1,0,1,0,15,4.52,12,1
F001066,Curd Rice,Veg,117,2026-07-05,21:15,11.032916,76.872503,R086,NGO,11.003612,76.964368,100,1,0,0,0,15,12.48,27,0
F001067,Chicken Noodles,Non-Veg,76,2026-02-09,18:45,11.010739,76.885886,R117,NGO,10.970674,77.017528,80,1,1,1,0,15,18.45,66,0
F001068,Veg Fried Rice,Veg,79,2026-09-15,11:15,11.010053,76.918261,R096,NGO,11.028388,76.923499,250,1,0,1,0,15,2.4,11,1
F001069,Chicken Noodles,Non-Veg,42,2026-03-29,19:15,11.031674,76.940688,R014,FOOD_BANK,10.969875,76.928412,350,1,1,1,40,15,7.95,22,1
F001070,Tamarind Rice,Veg,142,2026-07-29,13:00,10.973793,76.954491,R079,NGO,10.979008,76.977548,250,1,1,1,0,15,3.21,10,1
F001071,Curd Rice,Veg,131,2026-04-06,10:30,11.019931,77.01857,R102,NGO,11.026939,76.970836,75,1,0,1,0,15,6.94,19,0
F001072,Curd Rice,Veg,167,2026-01-13,12:15,11.023729,76.992516,R067,NGO,11.041648,77.017067,180,1,1,1,0,15,3.84,19,1
F001073,Veg Fried Rice,Veg,81,2026-02-25,22:30,10.979497,76.93907,R041,NGO,11.020484,77.068669,120,1,1,0,0,15,17.02,56,0
F001074,Paneer Rice,Veg,65,2026-07-28,21:45,11.009674,76.987054,R116,NGO,11.012179,76.851992,150,1,0,0,0,15,18.33,54,0
F001075,Chicken Fried Rice,Non-Veg,101,2026-05-06,10:00,11.039384,76.920741,R074,NGO,11.052052,76.880485,250,1,1,1,0,15,5.61,14,1
F001076,Lemon Rice,Veg,34,2026-07-05,18:15,10.966962,76.944406,R103,NGO,11.013321,76.996693,60,1,0,1,0,15,8.54,25,1
F001077,Chapati & Kurma,Veg,66,2026-07-16,20:45,11.058243,76.998573,R094,NGO,11.060926,77.018643,50,1,1,0,0,15,2.69,13,0
F001078,Sambar Rice,Veg,187,2026-06-21,21:00,11.033528,76.977257,R058,NGO,11.044285,76.99815,60,1,1,1,0,15,3.11,11,0
F001079,Chicken Biryani,Non-Veg,153,2026-03-20,12:15,11.056687,76.895452,R029,FOOD_BANK,11.006256,76.917282,200,1,0,1,60,15,7.34,21,0
F001080,Chicken Biryani,Non-Veg,152,2026-09-22,14:15,11.010484,76.997546,R117,NGO,10.970674,77.017528,80,1,1,1,0,15,5.43,19,0
F001081,Lemon Rice,Veg,136,2026-01-22,21:45,11.053896,77.023402,R070,NGO,11.00895,76.982832,100,1,1,1,0,15,8.63,30,0
F001082,Chapati & Kurma,Veg,132,2026-07-24,14:30,11.033528,76.977257,R053,NGO,11.001509,77.017312,250,1,1,1,0,15,6.21,20,1
F001083,Egg Curry & Rice,Non-Veg,39,2026-03-31,19:30,11.010739,76.885886,R051,NGO,10.961994,76.921525,120,1,1,1,0,15,8.79,26,1
F001084,Chicken Biryani,Non-Veg,61,2026-06-06,20:00,11.032916,76.872503,R030,FOOD_BANK,11.039951,77.043483,180,1,1,1,75,8,22.81,52,0
F001085,Lemon Rice,Veg,76,2026-05-02,19:30,11.020654,77.047909,R106,NGO,11.012111,77.034302,75,1,0,1,0,15,2.3,11,0
F001086,Tomato Rice,Veg,92,2026-08-20,18:15,11.053896,77.023402,R036,FOOD_BANK,11.039233,77.037241,180,1,1,1,20,6,2.72,15,1
F001087,Dal Rice,Veg,100,2026-03-25,14:15,11.014847,77.018815,R041,NGO,11.020484,77.068669,120,1,1,1,0,15,6.42,15,1
F001088,Pongal,Veg,73,2026-09-20,18:30,11.033528,76.977257,R091,NGO,11.008782,77.025358,50,1,0,1,0,15,6.83,17,0
F001089,Paneer Rice,Veg,144,2026-01-07,21:45,11.03264,76.921297,R116,NGO,11.012179,76.851992,150,1,0,1,0,15,9.26,25,1
F001090,Curd Rice,Veg,141,2026-06-08,22:45,10.993725,76.957415,R046,NGO,11.03532,76.96968,50,1,0,1,0,15,5.73,17,0
F001091,Mixed Veg Meals,Veg,97,2026-02-22,20:00,10.939281,76.954544,R114,NGO,10.998157,77.025944,75,1,0,1,0,15,11.37,30,0
F001092,Tamarind Rice,Veg,174,2026-09-14,20:00,11.02334,76.906764,R024,FOOD_BANK,10.995209,76.955337,100,1,1,1,50,12,8.08,18,0
F001093,Tomato Rice,Veg,60,2026-08-03,18:30,11.056687,76.895452,R100,NGO,11.03497,76.938284,75,1,1,0,0,15,6.51,21,0
F001094,Mixed Veg Meals,Veg,110,2026-05-02,13:30,11.006786,77.010739,R072,NGO,11.016329,76.845338,250,1,0,1,0,15,21.25,60,0
F001095,Egg Curry & Rice,Non-Veg,114,2026-01-30,20:00,11.012293,76.884686,R017,FOOD_BANK,11.017238,76.837799,500,1,1,1,60,12,6.07,21,1
F001096,Fish Curry & Rice,Non-Veg,64,2026-08-03,21:00,11.079609,76.965395,R087,NGO,11.045743,76.907648,75,1,0,1,0,15,8.56,21,0
F001097,Chicken Biryani,Non-Veg,81,2026-09-23,21:00,10.939281,76.954544,R002,FOOD_BANK,11.088582,76.941869,400,1,1,1,25,8,20.54,49,0
F001098,Chapati & Kurma,Veg,70,2026-03-10,20:00,10.99924,76.975315,R067,NGO,11.041648,77.017067,180,1,1,1,0,15,8.13,26,1
F001099,Chicken Biryani,Non-Veg,103,2026-04-08,18:00,11.03264,76.921297,R066,NGO,11.064176,76.963349,120,1,0,1,0,15,7.1,18,0
F001100,Curd Rice,Veg,89,2026-08-01,13:15,11.056687,76.895452,R092,NGO,11.044914,76.905894,50,1,0,1,0,15,1.92,8,0
F001101,Chicken Noodles,Non-Veg,130,2026-02-11,21:15,11.009237,76.990411,R093,NGO,10.964782,76.951669,100,1,0,1,0,15,8.28,24,0
F001102,Lemon Rice,Veg,58,2026-07-10,22:45,11.010739,76.885886,R024,FOOD_BANK,10.995209,76.955337,100,1,1,1,50,12,9.27,25,1
F001103,Egg Fried Rice,Non-Veg,66,2026-04-04,14:00,11.019931,77.01857,R043,NGO,11.032353,76.968259,120,1,1,1,0,15,6.82,21,1
F001104,Vegetable Biryani,Veg,138,2026-05-26,20:15,11.010053,76.918261,R063,NGO,11.00096,76.956294,200,1,0,0,0,15,5.17,17,0
F001105,Egg Curry & Rice,Non-Veg,61,2026-07-02,18:00,10.961692,76.988005,R075,NGO,10.946154,76.960857,120,1,0,1,0,15,4.42,21,0
F001106,Chicken Curry & Rice,Non-Veg,61,2026-04-15,17:00,10.993725,76.957415,R100,NGO,11.03497,76.938284,75,1,1,1,0,15,5.55,16,1
F001107,Veg Fried Rice,Veg,25,2026-04-07,17:00,11.07664,76.919621,R095,NGO,11.085787,76.952733,150,1,1,1,0,15,4.64,19,1
F001108,Chicken Noodles,Non-Veg,85,2026-05-03,21:15,11.03264,76.921297,R113,NGO,10.999687,76.916433,150,1,0,1,0,15,4.29,16,0
F001109,Mixed Veg Meals,Veg,128,2026-05-25,21:30,10.984536,76.8803,R115,NGO,11.024606,76.91699,200,1,1,1,0,15,7.39,20,1
F001110,Dal Rice,Veg,87,2026-06-30,20:30,11.010739,76.885886,R107,NGO,10.973743,76.935486,80,1,1,1,0,15,8.75,31,0
F001111,Fish Curry & Rice,Non-Veg,77,2026-05-26,14:00,11.023729,76.992516,R043,NGO,11.032353,76.968259,120,1,1,1,0,15,3.35,14,1
F001112,Tomato Rice,Veg,66,2026-09-17,11:15,11.038515,77.035361,R114,NGO,10.998157,77.025944,75,1,0,1,0,15,5.72,19,1
F001113,Tomato Rice,Veg,76,2026-07-27,20:00,11.014847,77.018815,R011,FOOD_BANK,11.031302,77.041945,350,1,1,1,60,6,4.02,17,1
F001114,Egg Biryani,Non-Veg,79,2026-08-12,21:15,11.032916,76.872503,R052,NGO,10.949148,76.902044,40,1,0,0,0,15,11.55,33,0
F001115,Veg Fried Rice,Veg,161,2026-06-28,11:45,11.03264,76.921297,R107,NGO,10.973743,76.935486,80,1,1,1,0,15,7.58,18,0
F001116,Vegetable Biryani,Veg,76,2026-01-28,21:45,11.006786,77.010739,R069,NGO,11.019827,77.006835,200,1,1,1,0,15,1.71,9,1
F001117,Tamarind Rice,Veg,73,2026-09-19,18:15,11.031674,76.940688,R024,FOOD_BANK,10.995209,76.955337,100,1,1,0,50,12,5.58,17,0
F001118,Chicken Fried Rice,Non-Veg,47,2026-09-15,23:00,10.979497,76.93907,R036,FOOD_BANK,11.039233,77.037241,180,1,1,1,20,6,15.46,36,0
F001119,Egg Fried Rice,Non-Veg,72,2026-07-25,11:45,10.99924,76.975315,R007,FOOD_BANK,10.953647,76.979401,350,1,1,1,50,8,6.16,19,1
F001120,Fish Curry & Rice,Non-Veg,77,2026-01-11,18:30,11.076864,76.976338,R055,NGO,10.989074,76.971947,150,1,1,1,0,15,12.68,26,1
F001121,Chicken Biryani,Non-Veg,76,2026-05-25,22:45,11.020654,77.047909,R033,FOOD_BANK,10.907708,76.987427,400,1,0,1,40,10,16.63,53,0
F001122,Tamarind Rice,Veg,119,2026-02-04,11:45,11.032916,76.872503,R039,NGO,11.112771,76.941297,80,1,0,1,0,15,13.77,38,0
F001123,Tomato Rice,Veg,102,2026-05-30,22:30,11.010053,76.918261,R100,NGO,11.03497,76.938284,75,1,1,1,0,15,4.03,13,0
F001124,Tomato Rice,Veg,80,2026-03-02,10:15,11.056687,76.895452,R043,NGO,11.032353,76.968259,120,1,1,1,0,15,9.57,29,1
F001125,Pongal,Veg,195,2026-04-10,20:45,10.979497,76.93907,R029,FOOD_BANK,11.006256,76.917282,200,1,0,1,60,15,4.53,15,1
F001126,Curd Rice,Veg,141,2026-02-28,10:15,10.989657,77.033427,R064,NGO,11.019483,77.032452,60,1,1,1,0,15,4.18,14,0
F001127,Chicken Curry & Rice,Non-Veg,101,2026-01-28,23:15,10.976233,76.931534,R027,FOOD_BANK,10.99906,76.98453,100,1,0,0,30,6,7.53,27,0
F001128,Chicken Noodles,Non-Veg,64,2026-08-19,23:00,11.053896,77.023402,R077,NGO,11.021303,77.050329,150,1,0,1,0,15,5.3,19,0
F001129,Chicken Curry & Rice,Non-Veg,111,2026-09-12,14:30,11.053896,77.023402,R050,NGO,11.041148,77.014453,180,1,0,1,0,15,2.11,8,0
F001130,Chicken Noodles,Non-Veg,112,2026-09-10,13:00,11.033528,76.977257,R096,NGO,11.028388,76.923499,250,1,0,1,0,15,7.05,17,0
F001131,Egg Biryani,Non-Veg,58,2026-03-05,19:30,11.031674,76.940688,R057,NGO,11.013714,76.896117,60,1,1,0,0,15,6.92,19,0
F001132,Chicken Noodles,Non-Veg,61,2026-05-03,13:30,10.961692,76.988005,R079,NGO,10.979008,76.977548,250,1,1,1,0,15,2.95,10,1
F001133,Mixed Veg Meals,Veg,119,2026-08-13,18:30,10.979497,76.93907,R065,NGO,10.969044,76.961977,180,1,1,1,0,15,3.16,16,0
F001134,Veg Noodles,Veg,80,2026-09-18,20:00,10.932716,76.940667,R010,FOOD_BANK,11.013706,76.936718,500,1,1,1,30,10,10.93,28,0
F001135,Idli & Sambar,Veg,148,2026-06-30,13:15,11.02334,76.906764,R112,NGO,11.005344,76.861947,50,1,1,0,0,15,6.93,19,0
F001136,Veg Fried Rice,Veg,138,2026-01-11,10:45,10.939281,76.954544,R063,NGO,11.00096,76.956294,200,1,0,1,0,15,8.19,19,1
F001137,Egg Fried Rice,Non-Veg,124,2026-01-09,20:15,10.932716,76.940667,R107,NGO,10.973743,76.935486,80,1,1,1,0,15,6.03,21,0
F001138,Egg Curry & Rice,Non-Veg,116,2026-02-23,21:30,10.993725,76.957415,R045,NGO,10.944544,76.979626,40,1,1,1,0,15,7.16,23,0
F001139,Idli & Sambar,Veg,205,2026-08-27,21:30,11.039384,76.920741,R092,NGO,11.044914,76.905894,50,1,0,1,0,15,2.09,12,0
F001140,Veg Fried Rice,Veg,91,2026-01-02,18:45,11.010053,76.918261,R010,FOOD_BANK,11.013706,76.936718,500,1,1,1,30,10,2.67,11,1
F001141,Curd Rice,Veg,51,2026-04-19,22:30,11.020654,77.047909,R115,NGO,11.024606,76.91699,200,1,1,1,0,15,18.87,54,0
F001142,Lemon Rice,Veg,84,2026-06-12,20:30,10.984536,76.8803,R014,FOOD_BANK,10.969875,76.928412,350,1,1,1,40,15,6.41,18,1
F001143,Egg Biryani,Non-Veg,87,2026-05-30,19:30,11.023729,76.992516,R004,FOOD_BANK,11.030506,77.02175,350,1,0,1,60,8,3.77,11,0
F001144,Chicken Biryani,Non-Veg,65,2026-09-21,13:15,11.079609,76.965395,R108,NGO,11.08074,76.950706,40,1,0,1,0,15,1.97,12,0
F001145,Upma,Veg,146,2026-08-19,14:45,11.020654,77.047909,R024,FOOD_BANK,10.995209,76.955337,100,1,1,1,50,12,12.7,37,0
F001146,Chicken Biryani,Non-Veg,123,2026-04-11,11:30,11.053896,77.023402,R067,NGO,11.041648,77.017067,180,1,1,1,0,15,1.74,11,1
F001147,Egg Fried Rice,Non-Veg,137,2026-09-01,13:15,11.024082,76.981748,R118,NGO,11.078871,76.965426,200,1,0,0,0,15,8.1,18,0
F001148,Paneer Rice,Veg,118,2026-04-25,12:15,11.010739,76.885886,R076,NGO,11.005115,76.870368,50,1,0,1,0,15,2.09,12,0
F001149,Pongal,Veg,151,2026-05-31,12:45,11.010053,76.918261,R013,FOOD_BANK,10.997835,76.963916,350,1,1,1,30,8,5.78,19,1
F001150,Sambar Rice,Veg,48,2026-05-21,12:15,11.010484,76.997546,R119,NGO,11.046134,77.006426,250,1,1,1,0,15,5.23,15,1
F001151,Vegetable Biryani,Veg,90,2026-08-23,11:00,11.009674,76.987054,R078,NGO,10.960637,76.974029,100,1,1,1,0,15,6.36,25,1
F001152,Egg Biryani,Non-Veg,100,2026-07-28,18:45,10.961692,76.988005,R112,NGO,11.005344,76.861947,50,1,1,0,0,15,18.51,59,0
F001153,Upma,Veg,63,2026-05-17,21:00,11.014847,77.018815,R034,FOOD_BANK,10.933246,76.91673,300,1,1,1,75,8,18.74,49,0
F001154,Curd Rice,Veg,62,2026-02-14,13:45,10.932716,76.940667,R115,NGO,11.024606,76.91699,200,1,1,1,0,15,11.72,37,1
F001155,Mixed Veg Meals,Veg,51,2026-05-03,14:45,11.039384,76.920741,R028,FOOD_BANK,11.08297,76.957199,500,1,1,1,30,12,8.16,23,1
F001156,Egg Curry & Rice,Non-Veg,65,2026-02-14,18:30,11.056687,76.895452,R061,NGO,10.996054,76.864653,40,1,1,0,0,15,8.32,27,0
F001157,Paneer Rice,Veg,101,2026-03-12,20:30,11.058243,76.998573,R009,FOOD_BANK,11.035475,77.018124,200,1,1,1,75,15,3.92,15,1
F001158,Veg Noodles,Veg,44,2026-06-10,10:00,11.010739,76.885886,R100,NGO,11.03497,76.938284,75,1,1,1,0,15,8.22,23,0
F001159,Tomato Rice,Veg,147,2026-01-28,22:30,10.966962,76.944406,R059,NGO,10.946464,76.967626,60,1,1,1,0,15,4.46,19,0
F001160,Sambar Rice,Veg,219,2026-01-21,19:30,11.033528,76.977257,R067,NGO,11.041648,77.017067,180,1,1,1,0,15,5.82,23,0
F001161,Tomato Rice,Veg,120,2026-07-27,20:15,11.010053,76.918261,R083,NGO,11.048239,76.905998,120,1,1,0,0,15,5.63,15,0
F001162,Veg Noodles,Veg,86,2026-02-12,13:30,11.014847,77.018815,R053,NGO,11.001509,77.017312,250,1,1,1,0,15,1.86,9,0
F001163,Curd Rice,Veg,107,2026-02-28,20:45,11.010053,76.918261,R110,NGO,11.051228,76.872849,50,1,1,1,0,15,8.17,26,0
F001164,Tomato Rice,Veg,152,2026-02-10,13:00,11.039384,76.920741,R042,NGO,10.996123,76.965899,75,1,1,1,0,15,7.99,26,0
F001165,Veg Noodles,Veg,73,2026-01-10,20:45,11.032916,76.872503,R096,NGO,11.028388,76.923499,250,1,0,0,0,15,7.29,29,0
F001166,Lemon Rice,Veg,149,2026-03-15,13:45,11.010053,76.918261,R090,NGO,10.96531,76.904554,80,1,1,1,0,15,6.06,21,0
F001167,Upma,Veg,149,2026-02-26,12:00,10.993725,76.957415,R120,NGO,11.045705,76.933449,200,1,0,1,0,15,7.43,26,1
F001168,Chapati & Kurma,Veg,139,2026-03-31,21:00,11.010053,76.918261,R120,NGO,11.045705,76.933449,200,1,0,1,0,15,5.01,18,1
F001169,Egg Biryani,Non-Veg,98,2026-05-01,21:00,11.009674,76.987054,R044,NGO,10.991885,76.990569,60,1,0,1,0,15,2.43,7,0
F001170,Paneer Rice,Veg,85,2026-09-11,18:15,10.983486,76.946385,R096,NGO,11.028388,76.923499,250,1,0,1,0,15,6.7,14,1
F001171,Tomato Rice,Veg,191,2026-09-13,22:00,10.973793,76.954491,R055,NGO,10.989074,76.971947,150,1,1,1,0,15,3.07,9,0
F001172,Dal Rice,Veg,137,2026-08-21,21:45,11.023729,76.992516,R004,FOOD_BANK,11.030506,77.02175,350,1,0,1,60,8,3.77,13,1
F001173,Tomato Rice,Veg,147,2026-06-11,10:00,11.038515,77.035361,R102,NGO,11.026939,76.970836,75,1,0,1,0,15,8.4,27,0
F001174,Dal Rice,Veg,70,2026-08-01,10:15,11.07664,76.919621,R104,NGO,11.122467,76.92657,80,1,1,1,0,15,5.73,16,1
F001175,Mixed Veg Meals,Veg,200,2026-05-12,20:00,10.961692,76.988005,R027,FOOD_BANK,10.99906,76.98453,100,1,0,1,30,6,5.27,17,0
F001176,Tomato Rice,Veg,92,2026-08-07,21:15,11.039384,76.920741,R002,FOOD_BANK,11.088582,76.941869,400,1,1,1,25,8,7.0,22,1
F001177,Upma,Veg,152,2026-03-21,21:15,11.032916,76.872503,R051,NGO,10.961994,76.921525,120,1,1,0,0,15,11.94,36,0
F001178,Tamarind Rice,Veg,92,2026-07-08,14:15,11.053896,77.023402,R084,NGO,11.032741,77.049457,80,1,1,0,0,15,4.3,14,0
F001179,Tamarind Rice,Veg,156,2026-01-17,10:00,11.028005,76.921622,R071,NGO,11.01227,76.928148,60,1,1,1,0,15,2.25,13,0
F001180,Mixed Veg Meals,Veg,163,2026-07-27,22:45,10.99924,76.975315,R042,NGO,10.996123,76.965899,75,1,1,1,0,15,1.34,6,0
F001181,Egg Curry & Rice,Non-Veg,117,2026-07-16,19:00,11.058243,76.998573,R085,NGO,11.08813,76.948347,50,1,1,0,0,15,8.04,26,0
F001182,Chapati & Kurma,Veg,125,2026-09-07,11:45,11.079609,76.965395,R046,NGO,11.03532,76.96968,50,1,0,1,0,15,6.21,18,0
F001183,Veg Noodles,Veg,65,2026-02-24,13:45,11.03264,76.921297,R029,FOOD_BANK,11.006256,76.917282,200,1,0,1,60,15,3.83,16,1
F001184,Dal Rice,Veg,198,2026-04-15,17:15,11.010739,76.885886,R090,NGO,10.96531,76.904554,80,1,1,1,0,15,6.14,18,0
F001185,Chicken Fried Rice,Non-Veg,36,2026-08-30,11:45,11.019931,77.01857,R005,FOOD_BANK,11.070808,77.000467,400,1,1,1,30,6,7.56,29,0
F001186,Lemon Rice,Veg,70,2026-01-09,23:15,11.014847,77.018815,R064,NGO,11.019483,77.032452,60,1,1,1,0,15,1.95,12,0
F001187,Vegetable Biryani,Veg,102,2026-08-22,14:00,10.976233,76.931534,R020,FOOD_BANK,10.980675,76.991318,120,1,0,1,25,8,7.63,28,0
F001188,Mixed Veg Meals,Veg,86,2026-01-14,19:45,11.004965,76.92703,R070,NGO,11.00895,76.982832,100,1,1,0,0,15,7.45,17,0
F001189,Dal Rice,Veg,94,2026-08-28,22:15,10.993725,76.957415,R044,NGO,10.991885,76.990569,60,1,0,1,0,15,4.05,20,0
F001190,Tamarind Rice,Veg,98,2026-02-13,14:45,11.012293,76.884686,R115,NGO,11.024606,76.91699,200,1,1,1,0,15,4.51,20,1
F001191,Vegetable Biryani,Veg,108,2026-02-28,17:30,10.939281,76.954544,R010,FOOD_BANK,11.013706,76.936718,500,1,1,1,30,10,9.87,25,1
F001192,Fish Curry & Rice,Non-Veg,23,2026-03-11,21:30,11.004965,76.92703,R043,NGO,11.032353,76.968259,120,1,1,1,0,15,6.0,18,1
F001193,Idli & Sambar,Veg,107,2026-05-31,19:00,11.028005,76.921622,R085,NGO,11.08813,76.948347,50,1,1,1,0,15,8.2,28,0
F001194,Mixed Veg Meals,Veg,215,2026-01-13,18:30,10.973793,76.954491,R025,FOOD_BANK,11.064094,76.948971,400,1,1,1,75,18,11.36,31,1
F001195,Chicken Biryani,Non-Veg,116,2026-03-19,17:45,10.99924,76.975315,R103,NGO,11.013321,76.996693,60,1,0,1,0,15,3.53,12,0
F001196,Paneer Rice,Veg,79,2026-06-16,14:00,11.020654,77.047909,R020,FOOD_BANK,10.980675,76.991318,120,1,0,1,25,8,8.98,28,0
F001197,Egg Curry & Rice,Non-Veg,99,2026-06-18,14:45,10.932716,76.940667,R080,NGO,11.006411,76.903012,50,1,0,0,0,15,11.46,32,0
F001198,Veg Noodles,Veg,86,2026-07-15,19:45,10.979497,76.93907,R020,FOOD_BANK,10.980675,76.991318,120,1,0,1,25,8,6.5,15,1
F001199,Mixed Veg Meals,Veg,99,2026-07-07,22:15,10.939281,76.954544,R045,NGO,10.944544,76.979626,40,1,1,1,0,15,3.51,14,0
F001200,Sambar Rice,Veg,149,2026-04-08,23:00,10.932716,76.940667,R079,NGO,10.979008,76.977548,250,1,1,1,0,15,8.45,23,1
F001201,Chicken Curry & Rice,Non-Veg,69,2026-07-07,18:00,11.024082,76.981748,R050,NGO,11.041148,77.014453,180,1,0,0,0,15,5.13,13,0
F001202,Veg Fried Rice,Veg,119,2026-01-25,11:00,10.961692,76.988005,R093,NGO,10.964782,76.951669,100,1,0,1,0,15,4.53,14,0
F001203,Idli & Sambar,Veg,204,2026-01-01,22:15,11.010739,76.885886,R090,NGO,10.96531,76.904554,80,1,1,1,0,15,6.14,18,0
F001204,Upma,Veg,93,2026-04-21,14:15,11.058243,76.998573,R024,FOOD_BANK,10.995209,76.955337,100,1,1,1,50,12,9.39,37,1
F001205,Upma,Veg,65,2026-05-20,20:00,10.989657,77.033427,R077,NGO,11.021303,77.050329,150,1,0,1,0,15,4.45,14,1
F001206,Chicken Noodles,Non-Veg,61,2026-04-21,12:45,11.07664,76.919621,R021,FOOD_BANK,11.026716,76.853024,200,1,1,1,25,15,10.06,37,1
F001207,Chicken Noodles,Non-Veg,47,2026-08-15,21:00,10.932716,76.940667,R033,FOOD_BANK,10.907708,76.987427,400,1,0,1,40,10,6.48,21,0
F001208,Curd Rice,Veg,91,2026-06-11,21:30,10.979497,76.93907,R096,NGO,11.028388,76.923499,250,1,0,0,0,15,6.9,22,0
F001209,Upma,Veg,25,2026-06-28,20:30,11.010053,76.918261,R046,NGO,11.03532,76.96968,50,1,0,1,0,15,7.8,21,1
F001210,Egg Fried Rice,Non-Veg,53,2026-05-15,13:45,10.984536,76.8803,R052,NGO,10.949148,76.902044,40,1,0,1,0,15,5.24,21,0
F001211,Lemon Rice,Veg,174,2026-01-14,12:00,10.939281,76.954544,R059,NGO,10.946464,76.967626,60,1,1,1,0,15,1.94,6,0
F001212,Tamarind Rice,Veg,132,2026-03-08,21:00,11.020654,77.047909,R031,FOOD_BANK,10.940331,76.930152,250,1,1,1,30,12,19.32,63,0
F001213,Veg Fried Rice,Veg,59,2026-07-13,20:30,10.984536,76.8803,R034,FOOD_BANK,10.933246,76.91673,300,1,1,1,75,8,8.13,24,0
F001214,Tomato Rice,Veg,136,2026-04-09,20:45,11.03264,76.921297,R120,NGO,11.045705,76.933449,200,1,0,1,0,15,2.57,9,0
F001215,Egg Biryani,Non-Veg,83,2026-03-29,23:45,11.014847,77.018815,R042,NGO,10.996123,76.965899,75,1,1,0,0,15,7.06,20,0
F001216,Vegetable Biryani,Veg,173,2026-02-04,20:45,11.009237,76.990411,R048,NGO,11.057634,76.973017,250,1,1,1,0,15,7.41,21,1
F001217,Upma,Veg,94,2026-06-20,18:30,11.03264,76.921297,R112,NGO,11.005344,76.861947,50,1,1,0,0,15,8.25,17,0
F001218,Sambar Rice,Veg,115,2026-01-21,19:30,11.032916,76.872503,R073,NGO,11.055782,76.867067,180,1,1,1,0,15,2.93,13,1
F001219,Curd Rice,Veg,109,2026-07-02,13:00,11.053896,77.023402,R049,NGO,11.082,76.990118,200,1,1,1,0,15,5.54,15,1
F001220,Vegetable Biryani,Veg,122,2026-07-08,19:15,10.979497,76.93907,R032,FOOD_BANK,10.961916,76.996051,300,1,1,1,25,8,7.96,30,1
F001221,Egg Curry & Rice,Non-Veg,69,2026-04-09,22:15,11.012293,76.884686,R051,NGO,10.961994,76.921525,120,1,1,1,0,15,7.74,24,1
F001222,Chapati & Kurma,Veg,64,2026-06-28,20:30,11.053896,77.023402,R114,NGO,10.998157,77.025944,75,1,0,1,0,15,8.02,26,1
F001223,Sambar Rice,Veg,80,2026-01-02,14:45,10.979497,76.93907,R090,NGO,10.96531,76.904554,80,1,1,1,0,15,5.0,12,1
F001224,Chapati & Kurma,Veg,111,2026-01-22,21:15,11.076864,76.976338,R100,NGO,11.03497,76.938284,75,1,1,1,0,15,7.59,22,0
F001225,Tomato Rice,Veg,46,2026-01-03,17:30,10.966962,76.944406,R050,NGO,11.041148,77.014453,180,1,0,0,0,15,14.62,31,0
F001226,Mixed Veg Meals,Veg,124,2026-06-02,10:30,11.006786,77.010739,R089,NGO,11.032373,77.019287,40,1,1,1,0,15,3.4,14,0
F001227,Mixed Veg Meals,Veg,100,2026-05-13,18:00,11.031674,76.940688,R087,NGO,11.045743,76.907648,75,1,0,1,0,15,4.78,16,0
F001228,Dal Rice,Veg,187,2026-06-07,19:15,10.993725,76.957415,R085,NGO,11.08813,76.948347,50,1,1,1,0,15,12.81,37,0
F001229,Chicken Biryani,Non-Veg,120,2026-01-30,18:00,11.004965,76.92703,R120,NGO,11.045705,76.933449,200,1,0,1,0,15,5.07,23,0
F001230,Curd Rice,Veg,91,2026-01-04,21:30,11.028005,76.921622,R022,FOOD_BANK,11.008467,76.858868,180,1,1,1,30,12,8.18,20,1
F001231,Chicken Biryani,Non-Veg,76,2026-03-29,19:15,11.03264,76.921297,R101,NGO,11.05457,77.05428,150,1,1,1,0,15,19.09,46,0
F001232,Idli & Sambar,Veg,178,2026-09-01,20:30,10.993725,76.957415,R055,NGO,10.989074,76.971947,150,1,1,1,0,15,1.84,8,0
F001233,Egg Fried Rice,Non-Veg,124,2026-04-11,22:15,11.019931,77.01857,R004,FOOD_BANK,11.030506,77.02175,350,1,0,1,60,8,1.6,8,0
F001234,Tamarind Rice,Veg,130,2026-06-07,13:45,11.009237,76.990411,R053,NGO,11.001509,77.017312,250,1,1,1,0,15,3.78,16,1
F001235,Chapati & Kurma,Veg,104,2026-07-07,21:45,10.99924,76.975315,R010,FOOD_BANK,11.013706,76.936718,500,1,1,1,30,10,5.05,19,1
F001236,Egg Curry & Rice,Non-Veg,68,2026-07-06,17:45,11.004965,76.92703,R054,NGO,10.992456,76.917474,200,1,0,1,0,15,1.99,10,0
F001237,Lemon Rice,Veg,159,2026-04-29,19:45,11.006786,77.010739,R067,NGO,11.041648,77.017067,180,1,1,1,0,15,4.5,11,1
F001238,Chicken Fried Rice,Non-Veg,54,2026-06-17,17:00,11.058243,76.998573,R035,FOOD_BANK,11.005659,76.957081,500,1,0,1,25,6,9.26,25,0
F001239,Dal Rice,Veg,86,2026-05-05,23:45,11.031674,76.940688,R102,NGO,11.026939,76.970836,75,1,0,0,0,15,4.13,17,0
F001240,Vegetable Biryani,Veg,116,2026-04-21,21:00,11.009237,76.990411,R024,FOOD_BANK,10.995209,76.955337,100,1,1,1,50,12,4.78,17,0
F001241,Veg Fried Rice,Veg,116,2026-07-06,21:45,11.010739,76.885886,R021,FOOD_BANK,11.026716,76.853024,200,1,1,1,25,15,4.97,16,1
F001242,Chicken Fried Rice,Non-Veg,153,2026-06-15,19:30,10.955,76.939241,R010,FOOD_BANK,11.013706,76.936718,500,1,1,1,30,10,7.51,25,1
F001243,Idli & Sambar,Veg,158,2026-07-04,17:00,11.010484,76.997546,R109,NGO,11.029882,77.043934,120,1,0,1,0,15,6.3,20,0
F001244,Tomato Rice,Veg,132,2026-07-22,19:30,10.939281,76.954544,R014,FOOD_BANK,10.969875,76.928412,350,1,1,1,40,15,4.98,15,1
F001245,Idli & Sambar,Veg,121,2026-02-27,21:15,11.028005,76.921622,R087,NGO,11.045743,76.907648,75,1,0,1,0,15,2.96,11,0
F001246,Chicken Noodles,Non-Veg,68,2026-01-11,21:45,11.07664,76.919621,R112,NGO,11.005344,76.861947,50,1,1,1,0,15,12.81,29,0
F001247,Chapati & Kurma,Veg,152,2026-05-05,22:15,11.004965,76.92703,R115,NGO,11.024606,76.91699,200,1,1,1,0,15,3.18,13,1
F001248,Chapati & Kurma,Veg,108,2026-04-14,13:45,11.010053,76.918261,R021,FOOD_BANK,11.026716,76.853024,200,1,1,1,25,15,8.49,25,0
F001249,Chapati & Kurma,Veg,81,2026-03-18,18:30,11.07664,76.919621,R080,NGO,11.006411,76.903012,50,1,0,0,0,15,9.26,24,0
F001250,Upma,Veg,39,2026-03-19,21:15,10.976233,76.931534,R089,NGO,11.032373,77.019287,40,1,1,1,0,15,14.4,34,1
F001251,Chicken Noodles,Non-Veg,23,2026-07-03,13:15,10.973793,76.954491,R032,FOOD_BANK,10.961916,76.996051,300,1,1,1,25,8,5.55,16,0
F001252,Chicken Noodles,Non-Veg,136,2026-07-14,20:00,10.993725,76.957415,R059,NGO,10.946464,76.967626,60,1,1,1,0,15,6.91,22,0
F001253,Egg Curry & Rice,Non-Veg,51,2026-08-20,13:45,11.028005,76.921622,R066,NGO,11.064176,76.963349,120,1,0,1,0,15,7.36,24,0
F001254,Idli & Sambar,Veg,71,2026-03-28,12:30,11.039384,76.920741,R003,FOOD_BANK,11.036567,76.920159,300,1,1,1,40,8,0.5,6,1
F001255,Egg Biryani,Non-Veg,88,2026-04-27,20:15,11.012293,76.884686,R024,FOOD_BANK,10.995209,76.955337,100,1,1,1,50,12,9.84,27,1
F001256,Veg Fried Rice,Veg,56,2026-03-05,18:00,10.976233,76.931534,R040,NGO,11.077527,76.976975,60,1,1,0,0,15,14.22,36,0
F001257,Veg Fried Rice,Veg,114,2026-06-15,14:30,11.019931,77.01857,R086,NGO,11.003612,76.964368,100,1,0,1,0,15,7.57,27,0
F001258,Idli & Sambar,Veg,222,2026-05-03,12:30,11.058243,76.998573,R111,NGO,11.047062,76.964365,200,1,1,1,0,15,5.15,17,0
F001259,Lemon Rice,Veg,145,2026-04-17,14:15,10.993725,76.957415,R107,NGO,10.973743,76.935486,80,1,1,1,0,15,4.19,16,0
F001260,Tomato Rice,Veg,116,2026-06-30,20:15,10.932716,76.940667,R093,NGO,10.964782,76.951669,100,1,0,1,0,15,4.7,14,0
F001261,Egg Curry & Rice,Non-Veg,117,2026-01-11,20:15,11.004965,76.92703,R026,FOOD_BANK,11.077481,76.979058,120,1,0,0,50,6,12.07,32,0
F001262,Tomato Rice,Veg,58,2026-05-15,17:15,11.009237,76.990411,R058,NGO,11.044285,76.99815,60,1,1,1,0,15,4.39,14,1
F001263,Egg Biryani,Non-Veg,108,2026-06-11,22:00,10.961692,76.988005,R099,NGO,10.897905,76.956454,50,1,1,0,0,15,9.63,31,0
F001264,Chicken Noodles,Non-Veg,81,2026-03-25,22:30,11.006786,77.010739,R038,NGO,11.057645,77.04603,100,1,1,0,0,15,7.59,19,0
F001265,Lemon Rice,Veg,113,2026-02-23,13:00,11.02334,76.906764,R043,NGO,11.032353,76.968259,120,1,1,1,0,15,7.71,21,1
F001266,Vegetable Biryani,Veg,121,2026-03-24,21:00,10.99924,76.975315,R107,NGO,10.973743,76.935486,80,1,1,1,0,15,6.28,20,0
F001267,Veg Fried Rice,Veg,188,2026-05-20,14:15,11.019931,77.01857,R106,NGO,11.012111,77.034302,75,1,0,1,0,15,2.16,7,0
F001268,Egg Biryani,Non-Veg,107,2026-02-18,14:15,11.024082,76.981748,R102,NGO,11.026939,76.970836,75,1,0,1,0,15,1.52,9,0
F001269,Tamarind Rice,Veg,79,2026-07-25,20:30,11.024082,76.981748,R013,FOOD_BANK,10.997835,76.963916,350,1,1,1,30,8,3.99,19,1
F001270,Egg Biryani,Non-Veg,78,2026-05-11,19:15,11.07664,76.919621,R019,FOOD_BANK,10.978431,76.99707,150,1,1,1,25,12,17.95,40,0
F001271,Pongal,Veg,99,2026-02-15,13:45,11.009237,76.990411,R089,NGO,11.032373,77.019287,40,1,1,1,0,15,4.92,15,0
F001272,Dal Rice,Veg,93,2026-03-10,13:45,10.939281,76.954544,R031,FOOD_BANK,10.940331,76.930152,250,1,1,1,30,12,3.47,16,1
F001273,Dal Rice,Veg,95,2026-03-08,21:30,10.983486,76.946385,R059,NGO,10.946464,76.967626,60,1,1,1,0,15,6.19,25,0
F001274,Sambar Rice,Veg,203,2026-06-01,12:45,10.961692,76.988005,R086,NGO,11.003612,76.964368,100,1,0,1,0,15,5.91,22,0
F001275,Dal Rice,Veg,115,2026-02-22,10:30,11.031674,76.940688,R112,NGO,11.005344,76.861947,50,1,1,0,0,15,10.74,28,0
F001276,Upma,Veg,117,2026-03-07,23:00,11.02334,76.906764,R021,FOOD_BANK,11.026716,76.853024,200,1,1,1,25,15,7.44,20,1
F001277,Sambar Rice,Veg,88,2026-03-02,22:45,11.004965,76.92703,R014,FOOD_BANK,10.969875,76.928412,350,1,1,1,40,15,5.06,12,0
F001278,Idli & Sambar,Veg,86,2026-02-17,14:15,11.076864,76.976338,R046,NGO,11.03532,76.96968,50,1,0,0,0,15,5.93,14,0
F001279,Mixed Veg Meals,Veg,168,2026-08-05,20:45,11.024082,76.981748,R052,NGO,10.949148,76.902044,40,1,0,0,0,15,14.65,53,0
F001280,Egg Biryani,Non-Veg,111,2026-08-11,21:30,11.02334,76.906764,R068,NGO,11.033,76.841178,180,1,0,1,0,15,8.08,26,0
F001281,Chicken Biryani,Non-Veg,64,2026-08-23,21:15,11.014847,77.018815,R044,NGO,10.991885,76.990569,60,1,0,1,0,15,5.24,18,0
F001282,Chicken Curry & Rice,Non-Veg,46,2026-08-24,14:30,11.058243,76.998573,R108,NGO,11.08074,76.950706,40,1,0,1,0,15,7.11,22,0
F001283,Tomato Rice,Veg,135,2026-02-15,13:45,10.99924,76.975315,R093,NGO,10.964782,76.951669,100,1,0,1,0,15,6.08,20,0
F001284,Fish Curry & Rice,Non-Veg,92,2026-09-09,11:30,10.939281,76.954544,R027,FOOD_BANK,10.99906,76.98453,100,1,0,1,30,6,9.51,25,0
F001285,Upma,Veg,88,2026-07-31,14:00,11.012293,76.884686,R076,NGO,11.005115,76.870368,50,1,0,0,0,15,2.11,12,0
F001286,Mixed Veg Meals,Veg,53,2026-07-29,23:15,10.99924,76.975315,R053,NGO,11.001509,77.017312,250,1,1,1,0,15,6.02,21,1
F001287,Tamarind Rice,Veg,102,2026-09-09,19:15,11.010053,76.918261,R057,NGO,11.013714,76.896117,60,1,1,1,0,15,2.97,15,0
F001288,Mixed Veg Meals,Veg,37,2026-09-01,22:45,10.976233,76.931534,R101,NGO,11.05457,77.05428,150,1,1,1,0,15,19.82,47,0
F001289,Sambar Rice,Veg,102,2026-07-20,19:00,10.99924,76.975315,R120,NGO,11.045705,76.933449,200,1,0,1,0,15,7.74,21,1
F001290,Chicken Noodles,Non-Veg,42,2026-06-29,20:15,10.966962,76.944406,R031,FOOD_BANK,10.940331,76.930152,250,1,1,1,30,12,4.12,15,1
F001291,Vegetable Biryani,Veg,175,2026-05-19,22:30,11.014847,77.018815,R070,NGO,11.00895,76.982832,100,1,1,1,0,15,4.42,17,0
F001292,Egg Curry & Rice,Non-Veg,26,2026-04-16,21:15,11.079609,76.965395,R108,NGO,11.08074,76.950706,40,1,0,1,0,15,1.97,12,0
F001293,Tomato Rice,Veg,52,2026-04-28,13:00,11.07664,76.919621,R118,NGO,11.078871,76.965426,200,1,0,1,0,15,5.68,17,1
F001294,Egg Fried Rice,Non-Veg,79,2026-04-08,18:30,11.009237,76.990411,R035,FOOD_BANK,11.005659,76.957081,500,1,0,1,25,6,4.54,18,0
F001295,Egg Fried Rice,Non-Veg,54,2026-04-25,13:00,11.056687,76.895452,R044,NGO,10.991885,76.990569,60,1,0,0,0,15,14.75,48,0
F001296,Curd Rice,Veg,106,2026-04-28,22:15,10.989657,77.033427,R079,NGO,10.979008,76.977548,250,1,1,1,0,15,7.68,20,1
F001297,Paneer Rice,Veg,121,2026-06-22,10:30,11.020654,77.047909,R069,NGO,11.019827,77.006835,200,1,1,1,0,15,5.75,17,1
F001298,Curd Rice,Veg,103,2026-02-22,19:15,10.984536,76.8803,R056,NGO,11.046451,76.888718,120,1,1,1,0,15,8.91,20,1
F001299,Chicken Fried Rice,Non-Veg,80,2026-07-15,22:30,11.056687,76.895452,R021,FOOD_BANK,11.026716,76.853024,200,1,1,1,25,15,7.26,25,1
F001300,Chicken Curry & Rice,Non-Veg,59,2026-07-01,22:15,11.006786,77.010739,R018,FOOD_BANK,11.033443,76.984609,300,1,0,1,20,6,5.15,19,0
F001301,Mixed Veg Meals,Veg,185,2026-05-21,14:15,11.020654,77.047909,R060,NGO,11.075079,76.981996,40,1,0,1,0,15,11.2,33,0
F001302,Chapati & Kurma,Veg,134,2026-02-23,18:45,11.056687,76.895452,R003,FOOD_BANK,11.036567,76.920159,300,1,1,0,40,8,4.1,18,0
F001303,Egg Fried Rice,Non-Veg,83,2026-06-06,21:15,11.006786,77.010739,R110,NGO,11.051228,76.872849,50,1,1,1,0,15,18.56,44,0
F001304,Tamarind Rice,Veg,105,2026-03-31,14:15,11.023729,76.992516,R020,FOOD_BANK,10.980675,76.991318,120,1,0,1,25,8,6.18,19,1
F001305,Chicken Biryani,Non-Veg,44,2026-05-21,19:15,11.010739,76.885886,R017,FOOD_BANK,11.017238,76.837799,500,1,1,1,60,12,6.84,15,0
F001306,Upma,Veg,67,2026-02-21,21:30,11.053896,77.023402,R048,NGO,11.057634,76.973017,250,1,1,1,0,15,6.46,21,1
F001307,Chicken Curry & Rice,Non-Veg,127,2026-09-23,19:45,11.07664,76.919621,R006,FOOD_BANK,11.071337,76.997418,180,1,1,1,40,15,10.29,37,1
F001308,Tomato Rice,Veg,136,2026-03-10,22:45,10.961692,76.988005,R105,NGO,10.980298,76.934381,180,1,1,1,0,15,6.91,17,1
F001309,Idli & Sambar,Veg,156,2026-07-28,14:00,11.020654,77.047909,R047,NGO,10.948704,77.00128,200,1,0,1,0,15,11.33,29,1
F001310,Upma,Veg,95,2026-03-05,20:15,10.973793,76.954491,R063,NGO,11.00096,76.956294,200,1,0,1,0,15,3.44,11,1
F001311,Chicken Biryani,Non-Veg,114,2026-09-23,13:15,11.004965,76.92703,R037,NGO,11.000097,76.871592,200,1,0,1,0,15,7.05,20,0
F001312,Sambar Rice,Veg,62,2026-08-23,22:00,11.010053,76.918261,R063,NGO,11.00096,76.956294,200,1,0,1,0,15,5.17,18,1
F001313,Chicken Biryani,Non-Veg,61,2026-05-23,19:15,11.031674,76.940688,R025,FOOD_BANK,11.064094,76.948971,400,1,1,1,75,18,4.79,16,0
F001314,Tomato Rice,Veg,147,2026-09-18,20:30,11.058243,76.998573,R087,NGO,11.045743,76.907648,75,1,0,1,0,15,12.27,36,0
F001315,Veg Noodles,Veg,75,2026-02-03,12:30,11.076864,76.976338,R048,NGO,11.057634,76.973017,250,1,1,0,0,15,2.43,7,0
F001316,Paneer Rice,Veg,107,2026-01-26,20:15,11.032916,76.872503,R056,NGO,11.046451,76.888718,120,1,1,0,0,15,2.81,11,0
F001317,Lemon Rice,Veg,100,2026-06-12,11:00,11.07664,76.919621,R119,NGO,11.046134,77.006426,250,1,1,1,0,15,13.2,31,1
F001318,Sambar Rice,Veg,71,2026-01-22,23:15,11.038515,77.035361,R094,NGO,11.060926,77.018643,50,1,1,1,0,15,4.0,16,0
F001319,Veg Noodles,Veg,94,2026-07-19,21:15,10.979497,76.93907,R103,NGO,11.013321,76.996693,60,1,0,1,0,15,8.5,27,0
F001320,Curd Rice,Veg,72,2026-04-03,21:45,11.006786,77.010739,R113,NGO,10.999687,76.916433,150,1,0,1,0,15,11.78,34,1
F001321,Veg Noodles,Veg,49,2026-03-14,22:30,11.033528,76.977257,R100,NGO,11.03497,76.938284,75,1,1,1,0,15,5.49,15,1
F001322,Fish Curry & Rice,Non-Veg,73,2026-09-04,14:30,11.006786,77.010739,R086,NGO,11.003612,76.964368,100,1,0,1,0,15,5.86,17,0
F001323,Paneer Rice,Veg,69,2026-04-04,22:15,10.983486,76.946385,R080,NGO,11.006411,76.903012,50,1,0,1,0,15,6.4,20,0
F001324,Dal Rice,Veg,140,2026-01-07,19:30,11.039384,76.920741,R086,NGO,11.003612,76.964368,100,1,0,1,0,15,6.93,18,0
F001325,Lemon Rice,Veg,107,2026-09-02,23:30,11.024082,76.981748,R119,NGO,11.046134,77.006426,250,1,1,1,0,15,4.41,18,1
F001326,Upma,Veg,73,2026-09-04,22:15,10.973793,76.954491,R001,FOOD_BANK,10.929752,76.993726,350,1,1,1,40,15,8.27,28,1
F001327,Dal Rice,Veg,22,2026-08-23,18:15,11.009674,76.987054,R094,NGO,11.060926,77.018643,50,1,1,0,0,15,7.55,32,0
F001328,Lemon Rice,Veg,64,2026-07-27,21:30,11.004965,76.92703,R046,NGO,11.03532,76.96968,50,1,0,1,0,15,7.43,29,0
F001329,Veg Noodles,Veg,84,2026-07-07,22:30,11.009237,76.990411,R042,NGO,10.996123,76.965899,75,1,1,1,0,15,3.55,12,0
F001330,Mixed Veg Meals,Veg,140,2026-09-03,12:45,10.983486,76.946385,R057,NGO,11.013714,76.896117,60,1,1,0,0,15,8.28,26,0
F001331,Dal Rice,Veg,154,2026-02-26,22:45,11.004965,76.92703,R003,FOOD_BANK,11.036567,76.920159,300,1,1,1,40,8,4.61,20,1
F001332,Dal Rice,Veg,130,2026-02-10,12:30,11.033528,76.977257,R019,FOOD_BANK,10.978431,76.99707,150,1,1,1,25,12,7.22,24,0
F001333,Egg Biryani,Non-Veg,109,2026-08-06,22:00,11.039384,76.920741,R118,NGO,11.078871,76.965426,200,1,0,1,0,15,7.28,24,0
F001334,Tamarind Rice,Veg,64,2026-03-14,19:15,11.006786,77.010739,R020,FOOD_BANK,10.980675,76.991318,120,1,0,1,25,8,4.67,17,1
F001335,Curd Rice,Veg,102,2026-09-07,22:00,11.033528,76.977257,R089,NGO,11.032373,77.019287,40,1,1,0,0,15,6.02,23,0
F001336,Dal Rice,Veg,132,2026-07-02,19:45,10.993725,76.957415,R055,NGO,10.989074,76.971947,150,1,1,1,0,15,1.84,11,1
F001337,Chapati & Kurma,Veg,33,2026-01-03,17:45,10.983486,76.946385,R100,NGO,11.03497,76.938284,75,1,1,1,0,15,7.32,29,1
F001338,Sambar Rice,Veg,141,2026-03-25,14:15,10.955,76.939241,R037,NGO,11.000097,76.871592,200,1,0,1,0,15,9.85,24,1
F001339,Egg Curry & Rice,Non-Veg,93,2026-07-16,18:30,11.03264,76.921297,R025,FOOD_BANK,11.064094,76.948971,400,1,1,1,75,18,5.13,18,0
F001340,Pongal,Veg,150,2026-07-15,18:30,10.961692,76.988005,R075,NGO,10.946154,76.960857,120,1,0,1,0,15,4.42,16,0
F001341,Vegetable Biryani,Veg,97,2026-03-19,18:00,11.004965,76.92703,R057,NGO,11.013714,76.896117,60,1,1,1,0,15,4.41,15,0
F001342,Curd Rice,Veg,156,2026-01-16,20:00,11.004965,76.92703,R029,FOOD_BANK,11.006256,76.917282,200,1,0,1,60,15,1.23,11,1
F001343,Pongal,Veg,99,2026-04-07,21:45,10.993725,76.957415,R119,NGO,11.046134,77.006426,250,1,1,1,0,15,9.51,27,0
F001344,Dal Rice,Veg,96,2026-08-01,19:45,10.993725,76.957415,R115,NGO,11.024606,76.91699,200,1,1,1,0,15,6.86,20,1
F001345,Mixed Veg Meals,Veg,181,2026-02-05,11:15,11.010484,76.997546,R107,NGO,10.973743,76.935486,80,1,1,1,0,15,8.84,27,0
F001346,Upma,Veg,89,2026-04-02,22:30,11.010053,76.918261,R046,NGO,11.03532,76.96968,50,1,0,1,0,15,7.8,24,0
F001347,Egg Curry & Rice,Non-Veg,44,2026-04-18,20:30,11.079609,76.965395,R019,FOOD_BANK,10.978431,76.99707,150,1,1,1,25,12,13.26,37,0
F001348,Egg Biryani,Non-Veg,133,2026-05-18,20:30,11.033528,76.977257,R040,NGO,11.077527,76.976975,60,1,1,1,0,15,5.47,22,0
F001349,Upma,Veg,87,2026-03-10,20:00,11.07664,76.919621,R003,FOOD_BANK,11.036567,76.920159,300,1,1,1,40,8,5.28,26,1
F001350,Egg Biryani,Non-Veg,110,2026-07-14,20:15,11.02334,76.906764,R008,FOOD_BANK,11.007782,76.873074,350,1,1,1,40,6,5.13,20,1
F001351,Vegetable Biryani,Veg,202,2026-02-22,21:45,11.010053,76.918261,R086,NGO,11.003612,76.964368,100,1,0,0,0,15,6.59,28,0
F001352,Pongal,Veg,123,2026-02-23,23:30,11.079609,76.965395,R004,FOOD_BANK,11.030506,77.02175,350,1,0,1,60,8,9.36,28,0
F001353,Chicken Biryani,Non-Veg,79,2026-04-17,23:45,11.019931,77.01857,R094,NGO,11.060926,77.018643,50,1,1,1,0,15,5.82,17,0
F001354,Veg Fried Rice,Veg,106,2026-09-04,17:00,10.984536,76.8803,R115,NGO,11.024606,76.91699,200,1,1,1,0,15,7.39,22,0
F001355,Sambar Rice,Veg,107,2026-02-02,12:30,10.973793,76.954491,R059,NGO,10.946464,76.967626,60,1,1,1,0,15,3.83,18,0
F001356,Pongal,Veg,162,2026-06-09,17:30,11.038515,77.035361,R036,FOOD_BANK,11.039233,77.037241,180,1,1,1,20,6,0.5,4,1
F001357,Tamarind Rice,Veg,123,2026-09-07,21:00,11.014847,77.018815,R072,NGO,11.016329,76.845338,250,1,0,1,0,15,22.78,49,0
F001358,Mixed Veg Meals,Veg,84,2026-05-16,23:00,11.038515,77.035361,R058,NGO,11.044285,76.99815,60,1,1,1,0,15,4.59,20,0
F001359,Tomato Rice,Veg,100,2026-03-31,13:30,10.939281,76.954544,R059,NGO,10.946464,76.967626,60,1,1,1,0,15,1.94,7,0
F001360,Upma,Veg,72,2026-03-13,17:00,11.010484,76.997546,R044,NGO,10.991885,76.990569,60,1,0,1,0,15,2.45,13,0
F001361,Curd Rice,Veg,191,2026-09-16,23:00,11.009237,76.990411,R009,FOOD_BANK,11.035475,77.018124,200,1,1,1,75,15,4.69,17,1
F001362,Egg Fried Rice,Non-Veg,64,2026-01-15,18:00,11.012293,76.884686,R056,NGO,11.046451,76.888718,120,1,1,1,0,15,4.24,17,1
F001363,Egg Fried Rice,Non-Veg,63,2026-05-02,19:15,11.02334,76.906764,R051,NGO,10.961994,76.921525,120,1,1,1,0,15,8.73,33,1
F001364,Pongal,Veg,149,2026-07-15,21:30,11.010053,76.918261,R022,FOOD_BANK,11.008467,76.858868,180,1,1,1,30,12,8.42,30,0
F001365,Egg Biryani,Non-Veg,86,2026-07-06,23:15,11.07664,76.919621,R056,NGO,11.046451,76.888718,120,1,1,1,0,15,5.58,20,0
F001366,Egg Curry & Rice,Non-Veg,118,2026-03-30,18:15,11.07664,76.919621,R049,NGO,11.082,76.990118,200,1,1,1,0,15,9.4,22,1
F001367,Chicken Fried Rice,Non-Veg,77,2026-07-24,22:30,11.023729,76.992516,R089,NGO,11.032373,77.019287,40,1,1,1,0,15,3.62,11,0
F001368,Idli & Sambar,Veg,146,2026-08-06,20:00,11.031674,76.940688,R095,NGO,11.085787,76.952733,150,1,1,0,0,15,7.62,26,0
F001369,Veg Fried Rice,Veg,127,2026-05-19,22:45,11.014847,77.018815,R086,NGO,11.003612,76.964368,100,1,0,1,0,15,7.28,15,0
F001370,Chapati & Kurma,Veg,113,2026-08-03,14:30,10.955,76.939241,R037,NGO,11.000097,76.871592,200,1,0,0,0,15,9.85,30,0
F001371,Mixed Veg Meals,Veg,133,2026-07-16,18:45,10.939281,76.954544,R055,NGO,10.989074,76.971947,150,1,1,1,0,15,6.92,22,1
F001372,Chicken Biryani,Non-Veg,110,2026-03-31,21:00,11.019931,77.01857,R084,NGO,11.032741,77.049457,80,1,1,1,0,15,4.55,16,0
F001373,Chicken Biryani,Non-Veg,69,2026-09-04,21:45,10.939281,76.954544,R007,FOOD_BANK,10.953647,76.979401,350,1,1,1,50,8,3.69,16,1
F001374,Chicken Noodles,Non-Veg,91,2026-03-07,22:00,11.019931,77.01857,R048,NGO,11.057634,76.973017,250,1,1,1,0,15,7.58,20,1
F001375,Chicken Curry & Rice,Non-Veg,137,2026-07-26,17:30,11.031674,76.940688,R073,NGO,11.055782,76.867067,180,1,1,1,0,15,11.04,31,1
F001376,Tamarind Rice,Veg,124,2026-01-05,13:30,10.989657,77.033427,R010,FOOD_BANK,11.013706,76.936718,500,1,1,1,30,10,13.62,37,0
F001377,Upma,Veg,128,2026-08-06,21:00,11.010053,76.918261,R001,FOOD_BANK,10.929752,76.993726,350,1,1,1,40,15,15.93,42,0
F001378,Vegetable Biryani,Veg,92,2026-09-20,19:15,11.031674,76.940688,R059,NGO,10.946464,76.967626,60,1,1,1,0,15,11.58,35,0
F001379,Mixed Veg Meals,Veg,86,2026-04-20,23:00,10.973793,76.954491,R103,NGO,11.013321,76.996693,60,1,0,1,0,15,8.27,27,0
F001380,Mixed Veg Meals,Veg,46,2026-08-22,14:00,11.009674,76.987054,R115,NGO,11.024606,76.91699,200,1,1,1,0,15,9.75,22,1
F001381,Paneer Rice,Veg,110,2026-03-04,23:00,11.009237,76.990411,R044,NGO,10.991885,76.990569,60,1,0,0,0,15,2.24,10,0
F001382,Tamarind Rice,Veg,53,2026-05-08,19:30,11.053896,77.023402,R069,NGO,11.019827,77.006835,200,1,1,1,0,15,5.02,24,1
F001383,Chapati & Kurma,Veg,145,2026-04-05,20:30,11.056687,76.895452,R071,NGO,11.01227,76.928148,60,1,1,1,0,15,6.77,21,0
F001384,Paneer Rice,Veg,82,2026-09-20,21:30,11.033528,76.977257,R001,FOOD_BANK,10.929752,76.993726,350,1,1,1,40,15,14.06,48,0
F001385,Upma,Veg,37,2026-01-24,13:00,10.932716,76.940667,R097,NGO,10.914195,76.949189,100,1,1,1,0,15,2.88,10,1
F001386,Idli & Sambar,Veg,119,2026-02-10,21:15,10.966962,76.944406,R054,NGO,10.992456,76.917474,200,1,0,1,0,15,4.87,21,1
F001387,Paneer Rice,Veg,72,2026-01-18,21:30,11.031674,76.940688,R083,NGO,11.048239,76.905998,120,1,1,1,0,15,5.5,20,1
F001388,Chicken Noodles,Non-Veg,57,2026-07-27,13:15,11.019931,77.01857,R055,NGO,10.989074,76.971947,150,1,1,0,0,15,7.24,25,0
F001389,Chapati & Kurma,Veg,73,2026-05-17,13:30,11.009237,76.990411,R027,FOOD_BANK,10.99906,76.98453,100,1,0,1,30,6,1.5,10,1
F001390,Fish Curry & Rice,Non-Veg,37,2026-07-01,20:00,11.004965,76.92703,R043,NGO,11.032353,76.968259,120,1,1,1,0,15,6.0,16,1
F001391,Dal Rice,Veg,88,2026-02-20,19:00,11.032916,76.872503,R066,NGO,11.064176,76.963349,120,1,0,1,0,15,11.88,36,1
F001392,Curd Rice,Veg,63,2026-04-11,21:45,10.955,76.939241,R071,NGO,11.01227,76.928148,60,1,1,1,0,15,8.21,23,0
F001393,Dal Rice,Veg,54,2026-09-05,14:15,11.031674,76.940688,R010,FOOD_BANK,11.013706,76.936718,500,1,1,1,30,10,2.56,11,1
F001394,Idli & Sambar,Veg,111,2026-08-02,20:15,10.939281,76.954544,R086,NGO,11.003612,76.964368,100,1,0,1,0,15,8.03,23,0
F001395,Veg Noodles,Veg,41,2026-08-25,22:30,11.031674,76.940688,R103,NGO,11.013321,76.996693,60,1,0,0,0,15,7.74,23,0
F001396,Tamarind Rice,Veg,88,2026-02-23,13:30,11.009237,76.990411,R065,NGO,10.969044,76.961977,180,1,1,1,0,15,6.89,20,1
F001397,Sambar Rice,Veg,115,2026-03-30,20:15,11.039384,76.920741,R087,NGO,11.045743,76.907648,75,1,0,1,0,15,1.96,8,0
F001398,Mixed Veg Meals,Veg,134,2026-02-09,21:45,11.076864,76.976338,R050,NGO,11.041148,77.014453,180,1,0,1,0,15,7.07,17,1
F001399,Paneer Rice,Veg,81,2026-08-08,20:15,11.032916,76.872503,R063,NGO,11.00096,76.956294,200,1,0,1,0,15,12.17,28,1
F001400,Paneer Rice,Veg,64,2026-04-24,20:00,11.010484,76.997546,R011,FOOD_BANK,11.031302,77.041945,350,1,1,1,60,6,6.58,21,0
F001401,Vegetable Biryani,Veg,70,2026-03-27,19:00,10.984536,76.8803,R090,NGO,10.96531,76.904554,80,1,1,0,0,15,3.84,16,0
F001402,Egg Biryani,Non-Veg,170,2026-06-03,21:00,11.019931,77.01857,R106,NGO,11.012111,77.034302,75,1,0,1,0,15,2.16,15,0
F001403,Pongal,Veg,145,2026-03-16,17:15,10.966962,76.944406,R032,FOOD_BANK,10.961916,76.996051,300,1,1,1,25,8,7.47,28,1
F001404,Curd Rice,Veg,133,2026-03-11,19:15,11.056687,76.895452,R022,FOOD_BANK,11.008467,76.858868,180,1,1,1,30,12,8.5,24,1
F001405,Curd Rice,Veg,134,2026-03-23,21:30,10.99924,76.975315,R065,NGO,10.969044,76.961977,180,1,1,1,0,15,4.65,20,0
F001406,Chicken Fried Rice,Non-Veg,97,2026-01-06,11:45,10.976233,76.931534,R020,FOOD_BANK,10.980675,76.991318,120,1,0,1,25,8,7.63,20,0
F001407,Chicken Curry & Rice,Non-Veg,32,2026-02-21,14:00,11.009237,76.990411,R119,NGO,11.046134,77.006426,250,1,1,1,0,15,5.37,17,1
F001408,Vegetable Biryani,Veg,143,2026-08-07,12:00,11.028005,76.921622,R083,NGO,11.048239,76.905998,120,1,1,0,0,15,3.5,16,0
F001409,Fish Curry & Rice,Non-Veg,77,2026-04-17,21:00,11.038515,77.035361,R041,NGO,11.020484,77.068669,120,1,1,1,0,15,4.89,18,1
F001410,Chicken Noodles,Non-Veg,82,2026-07-14,12:45,10.976233,76.931534,R107,NGO,10.973743,76.935486,80,1,1,1,0,15,0.61,3,0
F001411,Tomato Rice,Veg,89,2026-03-26,20:00,10.961692,76.988005,R105,NGO,10.980298,76.934381,180,1,1,1,0,15,6.91,23,1
F001412,Veg Fried Rice,Veg,60,2026-03-24,20:45,11.02334,76.906764,R113,NGO,10.999687,76.916433,150,1,0,1,0,15,3.28,10,0
F001413,Tomato Rice,Veg,40,2026-04-16,13:30,11.010484,76.997546,R050,NGO,11.041148,77.014453,180,1,0,1,0,15,4.76,13,0
F001414,Dal Rice,Veg,72,2026-03-31,19:00,11.031674,76.940688,R105,NGO,10.980298,76.934381,180,1,1,1,0,15,6.55,20,1
F001415,Vegetable Biryani,Veg,99,2026-03-26,19:00,11.024082,76.981748,R066,NGO,11.064176,76.963349,120,1,0,1,0,15,6.29,21,1
F001416,Egg Biryani,Non-Veg,102,2026-04-27,13:00,11.02334,76.906764,R024,FOOD_BANK,10.995209,76.955337,100,1,1,1,50,12,8.08,25,0
F001417,Chicken Curry & Rice,Non-Veg,62,2026-07-29,19:30,10.984536,76.8803,R072,NGO,11.016329,76.845338,250,1,0,1,0,15,6.61,18,0
F001418,Curd Rice,Veg,92,2026-04-17,20:00,11.020654,77.047909,R036,FOOD_BANK,11.039233,77.037241,180,1,1,1,20,6,2.95,12,1
F001419,Sambar Rice,Veg,196,2026-01-11,10:00,10.966962,76.944406,R032,FOOD_BANK,10.961916,76.996051,300,1,1,1,25,8,7.47,19,1
F001420,Tomato Rice,Veg,127,2026-03-03,19:45,10.966962,76.944406,R001,FOOD_BANK,10.929752,76.993726,350,1,1,1,40,15,8.72,27,1
F001421,Idli & Sambar,Veg,71,2026-06-02,22:00,11.032916,76.872503,R081,NGO,11.006904,76.896341,75,1,1,1,0,15,4.8,18,1
F001422,Veg Noodles,Veg,102,2026-02-20,14:00,10.993725,76.957415,R085,NGO,11.08813,76.948347,50,1,1,1,0,15,12.81,25,0
F001423,Curd Rice,Veg,118,2026-04-11,14:30,11.010484,76.997546,R004,FOOD_BANK,11.030506,77.02175,350,1,0,1,60,8,4.32,21,1
F001424,Lemon Rice,Veg,37,2026-01-04,19:00,11.019931,77.01857,R051,NGO,10.961994,76.921525,120,1,1,1,0,15,16.13,39,0
F001425,Chicken Fried Rice,Non-Veg,52,2026-08-15,22:45,10.932716,76.940667,R070,NGO,11.00895,76.982832,100,1,1,1,0,15,11.07,33,0
F001426,Fish Curry & Rice,Non-Veg,55,2026-03-22,10:15,11.014847,77.018815,R077,NGO,11.021303,77.050329,150,1,0,1,0,15,4.53,16,0
F001427,Paneer Rice,Veg,100,2026-01-20,13:00,11.039384,76.920741,R115,NGO,11.024606,76.91699,200,1,1,1,0,15,1.95,7,0
F001428,Lemon Rice,Veg,145,2026-09-18,20:00,10.961692,76.988005,R007,FOOD_BANK,10.953647,76.979401,350,1,1,1,50,8,1.7,10,1
F001429,Vegetable Biryani,Veg,137,2026-06-22,22:15,11.076864,76.976338,R098,NGO,11.05394,76.961166,80,1,1,0,0,15,3.79,18,0
F001430,Egg Biryani,Non-Veg,58,2026-03-07,21:15,11.07664,76.919621,R076,NGO,11.005115,76.870368,50,1,0,1,0,15,10.84,29,0
F001431,Mixed Veg Meals,Veg,62,2026-04-27,13:30,11.056687,76.895452,R117,NGO,10.970674,77.017528,80,1,1,1,0,15,20.87,58,0
F001432,Paneer Rice,Veg,89,2026-01-28,14:00,10.961692,76.988005,R117,NGO,10.970674,77.017528,80,1,1,1,0,15,4.34,15,0
F001433,Fish Curry & Rice,Non-Veg,96,2026-01-14,22:45,11.023729,76.992516,R005,FOOD_BANK,11.070808,77.000467,400,1,1,1,30,6,6.78,21,0
F001434,Veg Fried Rice,Veg,53,2026-07-30,14:30,11.033528,76.977257,R018,FOOD_BANK,11.033443,76.984609,300,1,0,1,20,6,0.91,6,1
F001435,Veg Noodles,Veg,54,2026-09-22,21:15,10.973793,76.954491,R065,NGO,10.969044,76.961977,180,1,1,1,0,15,1.24,8,1
F001436,Idli & Sambar,Veg,169,2026-02-24,19:30,11.053896,77.023402,R046,NGO,11.03532,76.96968,50,1,0,0,0,15,7.44,28,0
F001437,Tomato Rice,Veg,74,2026-03-18,14:45,10.984536,76.8803,R074,NGO,11.052052,76.880485,250,1,1,1,0,15,9.19,27,1
F001438,Chicken Noodles,Non-Veg,64,2026-04-26,12:45,11.009674,76.987054,R065,NGO,10.969044,76.961977,180,1,1,1,0,15,6.93,18,1
F001439,Curd Rice,Veg,69,2026-06-13,17:30,10.966962,76.944406,R059,NGO,10.946464,76.967626,60,1,1,1,0,15,4.46,14,0
F001440,Egg Curry & Rice,Non-Veg,75,2026-08-27,21:45,11.009674,76.987054,R089,NGO,11.032373,77.019287,40,1,1,1,0,15,4.91,13,0
F001441,Curd Rice,Veg,72,2026-02-22,20:30,11.079609,76.965395,R070,NGO,11.00895,76.982832,100,1,1,1,0,15,9.05,26,1
F001442,Tamarind Rice,Veg,54,2026-05-02,18:45,10.993725,76.957415,R093,NGO,10.964782,76.951669,100,1,0,1,0,15,3.72,13,1
F001443,Egg Biryani,Non-Veg,88,2026-06-23,14:30,11.023729,76.992516,R067,NGO,11.041648,77.017067,180,1,1,1,0,15,3.84,14,1
F001444,Chapati & Kurma,Veg,134,2026-04-17,22:45,11.038515,77.035361,R058,NGO,11.044285,76.99815,60,1,1,1,0,15,4.59,14,0
F001445,Vegetable Biryani,Veg,70,2026-04-25,20:15,10.966962,76.944406,R052,NGO,10.949148,76.902044,40,1,0,1,0,15,5.62,19,0
F001446,Tomato Rice,Veg,95,2026-01-26,18:30,10.993725,76.957415,R007,FOOD_BANK,10.953647,76.979401,350,1,1,0,50,8,5.67,15,0
F001447,Egg Biryani,Non-Veg,101,2026-09-16,23:45,11.038515,77.035361,R009,FOOD_BANK,11.035475,77.018124,200,1,1,1,75,15,2.31,10,1
F001448,Dal Rice,Veg,215,2026-07-05,20:00,11.014847,77.018815,R094,NGO,11.060926,77.018643,50,1,1,1,0,15,6.1,19,0
F001449,Curd Rice,Veg,121,2026-04-11,21:30,11.03264,76.921297,R108,NGO,11.08074,76.950706,40,1,0,0,0,15,8.1,35,0
F001450,Veg Noodles,Veg,87,2026-04-17,20:15,11.009237,76.990411,R004,FOOD_BANK,11.030506,77.02175,350,1,0,1,60,8,5.13,16,1
F001451,Egg Biryani,Non-Veg,134,2026-07-07,22:30,11.056687,76.895452,R039,NGO,11.112771,76.941297,80,1,0,1,0,15,9.02,28,0
F001452,Tamarind Rice,Veg,144,2026-04-17,13:00,11.031674,76.940688,R018,FOOD_BANK,11.033443,76.984609,300,1,0,1,20,6,5.96,16,1
F001453,Veg Fried Rice,Veg,156,2026-05-12,23:00,11.03264,76.921297,R086,NGO,11.003612,76.964368,100,1,0,1,0,15,7.49,28,0
F001454,Chicken Curry & Rice,Non-Veg,121,2026-01-11,20:00,11.038515,77.035361,R018,FOOD_BANK,11.033443,76.984609,300,1,0,1,20,6,6.32,22,0
F001455,Pongal,Veg,164,2026-09-18,21:15,10.976233,76.931534,R012,FOOD_BANK,10.991543,76.851715,300,1,1,1,20,8,10.68,34,0
F001456,Fish Curry & Rice,Non-Veg,83,2026-01-15,10:45,11.053896,77.023402,R041,NGO,11.020484,77.068669,120,1,1,0,0,15,7.29,15,0
F001457,Pongal,Veg,74,2026-01-17,20:45,11.07664,76.919621,R113,NGO,10.999687,76.916433,150,1,0,1,0,15,9.7,25,1
F001458,Chicken Biryani,Non-Veg,103,2026-06-25,20:00,11.076864,76.976338,R060,NGO,11.075079,76.981996,40,1,0,1,0,15,0.75,4,0
F001459,Egg Curry & Rice,Non-Veg,116,2026-06-19,17:00,10.966962,76.944406,R093,NGO,10.964782,76.951669,100,1,0,1,0,15,1.08,9,0
F001460,Egg Curry & Rice,Non-Veg,73,2026-03-12,23:45,11.03264,76.921297,R110,NGO,11.051228,76.872849,50,1,1,1,0,15,7.13,21,0
F001461,Egg Fried Rice,Non-Veg,60,2026-06-18,19:30,10.955,76.939241,R037,NGO,11.000097,76.871592,200,1,0,1,0,15,9.85,26,0
F001462,Chicken Fried Rice,Non-Veg,85,2026-07-20,13:15,11.079609,76.965395,R005,FOOD_BANK,11.070808,77.000467,400,1,1,1,30,6,4.68,20,1
F001463,Egg Curry & Rice,Non-Veg,56,2026-04-18,21:00,11.009674,76.987054,R050,NGO,11.041148,77.014453,180,1,0,1,0,15,5.86,18,0
F001464,Tomato Rice,Veg,72,2026-09-11,21:00,10.961692,76.988005,R069,NGO,11.019827,77.006835,200,1,1,1,0,15,8.65,25,1
F001465,Lemon Rice,Veg,79,2026-04-12,21:15,11.053896,77.023402,R009,FOOD_BANK,11.035475,77.018124,200,1,1,0,75,15,2.76,11,0
F001466,Lemon Rice,Veg,59,2026-08-11,18:30,11.033528,76.977257,R098,NGO,11.05394,76.961166,80,1,1,0,0,15,3.24,16,0
F001467,Chicken Curry & Rice,Non-Veg,64,2026-03-26,14:15,11.02334,76.906764,R081,NGO,11.006904,76.896341,75,1,1,1,0,15,2.8,17,1
F001468,Pongal,Veg,103,2026-02-07,19:45,10.979497,76.93907,R070,NGO,11.00895,76.982832,100,1,1,0,0,15,7.06,21,0
F001469,Chicken Curry & Rice,Non-Veg,57,2026-09-10,13:00,10.979497,76.93907,R020,FOOD_BANK,10.980675,76.991318,120,1,0,0,25,8,6.5,24,0
F001470,Mixed Veg Meals,Veg,61,2026-05-04,19:30,11.028005,76.921622,R107,NGO,10.973743,76.935486,80,1,1,1,0,15,7.28,24,1
F001471,Egg Fried Rice,Non-Veg,48,2026-04-07,22:00,11.032916,76.872503,R081,NGO,11.006904,76.896341,75,1,1,1,0,15,4.8,16,1
F001472,Vegetable Biryani,Veg,102,2026-07-22,20:00,11.039384,76.920741,R013,FOOD_BANK,10.997835,76.963916,350,1,1,1,30,8,7.69,22,1
F001473,Upma,Veg,88,2026-09-10,18:45,11.03264,76.921297,R086,NGO,11.003612,76.964368,100,1,0,1,0,15,7.49,22,1
F001474,Curd Rice,Veg,123,2026-05-20,17:15,11.009674,76.987054,R078,NGO,10.960637,76.974029,100,1,1,1,0,15,6.36,17,0
F001475,Mixed Veg Meals,Veg,130,2026-07-20,22:45,11.009674,76.987054,R048,NGO,11.057634,76.973017,250,1,1,0,0,15,6.63,23,0
F001476,Veg Noodles,Veg,68,2026-01-20,23:15,11.039384,76.920741,R008,FOOD_BANK,11.007782,76.873074,350,1,1,1,40,6,7.22,29,0
F001477,Tamarind Rice,Veg,119,2026-04-13,21:30,11.031674,76.940688,R115,NGO,11.024606,76.91699,200,1,1,1,0,15,3.12,18,1
F001478,Chapati & Kurma,Veg,66,2026-08-27,21:00,10.973793,76.954491,R090,NGO,10.96531,76.904554,80,1,1,1,0,15,6.3,18,1
F001479,Chicken Biryani,Non-Veg,72,2026-01-15,17:15,11.024082,76.981748,R044,NGO,10.991885,76.990569,60,1,0,1,0,15,4.55,17,0
F001480,Paneer Rice,Veg,92,2026-08-12,22:00,10.939281,76.954544,R107,NGO,10.973743,76.935486,80,1,1,1,0,15,5.15,19,0
F001481,Idli & Sambar,Veg,215,2026-04-19,14:45,11.023729,76.992516,R055,NGO,10.989074,76.971947,150,1,1,1,0,15,5.17,21,0
F001482,Chapati & Kurma,Veg,41,2026-05-14,14:30,11.053896,77.023402,R017,FOOD_BANK,11.017238,76.837799,500,1,1,1,60,12,23.55,64,0
F001483,Dal Rice,Veg,117,2026-02-19,18:00,11.07664,76.919621,R057,NGO,11.013714,76.896117,60,1,1,1,0,15,9.29,27,0
F001484,Chicken Biryani,Non-Veg,82,2026-01-17,23:15,11.028005,76.921622,R046,NGO,11.03532,76.96968,50,1,0,1,0,15,6.29,26,0
F001485,Pongal,Veg,125,2026-07-02,19:45,11.076864,76.976338,R032,FOOD_BANK,10.961916,76.996051,300,1,1,1,25,8,15.63,47,0
F001486,Curd Rice,Veg,128,2026-03-22,12:00,11.010053,76.918261,R022,FOOD_BANK,11.008467,76.858868,180,1,1,1,30,12,8.42,24,1
F001487,Pongal,Veg,171,2026-04-15,20:30,11.019931,77.01857,R069,NGO,11.019827,77.006835,200,1,1,1,0,15,1.52,11,0
F001488,Pongal,Veg,83,2026-05-11,20:30,11.023729,76.992516,R012,FOOD_BANK,10.991543,76.851715,300,1,1,1,20,8,19.56,63,0
F001489,Tomato Rice,Veg,37,2026-04-18,18:00,11.058243,76.998573,R055,NGO,10.989074,76.971947,150,1,1,1,0,15,10.83,44,0
F001490,Curd Rice,Veg,46,2026-05-19,20:15,11.076864,76.976338,R060,NGO,11.075079,76.981996,40,1,0,1,0,15,0.75,10,0
F001491,Veg Noodles,Veg,80,2026-01-22,19:45,11.004965,76.92703,R112,NGO,11.005344,76.861947,50,1,1,1,0,15,9.06,24,0
F001492,Egg Biryani,Non-Veg,46,2026-04-05,21:00,11.07664,76.919621,R110,NGO,11.051228,76.872849,50,1,1,1,0,15,6.74,19,1
F001493,Vegetable Biryani,Veg,109,2026-01-16,12:45,11.023729,76.992516,R013,FOOD_BANK,10.997835,76.963916,350,1,1,1,30,8,5.43,17,1
F001494,Egg Biryani,Non-Veg,146,2026-05-20,14:15,10.979497,76.93907,R071,NGO,11.01227,76.928148,60,1,1,1,0,15,4.33,19,0
F001495,Idli & Sambar,Veg,145,2026-01-19,18:00,11.014847,77.018815,R058,NGO,11.044285,76.99815,60,1,1,1,0,15,4.59,16,0
F001496,Dal Rice,Veg,102,2026-05-06,17:45,10.979497,76.93907,R099,NGO,10.897905,76.956454,50,1,1,0,0,15,12.02,32,0
F001497,Tamarind Rice,Veg,91,2026-03-21,20:45,11.006786,77.010739,R067,NGO,11.041648,77.017067,180,1,1,1,0,15,4.5,18,1
F001498,Sambar Rice,Veg,150,2026-09-02,11:30,10.984536,76.8803,R046,NGO,11.03532,76.96968,50,1,0,1,0,15,12.49,36,0
F001499,Paneer Rice,Veg,139,2026-07-10,13:30,11.024082,76.981748,R096,NGO,11.028388,76.923499,250,1,0,1,0,15,7.33,26,1
F001500,Veg Noodles,Veg,67,2026-09-13,13:30,11.039384,76.920741,R083,NGO,11.048239,76.905998,120,1,1,1,0,15,2.17,10,0
F001501,Paneer Rice,Veg,48,2026-03-10,19:00,11.02334,76.906764,R012,FOOD_BANK,10.991543,76.851715,300,1,1,1,20,8,7.75,21,1
F001502,Upma,Veg,59,2026-04-05,19:30,11.02334,76.906764,R063,NGO,11.00096,76.956294,200,1,0,1,0,15,6.99,16,1
F001503,Pongal,Veg,95,2026-06-27,21:00,11.053896,77.023402,R067,NGO,11.041648,77.017067,180,1,1,0,0,15,1.74,8,0
F001504,Chapati & Kurma,Veg,63,2026-07-19,19:45,11.058243,76.998573,R018,FOOD_BANK,11.033443,76.984609,300,1,0,1,20,6,3.55,11,1
F001505,Idli & Sambar,Veg,140,2026-05-11,18:45,11.02334,76.906764,R087,NGO,11.045743,76.907648,75,1,0,1,0,15,2.93,11,0
F001506,Pongal,Veg,38,2026-04-09,14:00,10.955,76.939241,R059,NGO,10.946464,76.967626,60,1,1,1,0,15,3.89,16,1
F001507,Chicken Fried Rice,Non-Veg,37,2026-02-21,12:00,11.020654,77.047909,R079,NGO,10.979008,76.977548,250,1,1,1,0,15,11.09,22,1
F001508,Tomato Rice,Veg,102,2026-01-24,18:45,10.993725,76.957415,R008,FOOD_BANK,11.007782,76.873074,350,1,1,1,40,6,10.33,25,0
F001509,Curd Rice,Veg,145,2026-01-04,14:00,11.004965,76.92703,R056,NGO,11.046451,76.888718,120,1,1,1,0,15,7.15,20,0
F001510,Sambar Rice,Veg,46,2026-01-02,20:15,11.006786,77.010739,R042,NGO,10.996123,76.965899,75,1,1,1,0,15,6.59,17,1
F001511,Pongal,Veg,90,2026-06-08,22:30,11.010484,76.997546,R050,NGO,11.041148,77.014453,180,1,0,0,0,15,4.76,14,0
F001512,Lemon Rice,Veg,37,2026-03-03,19:45,11.012293,76.884686,R068,NGO,11.033,76.841178,180,1,0,1,0,15,6.91,20,1
F001513,Upma,Veg,144,2026-05-26,18:15,10.955,76.939241,R034,FOOD_BANK,10.933246,76.91673,300,1,1,1,75,8,4.54,12,1
F001514,Vegetable Biryani,Veg,174,2026-05-09,14:30,11.004965,76.92703,R014,FOOD_BANK,10.969875,76.928412,350,1,1,1,40,15,5.06,17,1
F001515,Egg Fried Rice,Non-Veg,119,2026-02-12,23:45,11.03264,76.921297,R074,NGO,11.052052,76.880485,250,1,1,1,0,15,6.1,17,1
F001516,Curd Rice,Veg,69,2026-05-27,21:00,11.031674,76.940688,R066,NGO,11.064176,76.963349,120,1,0,1,0,15,5.27,22,1
F001517,Chicken Curry & Rice,Non-Veg,110,2026-07-25,23:45,10.932716,76.940667,R078,NGO,10.960637,76.974029,100,1,1,1,0,15,6.13,18,0
F001518,Sambar Rice,Veg,228,2026-06-29,19:30,10.979497,76.93907,R034,FOOD_BANK,10.933246,76.91673,300,1,1,1,75,8,6.49,24,1
F001519,Dal Rice,Veg,141,2026-08-18,22:00,11.023729,76.992516,R004,FOOD_BANK,11.030506,77.02175,350,1,0,1,60,8,3.77,11,1
F001520,Chicken Biryani,Non-Veg,77,2026-03-13,22:15,11.010484,76.997546,R055,NGO,10.989074,76.971947,150,1,1,0,0,15,4.52,15,0
F001521,Sambar Rice,Veg,87,2026-07-27,20:00,10.983486,76.946385,R113,NGO,10.999687,76.916433,150,1,0,1,0,15,4.61,16,1
F001522,Veg Noodles,Veg,84,2026-07-03,21:00,10.979497,76.93907,R059,NGO,10.946464,76.967626,60,1,1,1,0,15,5.94,19,0
F001523,Paneer Rice,Veg,33,2026-02-23,17:30,10.979497,76.93907,R064,NGO,11.019483,77.032452,60,1,1,1,0,15,12.85,45,1
F001524,Upma,Veg,96,2026-09-20,20:00,10.984536,76.8803,R006,FOOD_BANK,11.071337,76.997418,180,1,1,1,40,15,18.85,50,0
F001525,Chapati & Kurma,Veg,58,2026-07-03,13:15,11.024082,76.981748,R046,NGO,11.03532,76.96968,50,1,0,1,0,15,2.34,13,0
F001526,Paneer Rice,Veg,85,2026-04-25,19:30,10.932716,76.940667,R042,NGO,10.996123,76.965899,75,1,1,1,0,15,9.53,33,0
F001527,Veg Noodles,Veg,77,2026-07-26,13:30,11.012293,76.884686,R012,FOOD_BANK,10.991543,76.851715,300,1,1,1,20,8,4.99,12,1
F001528,Tomato Rice,Veg,104,2026-06-07,18:30,10.955,76.939241,R052,NGO,10.949148,76.902044,40,1,0,0,0,15,4.74,14,0
F001529,Egg Biryani,Non-Veg,83,2026-04-09,21:00,11.02334,76.906764,R116,NGO,11.012179,76.851992,150,1,0,1,0,15,7.39,26,0
F001530,Idli & Sambar,Veg,85,2026-07-09,22:15,10.983486,76.946385,R054,NGO,10.992456,76.917474,200,1,0,1,0,15,3.86,14,1
F001531,Paneer Rice,Veg,99,2026-06-30,20:30,11.009674,76.987054,R009,FOOD_BANK,11.035475,77.018124,200,1,1,1,75,15,5.54,17,0
F001532,Chicken Curry & Rice,Non-Veg,60,2026-06-18,20:15,11.058243,76.998573,R095,NGO,11.085787,76.952733,150,1,1,1,0,15,6.47,15,1
F001533,Tomato Rice,Veg,43,2026-05-27,20:15,11.024082,76.981748,R079,NGO,10.979008,76.977548,250,1,1,1,0,15,6.38,24,1
F001534,Fish Curry & Rice,Non-Veg,50,2026-04-18,13:15,11.053896,77.023402,R102,NGO,11.026939,76.970836,75,1,0,1,0,15,7.34,20,0
F001535,Chicken Noodles,Non-Veg,87,2026-09-11,21:00,11.020654,77.047909,R070,NGO,11.00895,76.982832,100,1,1,1,0,15,8.89,36,0
F001536,Chapati & Kurma,Veg,97,2026-08-03,20:15,11.009674,76.987054,R100,NGO,11.03497,76.938284,75,1,1,1,0,15,6.62,21,0
F001537,Tomato Rice,Veg,138,2026-08-15,21:45,10.932716,76.940667,R029,FOOD_BANK,11.006256,76.917282,200,1,0,1,60,15,11.06,23,1
F001538,Idli & Sambar,Veg,161,2026-02-24,22:15,10.976233,76.931534,R010,FOOD_BANK,11.013706,76.936718,500,1,1,1,30,10,4.68,19,1
F001539,Lemon Rice,Veg,109,2026-09-04,11:15,10.955,76.939241,R034,FOOD_BANK,10.933246,76.91673,300,1,1,1,75,8,4.54,11,0
F001540,Chicken Biryani,Non-Veg,89,2026-01-14,14:45,11.010739,76.885886,R110,NGO,11.051228,76.872849,50,1,1,0,0,15,5.26,18,0
F001541,Veg Noodles,Veg,152,2026-06-16,13:30,11.004965,76.92703,R055,NGO,10.989074,76.971947,150,1,1,1,0,15,5.85,22,0
F001542,Mixed Veg Meals,Veg,186,2026-09-22,21:30,11.058243,76.998573,R028,FOOD_BANK,11.08297,76.957199,500,1,1,1,30,12,6.33,28,1
F001543,Chicken Biryani,Non-Veg,104,2026-03-19,20:30,10.993725,76.957415,R051,NGO,10.961994,76.921525,120,1,1,1,0,15,6.81,19,1
F001544,Paneer Rice,Veg,70,2026-09-12,19:45,11.004965,76.92703,R063,NGO,11.00096,76.956294,200,1,0,1,0,15,3.71,14,1
F001545,Mixed Veg Meals,Veg,60,2026-04-06,18:45,10.984536,76.8803,R087,NGO,11.045743,76.907648,75,1,0,1,0,15,9.59,29,1
F001546,Idli & Sambar,Veg,156,2026-09-23,20:00,11.03264,76.921297,R024,FOOD_BANK,10.995209,76.955337,100,1,1,1,50,12,7.17,26,0
F001547,Tamarind Rice,Veg,151,2026-02-17,14:45,11.009674,76.987054,R094,NGO,11.060926,77.018643,50,1,1,0,0,15,7.55,25,0
F001548,Vegetable Biryani,Veg,129,2026-03-21,21:15,11.07664,76.919621,R099,NGO,10.897905,76.956454,50,1,1,1,0,15,24.35,56,0
F001549,Egg Biryani,Non-Veg,98,2026-07-10,18:30,11.023729,76.992516,R102,NGO,11.026939,76.970836,75,1,0,1,0,15,2.91,14,0
F001550,Vegetable Biryani,Veg,75,2026-04-15,14:00,11.004965,76.92703,R003,FOOD_BANK,11.036567,76.920159,300,1,1,1,40,8,4.61,16,1
F001551,Egg Biryani,Non-Veg,91,2026-08-31,14:15,11.056687,76.895452,R046,NGO,11.03532,76.96968,50,1,0,1,0,15,9.92,27,0
F001552,Chicken Noodles,Non-Veg,74,2026-08-18,20:15,11.010053,76.918261,R037,NGO,11.000097,76.871592,200,1,0,1,0,15,6.33,16,0
F001553,Chicken Curry & Rice,Non-Veg,100,2026-07-12,21:30,11.056687,76.895452,R075,NGO,10.946154,76.960857,120,1,0,1,0,15,16.12,31,0
F001554,Egg Biryani,Non-Veg,122,2026-05-15,13:15,11.076864,76.976338,R032,FOOD_BANK,10.961916,76.996051,300,1,1,0,25,8,15.63,39,0
F001555,Idli & Sambar,Veg,179,2026-09-01,11:15,11.019931,77.01857,R020,FOOD_BANK,10.980675,76.991318,120,1,0,1,25,8,6.15,16,0
F001556,Paneer Rice,Veg,51,2026-03-19,23:30,11.03264,76.921297,R110,NGO,11.051228,76.872849,50,1,1,1,0,15,7.13,21,0
F001557,Idli & Sambar,Veg,197,2026-04-06,22:15,11.006786,77.010739,R025,FOOD_BANK,11.064094,76.948971,400,1,1,1,75,18,12.14,41,0
F001558,Veg Fried Rice,Veg,58,2026-06-23,22:45,11.076864,76.976338,R082,NGO,10.926687,76.982445,150,1,0,1,0,15,18.63,47,0
F001559,Veg Fried Rice,Veg,144,2026-06-10,14:15,11.009237,76.990411,R100,NGO,11.03497,76.938284,75,1,1,0,0,15,7.04,22,0
F001560,Egg Biryani,Non-Veg,69,2026-07-18,19:30,11.033528,76.977257,R078,NGO,10.960637,76.974029,100,1,1,1,0,15,9.02,25,1
F001561,Egg Biryani,Non-Veg,79,2026-04-10,20:00,11.028005,76.921622,R037,NGO,11.000097,76.871592,200,1,0,0,0,15,7.08,22,0
F001562,Chicken Fried Rice,Non-Veg,113,2026-06-29,20:15,11.023729,76.992516,R048,NGO,11.057634,76.973017,250,1,1,0,0,15,4.93,18,0
F001563,Chicken Fried Rice,Non-Veg,73,2026-01-25,12:45,11.012293,76.884686,R003,FOOD_BANK,11.036567,76.920159,300,1,1,1,40,8,5.73,13,1
F001564,Tomato Rice,Veg,108,2026-03-10,22:30,11.07664,76.919621,R085,NGO,11.08813,76.948347,50,1,1,1,0,15,4.36,12,0
F001565,Paneer Rice,Veg,82,2026-08-29,20:00,11.009237,76.990411,R053,NGO,11.001509,77.017312,250,1,1,1,0,15,3.78,19,1
F001566,Curd Rice,Veg,41,2026-03-01,23:30,11.07664,76.919621,R023,FOOD_BANK,11.067518,77.033737,250,1,1,1,30,8,14.55,29,0
F001567,Pongal,Veg,48,2026-05-11,23:45,11.058243,76.998573,R040,NGO,11.077527,76.976975,60,1,1,1,0,15,3.92,17,1
F001568,Veg Fried Rice,Veg,40,2026-06-22,19:30,11.031674,76.940688,R118,NGO,11.078871,76.965426,200,1,0,1,0,15,6.73,21,1
F001569,Tomato Rice,Veg,103,2026-04-01,13:45,11.006786,77.010739,R046,NGO,11.03532,76.96968,50,1,0,1,0,15,6.85,23,0
F001570,Curd Rice,Veg,165,2026-05-08,23:30,10.984536,76.8803,R050,NGO,11.041148,77.014453,180,1,0,1,0,15,20.83,60,0
F001571,Dal Rice,Veg,110,2026-01-25,19:00,11.024082,76.981748,R013,FOOD_BANK,10.997835,76.963916,350,1,1,1,30,8,3.99,14,1
F001572,Chicken Curry & Rice,Non-Veg,66,2026-09-17,18:00,11.076864,76.976338,R018,FOOD_BANK,11.033443,76.984609,300,1,0,1,20,6,5.78,15,0
F001573,Veg Fried Rice,Veg,150,2026-05-28,21:30,11.03264,76.921297,R076,NGO,11.005115,76.870368,50,1,0,1,0,15,7.63,22,0
F001574,Veg Fried Rice,Veg,33,2026-04-05,19:15,10.984536,76.8803,R076,NGO,11.005115,76.870368,50,1,0,1,0,15,2.92,11,1
F001575,Egg Fried Rice,Non-Veg,52,2026-08-16,21:45,11.006786,77.010739,R115,NGO,11.024606,76.91699,200,1,1,1,0,15,12.32,49,1
F001576,Pongal,Veg,43,2026-07-11,12:00,10.973793,76.954491,R045,NGO,10.944544,76.979626,40,1,1,1,0,15,5.0,16,0
F001577,Veg Fried Rice,Veg,123,2026-01-11,22:00,11.012293,76.884686,R073,NGO,11.055782,76.867067,180,1,1,1,0,15,6.4,17,1
F001578,Tomato Rice,Veg,79,2026-07-22,23:45,11.014847,77.018815,R082,NGO,10.926687,76.982445,150,1,0,1,0,15,13.1,36,1
F001579,Chicken Fried Rice,Non-Veg,94,2026-01-28,22:45,10.961692,76.988005,R117,NGO,10.970674,77.017528,80,1,1,1,0,15,4.34,18,0
F001580,Idli & Sambar,Veg,127,2026-05-27,21:00,11.009237,76.990411,R063,NGO,11.00096,76.956294,200,1,0,1,0,15,4.98,13,1
F001581,Pongal,Veg,90,2026-08-25,20:30,10.976233,76.931534,R071,NGO,11.01227,76.928148,60,1,1,1,0,15,4.96,14,0
F001582,Tamarind Rice,Veg,137,2026-06-29,10:30,10.989657,77.033427,R069,NGO,11.019827,77.006835,200,1,1,1,0,15,5.02,21,1
F001583,Egg Curry & Rice,Non-Veg,114,2026-02-19,21:15,11.02334,76.906764,R031,FOOD_BANK,10.940331,76.930152,250,1,1,0,30,12,12.06,32,0
F001584,Fish Curry & Rice,Non-Veg,69,2026-01-23,21:30,11.032916,76.872503,R002,FOOD_BANK,11.088582,76.941869,400,1,1,0,25,8,10.88,35,0
F001585,Chicken Fried Rice,Non-Veg,130,2026-04-20,18:45,10.989657,77.033427,R087,NGO,11.045743,76.907648,75,1,0,1,0,15,17.84,47,0
F001586,Vegetable Biryani,Veg,124,2026-03-13,21:30,11.014847,77.018815,R018,FOOD_BANK,11.033443,76.984609,300,1,0,1,20,6,4.87,18,0
F001587,Veg Fried Rice,Veg,110,2026-07-20,11:00,11.053896,77.023402,R038,NGO,11.057645,77.04603,100,1,1,1,0,15,2.98,10,0
F001588,Mixed Veg Meals,Veg,111,2026-05-18,19:45,11.023729,76.992516,R066,NGO,11.064176,76.963349,120,1,0,1,0,15,7.09,20,1
F001589,Egg Curry & Rice,Non-Veg,92,2026-01-25,21:45,11.03264,76.921297,R107,NGO,10.973743,76.935486,80,1,1,1,0,15,7.58,25,0
F001590,Chicken Fried Rice,Non-Veg,104,2026-02-13,19:00,11.010484,76.997546,R084,NGO,11.032741,77.049457,80,1,1,1,0,15,7.11,24,0
F001591,Tomato Rice,Veg,173,2026-08-06,13:45,11.033528,76.977257,R067,NGO,11.041648,77.017067,180,1,1,1,0,15,5.82,14,1
F001592,Sambar Rice,Veg,131,2026-09-11,13:00,11.053896,77.023402,R009,FOOD_BANK,11.035475,77.018124,200,1,1,1,75,15,2.76,17,1
F001593,Chicken Noodles,Non-Veg,78,2026-03-01,13:00,11.014847,77.018815,R106,NGO,11.012111,77.034302,75,1,0,1,0,15,2.16,12,0
F001594,Chapati & Kurma,Veg,80,2026-09-16,21:15,11.019931,77.01857,R042,NGO,10.996123,76.965899,75,1,1,1,0,15,7.65,28,0
F001595,Veg Fried Rice,Veg,73,2026-07-29,20:45,11.056687,76.895452,R008,FOOD_BANK,11.007782,76.873074,350,1,1,1,40,6,6.59,23,0
F001596,Idli & Sambar,Veg,123,2026-08-02,17:30,11.079609,76.965395,R062,NGO,11.097908,76.991822,80,1,0,1,0,15,4.64,14,0
F001597,Vegetable Biryani,Veg,103,2026-03-05,12:45,11.076864,76.976338,R036,FOOD_BANK,11.039233,77.037241,180,1,1,1,20,6,10.17,26,0
F001598,Curd Rice,Veg,68,2026-04-06,13:45,11.014847,77.018815,R083,NGO,11.048239,76.905998,120,1,1,1,0,15,15.74,52,0
F001599,Paneer Rice,Veg,62,2026-04-19,14:45,10.979497,76.93907,R113,NGO,10.999687,76.916433,150,1,0,1,0,15,4.29,17,1
F001600,Chicken Curry & Rice,Non-Veg,89,2026-06-03,20:15,11.012293,76.884686,R093,NGO,10.964782,76.951669,100,1,0,0,0,15,10.29,29,0
F001601,Chicken Fried Rice,Non-Veg,73,2026-09-08,14:45,11.02334,76.906764,R029,FOOD_BANK,11.006256,76.917282,200,1,0,1,60,15,2.79,10,0
F001602,Veg Fried Rice,Veg,162,2026-04-20,14:45,11.056687,76.895452,R054,NGO,10.992456,76.917474,200,1,0,1,0,15,9.77,38,1
F001603,Paneer Rice,Veg,83,2026-09-06,14:00,11.056687,76.895452,R043,NGO,11.032353,76.968259,120,1,1,0,0,15,9.57,37,0
F001604,Fish Curry & Rice,Non-Veg,97,2026-07-28,19:15,10.939281,76.954544,R014,FOOD_BANK,10.969875,76.928412,350,1,1,1,40,15,4.98,17,1
F001605,Pongal,Veg,115,2026-09-08,20:00,10.939281,76.954544,R011,FOOD_BANK,11.031302,77.041945,350,1,1,1,60,6,17.16,37,0
F001606,Tamarind Rice,Veg,94,2026-09-20,13:45,11.039384,76.920741,R086,NGO,11.003612,76.964368,100,1,0,1,0,15,6.93,26,1
F001607,Lemon Rice,Veg,109,2026-03-29,22:15,11.038515,77.035361,R084,NGO,11.032741,77.049457,80,1,1,1,0,15,1.9,7,0
F001608,Vegetable Biryani,Veg,136,2026-08-22,17:15,11.010053,76.918261,R071,NGO,11.01227,76.928148,60,1,1,1,0,15,1.35,9,0
F001609,Idli & Sambar,Veg,113,2026-05-25,21:30,11.006786,77.010739,R086,NGO,11.003612,76.964368,100,1,0,1,0,15,5.86,20,0
F001610,Chapati & Kurma,Veg,99,2026-04-07,13:15,11.039384,76.920741,R008,FOOD_BANK,11.007782,76.873074,350,1,1,0,40,6,7.22,26,0
F001611,Egg Curry & Rice,Non-Veg,62,2026-06-14,22:45,11.032916,76.872503,R110,NGO,11.051228,76.872849,50,1,1,1,0,15,2.54,12,0
F001612,Egg Biryani,Non-Veg,66,2026-06-01,22:00,11.053896,77.023402,R076,NGO,11.005115,76.870368,50,1,0,0,0,15,19.88,45,0
F001613,Fish Curry & Rice,Non-Veg,34,2026-06-08,22:15,11.019931,77.01857,R117,NGO,10.970674,77.017528,80,1,1,1,0,15,6.83,16,1
F001614,Paneer Rice,Veg,58,2026-07-29,19:30,11.076864,76.976338,R067,NGO,11.041648,77.017067,180,1,1,1,0,15,7.2,19,1
F001615,Mixed Veg Meals,Veg,98,2026-04-21,13:00,10.99924,76.975315,R047,NGO,10.948704,77.00128,200,1,0,0,0,15,7.34,26,0
F001616,Egg Curry & Rice,Non-Veg,78,2026-09-16,23:45,11.009674,76.987054,R089,NGO,11.032373,77.019287,40,1,1,1,0,15,4.91,16,0
F001617,Chicken Noodles,Non-Veg,65,2026-08-26,14:45,10.955,76.939241,R099,NGO,10.897905,76.956454,50,1,1,1,0,15,8.62,21,0
F001618,Chicken Fried Rice,Non-Veg,31,2026-07-01,13:00,11.010484,76.997546,R108,NGO,11.08074,76.950706,40,1,0,1,0,15,11.01,27,0
F001619,Idli & Sambar,Veg,102,2026-06-07,18:30,11.033528,76.977257,R086,NGO,11.003612,76.964368,100,1,0,1,0,15,4.29,16,0
F001620,Vegetable Biryani,Veg,142,2026-01-24,21:00,10.993725,76.957415,R065,NGO,10.969044,76.961977,180,1,1,1,0,15,3.1,13,1
F001621,Egg Curry & Rice,Non-Veg,96,2026-02-01,13:45,11.03264,76.921297,R013,FOOD_BANK,10.997835,76.963916,350,1,1,1,30,8,7.87,24,1
F001622,Mixed Veg Meals,Veg,169,2026-05-24,19:00,11.038515,77.035361,R049,NGO,11.082,76.990118,200,1,1,1,0,15,7.63,24,1
F001623,Egg Biryani,Non-Veg,107,2026-07-12,21:15,10.989657,77.033427,R050,NGO,11.041148,77.014453,180,1,0,0,0,15,7.23,19,0
F001624,Lemon Rice,Veg,111,2026-04-10,21:30,11.053896,77.023402,R058,NGO,11.044285,76.99815,60,1,1,1,0,15,3.37,10,0
F001625,Tomato Rice,Veg,56,2026-09-20,23:15,10.979497,76.93907,R113,NGO,10.999687,76.916433,150,1,0,1,0,15,4.29,16,1
F001626,Mixed Veg Meals,Veg,145,2026-08-27,23:15,11.004965,76.92703,R102,NGO,11.026939,76.970836,75,1,0,1,0,15,6.97,21,0
F001627,Veg Fried Rice,Veg,163,2026-05-18,20:45,11.039384,76.920741,R060,NGO,11.075079,76.981996,40,1,0,1,0,15,8.57,22,0
F001628,Veg Noodles,Veg,84,2026-02-19,19:30,11.004965,76.92703,R069,NGO,11.019827,77.006835,200,1,1,1,0,15,11.66,38,1
F001629,Sambar Rice,Veg,131,2026-07-14,18:00,10.966962,76.944406,R001,FOOD_BANK,10.929752,76.993726,350,1,1,1,40,15,8.72,24,1
F001630,Egg Biryani,Non-Veg,113,2026-05-26,13:15,11.038515,77.035361,R018,FOOD_BANK,11.033443,76.984609,300,1,0,1,20,6,6.32,19,0
F001631,Tamarind Rice,Veg,97,2026-06-22,21:00,10.966962,76.944406,R032,FOOD_BANK,10.961916,76.996051,300,1,1,1,25,8,7.47,20,1
F001632,Tomato Rice,Veg,68,2026-06-06,18:00,11.010053,76.918261,R045,NGO,10.944544,76.979626,40,1,1,1,0,15,12.72,36,0
F001633,Idli & Sambar,Veg,224,2026-04-08,21:45,11.010053,76.918261,R083,NGO,11.048239,76.905998,120,1,1,1,0,15,5.63,19,0
F001634,Upma,Veg,115,2026-03-23,19:00,11.039384,76.920741,R010,FOOD_BANK,11.013706,76.936718,500,1,1,1,30,10,4.18,18,1
F001635,Vegetable Biryani,Veg,117,2026-02-26,22:00,10.979497,76.93907,R032,FOOD_BANK,10.961916,76.996051,300,1,1,1,25,8,7.96,28,1
F001636,Sambar Rice,Veg,114,2026-02-08,20:30,10.932716,76.940667,R078,NGO,10.960637,76.974029,100,1,1,1,0,15,6.13,28,0
F001637,Chicken Fried Rice,Non-Veg,29,2026-03-15,21:15,10.983486,76.946385,R043,NGO,11.032353,76.968259,120,1,1,1,0,15,7.62,21,1
F001638,Pongal,Veg,110,2026-08-16,20:00,11.024082,76.981748,R040,NGO,11.077527,76.976975,60,1,1,1,0,15,7.18,18,0
F001639,Veg Noodles,Veg,73,2026-07-27,22:00,11.009237,76.990411,R089,NGO,11.032373,77.019287,40,1,1,1,0,15,4.92,18,0
F001640,Sambar Rice,Veg,45,2026-05-30,20:45,11.024082,76.981748,R066,NGO,11.064176,76.963349,120,1,0,0,0,15,6.29,15,0
F001641,Chicken Curry & Rice,Non-Veg,64,2026-03-08,21:30,11.014847,77.018815,R043,NGO,11.032353,76.968259,120,1,1,1,0,15,7.45,22,1
F001642,Upma,Veg,78,2026-01-18,10:30,10.993725,76.957415,R105,NGO,10.980298,76.934381,180,1,1,1,0,15,3.29,12,1
F001643,Curd Rice,Veg,63,2026-03-04,14:15,10.983486,76.946385,R045,NGO,10.944544,76.979626,40,1,1,1,0,15,6.31,18,0
F001644,Mixed Veg Meals,Veg,70,2026-01-28,10:30,11.010739,76.885886,R073,NGO,11.055782,76.867067,180,1,1,1,0,15,6.7,26,1
F001645,Egg Curry & Rice,Non-Veg,82,2026-01-07,22:00,10.939281,76.954544,R042,NGO,10.996123,76.965899,75,1,1,0,0,15,7.61,25,0
F001646,Sambar Rice,Veg,43,2026-01-23,21:00,11.02334,76.906764,R061,NGO,10.996054,76.864653,40,1,1,1,0,15,6.3,17,0
F001647,Sambar Rice,Veg,147,2026-08-26,22:00,11.009237,76.990411,R046,NGO,11.03532,76.96968,50,1,0,1,0,15,4.28,11,0
F001648,Fish Curry & Rice,Non-Veg,20,2026-04-28,17:30,11.012293,76.884686,R035,FOOD_BANK,11.005659,76.957081,500,1,0,1,25,6,10.32,34,0
F001649,Vegetable Biryani,Veg,111,2026-05-17,21:00,10.976233,76.931534,R087,NGO,11.045743,76.907648,75,1,0,1,0,15,10.69,41,0
F001650,Chicken Biryani,Non-Veg,34,2026-06-12,13:45,11.010739,76.885886,R008,FOOD_BANK,11.007782,76.873074,350,1,1,1,40,6,1.63,11,0
F001651,Chapati & Kurma,Veg,55,2026-09-23,18:15,11.010053,76.918261,R027,FOOD_BANK,10.99906,76.98453,100,1,0,1,30,6,8.8,26,0
F001652,Pongal,Veg,74,2026-04-04,20:00,11.010739,76.885886,R080,NGO,11.006411,76.903012,50,1,0,0,0,15,2.27,9,0
F001653,Veg Fried Rice,Veg,113,2026-02-01,17:15,11.023729,76.992516,R094,NGO,11.060926,77.018643,50,1,1,1,0,15,5.91,27,0
F001654,Egg Fried Rice,Non-Veg,56,2026-04-17,23:15,11.02334,76.906764,R106,NGO,11.012111,77.034302,75,1,0,1,0,15,16.17,48,0
F001655,Mixed Veg Meals,Veg,136,2026-07-23,20:30,11.020654,77.047909,R044,NGO,10.991885,76.990569,60,1,0,1,0,15,7.78,22,0
F001656,Chicken Curry & Rice,Non-Veg,68,2026-06-05,21:00,11.03264,76.921297,R113,NGO,10.999687,76.916433,150,1,0,1,0,15,4.29,14,0
F001657,Veg Noodles,Veg,111,2026-07-24,21:30,10.99924,76.975315,R074,NGO,11.052052,76.880485,250,1,1,1,0,15,14.72,38,1
F001658,Tomato Rice,Veg,175,2026-06-13,22:00,11.039384,76.920741,R085,NGO,11.08813,76.948347,50,1,1,1,0,15,7.47,24,0
F001659,Tomato Rice,Veg,108,2026-08-16,19:15,11.012293,76.884686,R021,FOOD_BANK,11.026716,76.853024,200,1,1,1,25,15,4.96,18,1
F001660,Curd Rice,Veg,133,2026-05-13,17:45,10.993725,76.957415,R079,NGO,10.979008,76.977548,250,1,1,0,0,15,3.12,13,0
F001661,Curd Rice,Veg,85,2026-06-11,12:00,10.939281,76.954544,R102,NGO,11.026939,76.970836,75,1,0,1,0,15,11.37,30,0
F001662,Fish Curry & Rice,Non-Veg,49,2026-05-09,13:30,11.012293,76.884686,R081,NGO,11.006904,76.896341,75,1,1,1,0,15,1.71,10,1
F001663,Tamarind Rice,Veg,124,2026-09-16,21:45,11.004965,76.92703,R081,NGO,11.006904,76.896341,75,1,1,1,0,15,3.83,16,0
F001664,Upma,Veg,78,2026-03-13,20:30,11.010484,76.997546,R091,NGO,11.008782,77.025358,50,1,0,1,0,15,3.67,14,0
F001665,Chicken Biryani,Non-Veg,73,2026-08-08,13:45,11.028005,76.921622,R100,NGO,11.03497,76.938284,75,1,1,0,0,15,2.46,7,0
F001666,Veg Noodles,Veg,124,2026-05-24,13:00,11.010053,76.918261,R029,FOOD_BANK,11.006256,76.917282,200,1,0,1,60,15,0.56,3,0
F001667,Dal Rice,Veg,107,2026-01-10,12:00,11.014847,77.018815,R079,NGO,10.979008,76.977548,250,1,1,1,0,15,6.89,25,1
F001668,Chicken Noodles,Non-Veg,76,2026-06-13,20:15,11.079609,76.965395,R098,NGO,11.05394,76.961166,80,1,1,1,0,15,3.29,19,1
F001669,Upma,Veg,76,2026-03-15,21:30,10.955,76.939241,R025,FOOD_BANK,11.064094,76.948971,400,1,1,1,75,18,15.44,41,0
F001670,Veg Fried Rice,Veg,78,2026-04-30,21:45,11.014847,77.018815,R043,NGO,11.032353,76.968259,120,1,1,1,0,15,7.45,24,1
F001671,Paneer Rice,Veg,122,2026-01-13,19:45,11.031674,76.940688,R057,NGO,11.013714,76.896117,60,1,1,1,0,15,6.92,16,0
F001672,Lemon Rice,Veg,103,2026-04-07,17:15,11.009237,76.990411,R013,FOOD_BANK,10.997835,76.963916,350,1,1,1,30,8,3.83,17,1
F001673,Idli & Sambar,Veg,68,2026-08-01,21:45,11.006786,77.010739,R094,NGO,11.060926,77.018643,50,1,1,1,0,15,7.48,23,0
F001674,Pongal,Veg,87,2026-05-21,22:30,10.966962,76.944406,R001,FOOD_BANK,10.929752,76.993726,350,1,1,0,40,15,8.72,30,0
F001675,Upma,Veg,119,2026-03-11,17:15,11.012293,76.884686,R072,NGO,11.016329,76.845338,250,1,0,0,0,15,5.65,17,0
F001676,Paneer Rice,Veg,57,2026-04-22,20:15,10.979497,76.93907,R070,NGO,11.00895,76.982832,100,1,1,1,0,15,7.06,23,1
F001677,Curd Rice,Veg,134,2026-05-18,10:00,11.032916,76.872503,R110,NGO,11.051228,76.872849,50,1,1,1,0,15,2.54,14,0
F001678,Vegetable Biryani,Veg,99,2026-04-09,18:45,10.993725,76.957415,R029,FOOD_BANK,11.006256,76.917282,200,1,0,1,60,15,5.11,17,1
F001679,Curd Rice,Veg,95,2026-02-17,22:00,10.984536,76.8803,R014,FOOD_BANK,10.969875,76.928412,350,1,1,1,40,15,6.41,19,1
F001680,Chicken Curry & Rice,Non-Veg,87,2026-09-05,19:00,11.004965,76.92703,R100,NGO,11.03497,76.938284,75,1,1,1,0,15,4.17,18,0
F001681,Egg Curry & Rice,Non-Veg,62,2026-05-03,11:00,10.99924,76.975315,R089,NGO,11.032373,77.019287,40,1,1,1,0,15,7.1,26,0
F001682,Curd Rice,Veg,111,2026-03-13,20:00,10.976233,76.931534,R079,NGO,10.979008,76.977548,250,1,1,1,0,15,5.92,18,1
F001683,Veg Noodles,Veg,72,2026-05-05,21:15,11.058243,76.998573,R094,NGO,11.060926,77.018643,50,1,1,1,0,15,2.69,12,0
F001684,Egg Biryani,Non-Veg,116,2026-02-11,22:30,11.010739,76.885886,R120,NGO,11.045705,76.933449,200,1,0,1,0,15,7.65,27,0
F001685,Vegetable Biryani,Veg,62,2026-07-14,20:00,11.056687,76.895452,R120,NGO,11.045705,76.933449,200,1,0,0,0,15,5.53,19,0
F001686,Mixed Veg Meals,Veg,68,2026-04-04,20:00,10.993725,76.957415,R035,FOOD_BANK,11.005659,76.957081,500,1,0,0,25,6,1.66,8,0
F001687,Veg Fried Rice,Veg,139,2026-03-01,18:45,10.99924,76.975315,R018,FOOD_BANK,11.033443,76.984609,300,1,0,1,20,6,4.97,18,1
F001688,Chicken Biryani,Non-Veg,148,2026-07-05,21:00,11.076864,76.976338,R043,NGO,11.032353,76.968259,120,1,1,1,0,15,5.64,22,0
F001689,Egg Curry & Rice,Non-Veg,69,2026-09-04,14:45,11.039384,76.920741,R060,NGO,11.075079,76.981996,40,1,0,1,0,15,8.57,27,0
F001690,Egg Curry & Rice,Non-Veg,41,2026-05-02,11:00,11.023729,76.992516,R089,NGO,11.032373,77.019287,40,1,1,0,0,15,3.62,15,0
F001691,Egg Fried Rice,Non-Veg,60,2026-07-01,14:00,11.010739,76.885886,R003,FOOD_BANK,11.036567,76.920159,300,1,1,1,40,8,5.48,16,1
F001692,Chicken Curry & Rice,Non-Veg,61,2026-07-01,17:30,11.028005,76.921622,R083,NGO,11.048239,76.905998,120,1,1,1,0,15,3.5,15,0
F001693,Upma,Veg,105,2026-08-18,21:00,11.028005,76.921622,R110,NGO,11.051228,76.872849,50,1,1,1,0,15,7.76,24,0
F001694,Egg Fried Rice,Non-Veg,64,2026-07-17,20:45,11.038515,77.035361,R086,NGO,11.003612,76.964368,100,1,0,0,0,15,9.68,32,0
F001695,Vegetable Biryani,Veg,49,2026-05-31,21:15,11.031674,76.940688,R081,NGO,11.006904,76.896341,75,1,1,1,0,15,7.23,24,1
F001696,Dal Rice,Veg,179,2026-09-15,23:30,10.989657,77.033427,R102,NGO,11.026939,76.970836,75,1,0,1,0,15,9.48,29,0
F001697,Dal Rice,Veg,94,2026-07-28,20:00,10.984536,76.8803,R075,NGO,10.946154,76.960857,120,1,0,0,0,15,10.79,29,0
F001698,Dal Rice,Veg,108,2026-01-01,19:30,11.079609,76.965395,R092,NGO,11.044914,76.905894,50,1,0,1,0,15,9.79,29,0
F001699,Mixed Veg Meals,Veg,85,2026-06-16,19:15,10.979497,76.93907,R095,NGO,11.085787,76.952733,150,1,1,1,0,15,13.12,41,1
F001700,Vegetable Biryani,Veg,199,2026-07-08,21:45,11.076864,76.976338,R017,FOOD_BANK,11.017238,76.837799,500,1,1,1,60,12,20.69,59,0
F001701,Fish Curry & Rice,Non-Veg,39,2026-03-07,10:15,10.99924,76.975315,R007,FOOD_BANK,10.953647,76.979401,350,1,1,0,50,8,6.16,20,0
F001702,Egg Fried Rice,Non-Veg,63,2026-04-26,19:00,10.989657,77.033427,R078,NGO,10.960637,76.974029,100,1,1,1,0,15,8.54,24,1
F001703,Dal Rice,Veg,85,2026-02-14,21:15,11.056687,76.895452,R071,NGO,11.01227,76.928148,60,1,1,1,0,15,6.77,22,0
F001704,Egg Curry & Rice,Non-Veg,100,2026-01-05,19:45,11.012293,76.884686,R090,NGO,10.96531,76.904554,80,1,1,1,0,15,6.63,24,0
F001705,Veg Fried Rice,Veg,83,2026-03-29,23:15,11.079609,76.965395,R009,FOOD_BANK,11.035475,77.018124,200,1,1,1,75,15,8.93,24,1
F001706,Idli & Sambar,Veg,153,2026-04-21,14:30,10.979497,76.93907,R031,FOOD_BANK,10.940331,76.930152,250,1,1,1,30,12,4.98,14,1
F001707,Tamarind Rice,Veg,160,2026-02-14,20:15,10.973793,76.954491,R042,NGO,10.996123,76.965899,75,1,1,1,0,15,3.18,12,0
F001708,Egg Curry & Rice,Non-Veg,68,2026-02-04,21:30,11.023729,76.992516,R086,NGO,11.003612,76.964368,100,1,0,1,0,15,4.99,15,0
F001709,Tomato Rice,Veg,93,2026-09-17,20:15,11.028005,76.921622,R110,NGO,11.051228,76.872849,50,1,1,1,0,15,7.76,27,0
F001710,Pongal,Veg,122,2026-06-01,22:15,11.033528,76.977257,R064,NGO,11.019483,77.032452,60,1,1,1,0,15,7.83,25,0
F001711,Paneer Rice,Veg,35,2026-03-22,19:30,11.009674,76.987054,R069,NGO,11.019827,77.006835,200,1,1,1,0,15,3.05,12,1
F001712,Dal Rice,Veg,89,2026-09-15,19:30,10.932716,76.940667,R047,NGO,10.948704,77.00128,200,1,0,1,0,15,8.03,22,1
F001713,Chicken Noodles,Non-Veg,76,2026-05-18,21:30,11.033528,76.977257,R003,FOOD_BANK,11.036567,76.920159,300,1,1,1,40,8,6.99,28,1
F001714,Fish Curry & Rice,Non-Veg,64,2026-09-11,20:45,11.010053,76.918261,R042,NGO,10.996123,76.965899,75,1,1,0,0,15,7.16,29,0
F001715,Mixed Veg Meals,Veg,52,2026-04-24,20:15,11.014847,77.018815,R094,NGO,11.060926,77.018643,50,1,1,1,0,15,6.1,18,0
F001716,Egg Curry & Rice,Non-Veg,114,2026-03-10,17:45,10.961692,76.988005,R120,NGO,11.045705,76.933449,200,1,0,0,0,15,12.54,30,0
F001717,Egg Curry & Rice,Non-Veg,105,2026-07-15,21:45,11.006786,77.010739,R036,FOOD_BANK,11.039233,77.037241,180,1,1,1,20,6,5.66,17,1
F001718,Egg Fried Rice,Non-Veg,77,2026-04-26,19:45,11.010053,76.918261,R102,NGO,11.026939,76.970836,75,1,0,1,0,15,6.9,20,0
F001719,Veg Noodles,Veg,100,2026-01-22,19:15,11.058243,76.998573,R018,FOOD_BANK,11.033443,76.984609,300,1,0,0,20,6,3.55,10,0
F001720,Upma,Veg,137,2026-03-06,21:45,11.010053,76.918261,R115,NGO,11.024606,76.91699,200,1,1,1,0,15,1.81,9,1
F001721,Egg Curry & Rice,Non-Veg,60,2026-07-09,20:15,11.010053,76.918261,R076,NGO,11.005115,76.870368,50,1,0,1,0,15,6.18,16,0
F001722,Veg Fried Rice,Veg,120,2026-09-07,21:00,11.028005,76.921622,R013,FOOD_BANK,10.997835,76.963916,350,1,1,1,30,8,6.95,20,1
F001723,Veg Noodles,Veg,102,2026-02-23,21:30,10.984536,76.8803,R087,NGO,11.045743,76.907648,75,1,0,1,0,15,9.59,29,0
F001724,Chicken Curry & Rice,Non-Veg,60,2026-01-17,18:30,10.955,76.939241,R001,FOOD_BANK,10.929752,76.993726,350,1,1,1,40,15,7.87,20,1
F001725,Chicken Noodles,Non-Veg,119,2026-07-01,14:45,11.056687,76.895452,R046,NGO,11.03532,76.96968,50,1,0,1,0,15,9.92,25,0
F001726,Veg Fried Rice,Veg,101,2026-09-02,21:30,11.058243,76.998573,R070,NGO,11.00895,76.982832,100,1,1,1,0,15,7.54,21,0
F001727,Chapati & Kurma,Veg,99,2026-05-12,14:00,11.056687,76.895452,R074,NGO,11.052052,76.880485,250,1,1,0,0,15,1.94,6,0
F001728,Mixed Veg Meals,Veg,67,2026-06-26,22:30,10.979497,76.93907,R017,FOOD_BANK,11.017238,76.837799,500,1,1,1,60,12,13.31,32,0
F001729,Vegetable Biryani,Veg,80,2026-05-14,21:45,11.039384,76.920741,R063,NGO,11.00096,76.956294,200,1,0,1,0,15,7.08,28,1
F001730,Egg Curry & Rice,Non-Veg,44,2026-05-19,20:00,10.961692,76.988005,R043,NGO,11.032353,76.968259,120,1,1,1,0,15,10.2,32,1
F001731,Lemon Rice,Veg,161,2026-05-28,20:15,10.984536,76.8803,R017,FOOD_BANK,11.017238,76.837799,500,1,1,1,60,12,7.47,27,1
F001732,Egg Biryani,Non-Veg,55,2026-02-14,21:00,11.033528,76.977257,R005,FOOD_BANK,11.070808,77.000467,400,1,1,1,30,6,6.25,24,0
F001733,Mixed Veg Meals,Veg,97,2026-04-02,19:00,11.010739,76.885886,R086,NGO,11.003612,76.964368,100,1,0,0,0,15,10.74,33,0
F001734,Curd Rice,Veg,94,2026-08-17,13:15,10.989657,77.033427,R117,NGO,10.970674,77.017528,80,1,1,1,0,15,3.61,11,0
F001735,Veg Noodles,Veg,95,2026-09-14,20:45,11.028005,76.921622,R102,NGO,11.026939,76.970836,75,1,0,1,0,15,5.99,26,0
F001736,Vegetable Biryani,Veg,168,2026-04-03,13:15,11.010484,76.997546,R035,FOOD_BANK,11.005659,76.957081,500,1,0,1,25,6,5.16,15,1
F001737,Egg Fried Rice,Non-Veg,19,2026-07-14,22:45,11.024082,76.981748,R118,NGO,11.078871,76.965426,200,1,0,1,0,15,8.1,19,0
F001738,Egg Curry & Rice,Non-Veg,94,2026-03-16,13:00,11.023729,76.992516,R106,NGO,11.012111,77.034302,75,1,0,1,0,15,6.06,20,0
F001739,Egg Fried Rice,Non-Veg,53,2026-04-15,22:30,11.02334,76.906764,R078,NGO,10.960637,76.974029,100,1,1,1,0,15,13.08,34,1
F001740,Chapati & Kurma,Veg,101,2026-04-09,13:45,10.932716,76.940667,R045,NGO,10.944544,76.979626,40,1,1,1,0,15,5.76,19,0
F001741,Curd Rice,Veg,128,2026-06-08,19:15,11.039384,76.920741,R024,FOOD_BANK,10.995209,76.955337,100,1,1,1,50,12,7.15,17,0
F001742,Chicken Noodles,Non-Veg,61,2026-01-29,13:30,11.058243,76.998573,R075,NGO,10.946154,76.960857,120,1,0,1,0,15,16.69,36,0
F001743,Paneer Rice,Veg,44,2026-02-01,22:15,11.010053,76.918261,R044,NGO,10.991885,76.990569,60,1,0,1,0,15,10.61,30,1
F001744,Pongal,Veg,95,2026-07-18,13:45,11.031674,76.940688,R014,FOOD_BANK,10.969875,76.928412,350,1,1,0,40,15,7.95,26,0
F001745,Paneer Rice,Veg,123,2026-08-15,18:45,10.989657,77.033427,R023,FOOD_BANK,11.067518,77.033737,250,1,1,1,30,8,9.71,35,0
F001746,Lemon Rice,Veg,96,2026-06-07,21:45,11.039384,76.920741,R035,FOOD_BANK,11.005659,76.957081,500,1,0,1,25,6,6.84,22,0
F001747,Pongal,Veg,176,2026-03-24,12:30,11.07664,76.919621,R102,NGO,11.026939,76.970836,75,1,0,1,0,15,9.46,28,0
F001748,Tomato Rice,Veg,92,2026-04-14,20:30,11.039384,76.920741,R057,NGO,11.013714,76.896117,60,1,1,0,0,15,5.14,15,0
F001749,Chicken Biryani,Non-Veg,52,2026-04-14,13:15,11.006786,77.010739,R078,NGO,10.960637,76.974029,100,1,1,1,0,15,7.44,23,1
F001750,Tomato Rice,Veg,64,2026-08-28,19:15,10.99924,76.975315,R114,NGO,10.998157,77.025944,75,1,0,1,0,15,6.49,20,1
F001751,Chicken Biryani,Non-Veg,87,2026-02-21,13:15,10.99924,76.975315,R004,FOOD_BANK,11.030506,77.02175,350,1,0,1,60,8,7.04,18,0
F001752,Upma,Veg,172,2026-05-14,20:30,11.07664,76.919621,R046,NGO,11.03532,76.96968,50,1,0,0,0,15,8.81,25,0
F001753,Upma,Veg,84,2026-06-10,13:45,11.033528,76.977257,R086,NGO,11.003612,76.964368,100,1,0,1,0,15,4.29,16,1
F001754,Chicken Fried Rice,Non-Veg,83,2026-06-22,13:15,11.07664,76.919621,R073,NGO,11.055782,76.867067,180,1,1,1,0,15,7.27,20,1
F001755,Egg Biryani,Non-Veg,84,2026-02-09,13:30,11.053896,77.023402,R046,NGO,11.03532,76.96968,50,1,0,1,0,15,7.44,20,0
F001756,Veg Fried Rice,Veg,129,2026-08-27,11:15,11.012293,76.884686,R116,NGO,11.012179,76.851992,150,1,0,1,0,15,4.1,12,0
F001757,Chicken Noodles,Non-Veg,83,2026-02-14,20:15,10.984536,76.8803,R087,NGO,11.045743,76.907648,75,1,0,1,0,15,9.59,32,0
F001758,Paneer Rice,Veg,76,2026-06-08,14:00,11.006786,77.010739,R083,NGO,11.048239,76.905998,120,1,1,1,0,15,14.9,33,1
F001759,Tomato Rice,Veg,98,2026-05-31,21:00,11.019931,77.01857,R053,NGO,11.001509,77.017312,250,1,1,1,0,15,2.36,14,1
F001760,Upma,Veg,52,2026-04-24,17:30,11.031674,76.940688,R071,NGO,11.01227,76.928148,60,1,1,1,0,15,3.1,13,1
F001761,Tamarind Rice,Veg,149,2026-03-24,14:15,10.983486,76.946385,R086,NGO,11.003612,76.964368,100,1,0,0,0,15,3.37,11,0
F001762,Paneer Rice,Veg,68,2026-02-20,18:45,11.009674,76.987054,R065,NGO,10.969044,76.961977,180,1,1,1,0,15,6.93,22,1
F001763,Tamarind Rice,Veg,108,2026-03-31,22:00,11.053896,77.023402,R085,NGO,11.08813,76.948347,50,1,1,0,0,15,11.38,36,0
F001764,Veg Noodles,Veg,94,2026-07-23,10:15,11.076864,76.976338,R104,NGO,11.122467,76.92657,80,1,1,1,0,15,9.45,27,0
F001765,Mixed Veg Meals,Veg,102,2026-06-05,10:15,10.989657,77.033427,R064,NGO,11.019483,77.032452,60,1,1,1,0,15,4.18,12,0
F001766,Chicken Fried Rice,Non-Veg,39,2026-07-22,18:45,11.039384,76.920741,R058,NGO,11.044285,76.99815,60,1,1,1,0,15,9.9,28,1
F001767,Fish Curry & Rice,Non-Veg,40,2026-09-22,20:30,10.979497,76.93907,R057,NGO,11.013714,76.896117,60,1,1,1,0,15,7.14,22,1
F001768,Veg Noodles,Veg,159,2026-02-12,21:30,11.014847,77.018815,R015,FOOD_BANK,10.998013,77.032486,120,1,1,1,75,18,2.84,11,0
F001769,Tomato Rice,Veg,109,2026-03-12,12:15,11.010739,76.885886,R076,NGO,11.005115,76.870368,50,1,0,1,0,15,2.09,6,0
F001770,Lemon Rice,Veg,151,2026-05-07,21:00,11.058243,76.998573,R025,FOOD_BANK,11.064094,76.948971,400,1,1,1,75,18,6.1,22,1
F001771,Chicken Biryani,Non-Veg,91,2026-05-30,13:30,10.966962,76.944406,R065,NGO,10.969044,76.961977,180,1,1,1,0,15,2.28,8,1
F001772,Egg Biryani,Non-Veg,124,2026-01-20,18:30,11.009674,76.987054,R069,NGO,11.019827,77.006835,200,1,1,1,0,15,3.05,10,1
F001773,Idli & Sambar,Veg,41,2026-05-07,10:00,10.983486,76.946385,R028,FOOD_BANK,11.08297,76.957199,500,1,1,1,30,12,12.29,30,0
F001774,Vegetable Biryani,Veg,99,2026-02-12,22:15,11.028005,76.921622,R096,NGO,11.028388,76.923499,250,1,0,0,0,15,0.5,5,0
F001775,Paneer Rice,Veg,65,2026-06-19,20:45,11.010739,76.885886,R116,NGO,11.012179,76.851992,150,1,0,1,0,15,4.18,12,1
F001776,Pongal,Veg,84,2026-07-27,21:45,11.024082,76.981748,R018,FOOD_BANK,11.033443,76.984609,300,1,0,1,20,6,1.22,6,1
F001777,Egg Fried Rice,Non-Veg,69,2026-06-24,20:15,11.038515,77.035361,R069,NGO,11.019827,77.006835,200,1,1,1,0,15,4.47,18,1
F001778,Chicken Noodles,Non-Veg,118,2026-04-17,18:45,11.033528,76.977257,R100,NGO,11.03497,76.938284,75,1,1,1,0,15,5.49,23,0
F001779,Paneer Rice,Veg,33,2026-02-20,20:45,11.033528,76.977257,R118,NGO,11.078871,76.965426,200,1,0,1,0,15,6.1,15,1
F001780,Dal Rice,Veg,183,2026-07-06,22:45,11.031674,76.940688,R027,FOOD_BANK,10.99906,76.98453,100,1,0,0,30,6,7.31,30,0
F001781,Egg Biryani,Non-Veg,101,2026-07-31,20:30,11.020654,77.047909,R025,FOOD_BANK,11.064094,76.948971,400,1,1,1,75,18,13.8,45,0
F001782,Pongal,Veg,192,2026-02-16,20:00,10.989657,77.033427,R103,NGO,11.013321,76.996693,60,1,0,0,0,15,6.19,17,0
F001783,Chicken Biryani,Non-Veg,49,2026-01-13,18:15,10.966962,76.944406,R031,FOOD_BANK,10.940331,76.930152,250,1,1,1,30,12,4.12,12,1
F001784,Upma,Veg,62,2026-04-30,11:00,11.019931,77.01857,R070,NGO,11.00895,76.982832,100,1,1,1,0,15,4.83,16,1
F001785,Chicken Curry & Rice,Non-Veg,113,2026-05-29,17:45,10.939281,76.954544,R090,NGO,10.96531,76.904554,80,1,1,0,0,15,7.83,22,0
F001786,Chicken Noodles,Non-Veg,75,2026-01-22,22:30,11.031674,76.940688,R098,NGO,11.05394,76.961166,80,1,1,0,0,15,4.33,18,0
F001787,Vegetable Biryani,Veg,129,2026-04-09,18:45,11.004965,76.92703,R054,NGO,10.992456,76.917474,200,1,0,1,0,15,1.99,8,1
F001788,Egg Biryani,Non-Veg,70,2026-06-01,13:30,11.009237,76.990411,R064,NGO,11.019483,77.032452,60,1,1,1,0,15,5.69,16,0
F001789,Mixed Veg Meals,Veg,121,2026-07-07,10:45,11.039384,76.920741,R043,NGO,11.032353,76.968259,120,1,1,1,0,15,6.45,18,0
F001790,Idli & Sambar,Veg,129,2026-08-27,21:15,11.039384,76.920741,R098,NGO,11.05394,76.961166,80,1,1,1,0,15,5.52,16,0
F001791,Idli & Sambar,Veg,119,2026-03-24,19:15,10.966962,76.944406,R020,FOOD_BANK,10.980675,76.991318,120,1,0,1,25,8,6.9,23,1
F001792,Tomato Rice,Veg,105,2026-08-02,20:00,11.023729,76.992516,R119,NGO,11.046134,77.006426,250,1,1,1,0,15,3.45,18,1
F001793,Lemon Rice,Veg,36,2026-06-12,11:15,10.983486,76.946385,R115,NGO,11.024606,76.91699,200,1,1,1,0,15,6.89,18,1
F001794,Chicken Biryani,Non-Veg,101,2026-07-13,20:15,10.983486,76.946385,R105,NGO,10.980298,76.934381,180,1,1,0,0,15,1.75,6,0
F001795,Tamarind Rice,Veg,50,2026-09-12,17:00,11.023729,76.992516,R018,FOOD_BANK,11.033443,76.984609,300,1,0,1,20,6,1.65,9,1
F001796,Fish Curry & Rice,Non-Veg,27,2026-08-15,22:45,10.955,76.939241,R007,FOOD_BANK,10.953647,76.979401,350,1,1,1,50,8,5.0,20,0
F001797,Sambar Rice,Veg,50,2026-03-31,20:45,11.039384,76.920741,R009,FOOD_BANK,11.035475,77.018124,200,1,1,0,75,15,12.45,33,0
F001798,Chicken Curry & Rice,Non-Veg,123,2026-03-31,18:15,11.014847,77.018815,R054,NGO,10.992456,76.917474,200,1,0,1,0,15,13.5,36,0
F001799,Chapati & Kurma,Veg,57,2026-04-30,22:00,10.939281,76.954544,R096,NGO,11.028388,76.923499,250,1,0,0,0,15,11.78,34,0
F001800,Veg Noodles,Veg,79,2026-01-17,18:45,10.976233,76.931534,R035,FOOD_BANK,11.005659,76.957081,500,1,0,1,25,6,5.44,20,1
F001801,Mixed Veg Meals,Veg,43,2026-05-22,13:15,10.955,76.939241,R039,NGO,11.112771,76.941297,80,1,0,0,0,15,21.64,67,0
F001802,Upma,Veg,122,2026-02-09,13:15,11.056687,76.895452,R085,NGO,11.08813,76.948347,50,1,1,1,0,15,8.34,23,0
F001803,Chapati & Kurma,Veg,111,2026-07-04,22:15,10.983486,76.946385,R081,NGO,11.006904,76.896341,75,1,1,1,0,15,6.66,16,0
F001804,Veg Noodles,Veg,55,2026-09-12,12:15,11.028005,76.921622,R100,NGO,11.03497,76.938284,75,1,1,1,0,15,2.46,11,1
F001805,Mixed Veg Meals,Veg,134,2026-06-04,13:15,11.014847,77.018815,R019,FOOD_BANK,10.978431,76.99707,150,1,1,1,25,12,5.72,21,1
F001806,Vegetable Biryani,Veg,156,2026-08-05,19:00,11.079609,76.965395,R050,NGO,11.041148,77.014453,180,1,0,1,0,15,8.97,24,0
F001807,Veg Fried Rice,Veg,176,2026-08-01,13:15,11.02334,76.906764,R098,NGO,11.05394,76.961166,80,1,1,0,0,15,8.45,23,0
F001808,Veg Noodles,Veg,104,2026-01-05,20:45,10.984536,76.8803,R085,NGO,11.08813,76.948347,50,1,1,1,0,15,17.04,64,0
F001809,Pongal,Veg,159,2026-08-08,23:00,10.932716,76.940667,R079,NGO,10.979008,76.977548,250,1,1,1,0,15,8.45,25,1
F001810,Tomato Rice,Veg,47,2026-06-13,18:30,11.079609,76.965395,R108,NGO,11.08074,76.950706,40,1,0,0,0,15,1.97,11,0
F001811,Veg Noodles,Veg,50,2026-05-28,21:15,11.058243,76.998573,R041,NGO,11.020484,77.068669,120,1,1,1,0,15,9.8,20,1
F001812,Veg Fried Rice,Veg,146,2026-07-08,14:15,11.010053,76.918261,R115,NGO,11.024606,76.91699,200,1,1,1,0,15,1.81,13,1
F001813,Sambar Rice,Veg,155,2026-08-04,18:00,11.010739,76.885886,R066,NGO,11.064176,76.963349,120,1,0,1,0,15,13.39,33,0
F001814,Dal Rice,Veg,205,2026-06-10,18:45,10.932716,76.940667,R020,FOOD_BANK,10.980675,76.991318,120,1,0,1,25,8,9.2,28,0
F001815,Mixed Veg Meals,Veg,130,2026-09-11,23:45,10.989657,77.033427,R032,FOOD_BANK,10.961916,76.996051,300,1,1,1,25,8,5.91,19,1
F001816,Chicken Noodles,Non-Veg,118,2026-06-02,13:30,10.983486,76.946385,R044,NGO,10.991885,76.990569,60,1,0,1,0,15,6.42,18,0
F001817,Tomato Rice,Veg,112,2026-08-23,13:30,11.024082,76.981748,R018,FOOD_BANK,11.033443,76.984609,300,1,0,0,20,6,1.22,7,0
F001818,Fish Curry & Rice,Non-Veg,35,2026-05-10,23:30,10.993725,76.957415,R019,FOOD_BANK,10.978431,76.99707,150,1,1,1,25,12,5.89,19,1
F001819,Lemon Rice,Veg,113,2026-06-14,21:30,11.010739,76.885886,R074,NGO,11.052052,76.880485,250,1,1,1,0,15,5.61,21,1
F001820,Chapati & Kurma,Veg,59,2026-07-23,20:00,11.079609,76.965395,R003,FOOD_BANK,11.036567,76.920159,300,1,1,1,40,8,8.8,22,0
F001821,Paneer Rice,Veg,27,2026-08-04,21:30,11.019931,77.01857,R035,FOOD_BANK,11.005659,76.957081,500,1,0,1,25,6,8.02,28,0
F001822,Veg Fried Rice,Veg,131,2026-07-14,12:15,11.038515,77.035361,R060,NGO,11.075079,76.981996,40,1,0,0,0,15,8.88,22,0
F001823,Mixed Veg Meals,Veg,119,2026-09-05,23:15,11.056687,76.895452,R043,NGO,11.032353,76.968259,120,1,1,1,0,15,9.57,21,1
F001824,Egg Curry & Rice,Non-Veg,69,2026-04-11,20:45,11.019931,77.01857,R004,FOOD_BANK,11.030506,77.02175,350,1,0,1,60,8,1.6,7,0
F001825,Veg Fried Rice,Veg,108,2026-07-27,13:15,10.932716,76.940667,R051,NGO,10.961994,76.921525,120,1,1,0,0,15,4.6,13,0
F001826,Chapati & Kurma,Veg,132,2026-06-01,22:30,11.004965,76.92703,R056,NGO,11.046451,76.888718,120,1,1,1,0,15,7.15,24,0
F001827,Idli & Sambar,Veg,212,2026-04-17,19:15,10.979497,76.93907,R093,NGO,10.964782,76.951669,100,1,0,1,0,15,2.82,16,0
F001828,Egg Curry & Rice,Non-Veg,115,2026-02-28,23:15,10.976233,76.931534,R037,NGO,11.000097,76.871592,200,1,0,1,0,15,8.43,27,0
F001829,Sambar Rice,Veg,54,2026-03-07,19:45,11.010739,76.885886,R080,NGO,11.006411,76.903012,50,1,0,1,0,15,2.27,7,0
F001830,Curd Rice,Veg,197,2026-03-30,18:15,10.984536,76.8803,R041,NGO,11.020484,77.068669,120,1,1,1,0,15,24.09,66,0
F001831,Vegetable Biryani,Veg,86,2026-04-13,13:45,11.058243,76.998573,R018,FOOD_BANK,11.033443,76.984609,300,1,0,1,20,6,3.55,14,1
F001832,Egg Fried Rice,Non-Veg,117,2026-09-02,22:45,11.058243,76.998573,R050,NGO,11.041148,77.014453,180,1,0,0,0,15,3.2,10,0
F001833,Idli & Sambar,Veg,149,2026-02-09,14:30,11.02334,76.906764,R012,FOOD_BANK,10.991543,76.851715,300,1,1,0,20,8,7.75,23,0
F001834,Pongal,Veg,202,2026-09-21,22:00,11.039384,76.920741,R025,FOOD_BANK,11.064094,76.948971,400,1,1,1,75,18,4.8,17,1
F001835,Veg Fried Rice,Veg,105,2026-06-09,11:15,11.009237,76.990411,R108,NGO,11.08074,76.950706,40,1,0,1,0,15,11.37,35,0
F001836,Tamarind Rice,Veg,89,2026-03-15,19:45,10.983486,76.946385,R023,FOOD_BANK,11.067518,77.033737,250,1,1,1,30,8,14.87,35,0
F001837,Idli & Sambar,Veg,162,2026-08-23,21:45,11.032916,76.872503,R066,NGO,11.064176,76.963349,120,1,0,1,0,15,11.88,26,0
F001838,Idli & Sambar,Veg,97,2026-09-05,21:30,11.03264,76.921297,R043,NGO,11.032353,76.968259,120,1,1,0,0,15,5.92,17,0
F001839,Pongal,Veg,179,2026-02-23,20:15,11.014847,77.018815,R070,NGO,11.00895,76.982832,100,1,1,0,0,15,4.42,13,0
F001840,Tamarind Rice,Veg,96,2026-09-14,13:45,11.012293,76.884686,R010,FOOD_BANK,11.013706,76.936718,500,1,1,1,30,10,7.34,18,1
F001841,Lemon Rice,Veg,71,2026-06-21,12:15,10.993725,76.957415,R046,NGO,11.03532,76.96968,50,1,0,1,0,15,5.73,18,0
F001842,Idli & Sambar,Veg,112,2026-03-09,20:15,11.006786,77.010739,R018,FOOD_BANK,11.033443,76.984609,300,1,0,1,20,6,5.15,12,1
F001843,Mixed Veg Meals,Veg,70,2026-02-04,21:45,11.033528,76.977257,R086,NGO,11.003612,76.964368,100,1,0,1,0,15,4.29,17,1
F001844,Chapati & Kurma,Veg,75,2026-04-27,20:15,11.039384,76.920741,R076,NGO,11.005115,76.870368,50,1,0,1,0,15,8.08,28,0
F001845,Dal Rice,Veg,135,2026-05-24,13:30,10.932716,76.940667,R093,NGO,10.964782,76.951669,100,1,0,1,0,15,4.7,18,0
F001846,Fish Curry & Rice,Non-Veg,41,2026-04-14,21:15,11.058243,76.998573,R080,NGO,11.006411,76.903012,50,1,0,1,0,15,15.24,46,0
F001847,Vegetable Biryani,Veg,141,2026-06-18,21:15,11.02334,76.906764,R008,FOOD_BANK,11.007782,76.873074,350,1,1,1,40,6,5.13,20,1
F001848,Paneer Rice,Veg,75,2026-06-23,21:30,11.024082,76.981748,R040,NGO,11.077527,76.976975,60,1,1,1,0,15,7.18,29,0
F001849,Veg Fried Rice,Veg,175,2026-03-05,14:15,11.014847,77.018815,R010,FOOD_BANK,11.013706,76.936718,500,1,1,1,30,10,10.64,32,0
F001850,Chicken Biryani,Non-Veg,65,2026-07-28,23:00,11.012293,76.884686,R073,NGO,11.055782,76.867067,180,1,1,1,0,15,6.4,19,1
F001851,Paneer Rice,Veg,151,2026-02-06,14:45,11.004965,76.92703,R003,FOOD_BANK,11.036567,76.920159,300,1,1,1,40,8,4.61,16,1
F001852,Mixed Veg Meals,Veg,106,2026-08-22,20:00,10.939281,76.954544,R063,NGO,11.00096,76.956294,200,1,0,1,0,15,8.19,21,0
F001853,Pongal,Veg,100,2026-04-24,19:00,10.939281,76.954544,R082,NGO,10.926687,76.982445,150,1,0,1,0,15,3.71,10,1
F001854,Chicken Biryani,Non-Veg,92,2026-07-11,18:15,11.058243,76.998573,R026,FOOD_BANK,11.077481,76.979058,120,1,0,1,50,6,3.89,14,0
F001855,Paneer Rice,Veg,49,2026-07-15,19:30,11.004965,76.92703,R051,NGO,10.961994,76.921525,120,1,1,0,0,15,5.69,24,0
F001856,Egg Biryani,Non-Veg,142,2026-03-04,19:15,11.020654,77.047909,R053,NGO,11.001509,77.017312,250,1,1,1,0,15,4.64,19,0
F001857,Mixed Veg Meals,Veg,81,2026-05-20,10:30,11.033528,76.977257,R009,FOOD_BANK,11.035475,77.018124,200,1,1,1,75,15,5.72,13,1
F001858,Tomato Rice,Veg,133,2026-06-22,12:15,11.079609,76.965395,R070,NGO,11.00895,76.982832,100,1,1,1,0,15,9.05,27,0
F001859,Chicken Fried Rice,Non-Veg,91,2026-05-25,13:00,10.973793,76.954491,R080,NGO,11.006411,76.903012,50,1,0,1,0,15,7.53,24,0
F001860,Mixed Veg Meals,Veg,100,2026-06-08,20:45,11.012293,76.884686,R021,FOOD_BANK,11.026716,76.853024,200,1,1,1,25,15,4.96,17,1
F001861,Chicken Biryani,Non-Veg,53,2026-09-17,22:30,11.010484,76.997546,R109,NGO,11.029882,77.043934,120,1,0,1,0,15,6.3,26,0
F001862,Veg Noodles,Veg,105,2026-08-22,10:45,11.076864,76.976338,R023,FOOD_BANK,11.067518,77.033737,250,1,1,1,30,8,8.11,24,0
F001863,Curd Rice,Veg,96,2026-01-06,13:30,11.014847,77.018815,R086,NGO,11.003612,76.964368,100,1,0,1,0,15,7.28,29,1
F001864,Veg Fried Rice,Veg,87,2026-09-21,22:45,11.009674,76.987054,R004,FOOD_BANK,11.030506,77.02175,350,1,0,1,60,8,5.79,21,1
F001865,Veg Fried Rice,Veg,79,2026-08-21,19:30,11.032916,76.872503,R037,NGO,11.000097,76.871592,200,1,0,1,0,15,4.53,15,1
F001866,Sambar Rice,Veg,187,2026-03-21,22:45,11.056687,76.895452,R062,NGO,11.097908,76.991822,80,1,0,1,0,15,14.49,32,0
F001867,Chapati & Kurma,Veg,81,2026-08-09,11:00,10.961692,76.988005,R026,FOOD_BANK,11.077481,76.979058,120,1,0,1,50,6,15.44,34,0
F001868,Egg Curry & Rice,Non-Veg,113,2026-03-19,19:30,10.966962,76.944406,R069,NGO,11.019827,77.006835,200,1,1,1,0,15,10.88,32,1
F001869,Pongal,Veg,127,2026-02-10,21:00,10.955,76.939241,R047,NGO,10.948704,77.00128,200,1,0,1,0,15,8.39,26,1
F001870,Veg Noodles,Veg,137,2026-05-07,23:45,11.076864,76.976338,R050,NGO,11.041148,77.014453,180,1,0,0,0,15,7.07,22,0
F001871,Tomato Rice,Veg,114,2026-03-16,17:15,11.07664,76.919621,R092,NGO,11.044914,76.905894,50,1,0,1,0,15,4.57,16,0
F001872,Tamarind Rice,Veg,123,2026-09-16,19:45,11.024082,76.981748,R005,FOOD_BANK,11.070808,77.000467,400,1,1,1,30,6,7.11,19,0
F001873,Chapati & Kurma,Veg,66,2026-01-14,12:30,10.961692,76.988005,R091,NGO,11.008782,77.025358,50,1,0,1,0,15,8.64,28,0
F001874,Paneer Rice,Veg,68,2026-01-24,10:00,10.976233,76.931534,R007,FOOD_BANK,10.953647,76.979401,350,1,1,1,50,8,7.09,19,1
F001875,Dal Rice,Veg,78,2026-01-09,19:30,11.010053,76.918261,R025,FOOD_BANK,11.064094,76.948971,400,1,1,0,75,18,8.03,22,0
F001876,Chapati & Kurma,Veg,88,2026-07-03,13:45,11.031674,76.940688,R120,NGO,11.045705,76.933449,200,1,0,0,0,15,1.98,7,0
F001877,Chicken Biryani,Non-Veg,125,2026-07-30,21:45,11.014847,77.018815,R041,NGO,11.020484,77.068669,120,1,1,1,0,15,6.42,19,0
F001878,Veg Fried Rice,Veg,76,2026-07-09,12:00,11.053896,77.023402,R114,NGO,10.998157,77.025944,75,1,0,1,0,15,8.02,30,0
F001879,Fish Curry & Rice,Non-Veg,23,2026-04-01,20:45,10.932716,76.940667,R052,NGO,10.949148,76.902044,40,1,0,1,0,15,5.08,16,0
F001880,Upma,Veg,137,2026-08-27,21:30,11.038515,77.035361,R089,NGO,11.032373,77.019287,40,1,1,0,0,15,2.08,7,0
F001881,Fish Curry & Rice,Non-Veg,70,2026-02-28,21:45,10.983486,76.946385,R046,NGO,11.03532,76.96968,50,1,0,1,0,15,7.88,33,0
F001882,Vegetable Biryani,Veg,133,2026-03-07,20:45,11.038515,77.035361,R064,NGO,11.019483,77.032452,60,1,1,1,0,15,2.74,8,0
F001883,Veg Noodles,Veg,64,2026-03-05,18:15,11.033528,76.977257,R119,NGO,11.046134,77.006426,250,1,1,1,0,15,4.14,11,1
F001884,Veg Noodles,Veg,89,2026-07-17,22:30,10.961692,76.988005,R059,NGO,10.946464,76.967626,60,1,1,1,0,15,3.43,12,0
F001885,Egg Curry & Rice,Non-Veg,23,2026-08-29,18:30,11.033528,76.977257,R060,NGO,11.075079,76.981996,40,1,0,1,0,15,5.81,18,0
F001886,Paneer Rice,Veg,47,2026-02-10,23:45,11.009674,76.987054,R009,FOOD_BANK,11.035475,77.018124,200,1,1,1,75,15,5.54,15,0
F001887,Mixed Veg Meals,Veg,101,2026-09-21,20:45,10.961692,76.988005,R013,FOOD_BANK,10.997835,76.963916,350,1,1,1,30,8,5.49,16,1
F001888,Egg Biryani,Non-Veg,67,2026-03-17,17:15,10.973793,76.954491,R027,FOOD_BANK,10.99906,76.98453,100,1,0,1,30,6,5.21,23,0
F001889,Pongal,Veg,104,2026-07-10,13:00,10.973793,76.954491,R078,NGO,10.960637,76.974029,100,1,1,1,0,15,3.13,10,0
F001890,Egg Curry & Rice,Non-Veg,106,2026-08-09,10:45,11.053896,77.023402,R028,FOOD_BANK,11.08297,76.957199,500,1,1,1,30,12,8.72,27,1
F001891,Dal Rice,Veg,121,2026-07-23,17:00,11.009237,76.990411,R076,NGO,11.005115,76.870368,50,1,0,0,0,15,16.42,39,0
F001892,Egg Curry & Rice,Non-Veg,87,2026-01-25,23:00,11.023729,76.992516,R064,NGO,11.019483,77.032452,60,1,1,1,0,15,4.94,15,0
F001893,Egg Biryani,Non-Veg,25,2026-07-24,19:15,11.031674,76.940688,R014,FOOD_BANK,10.969875,76.928412,350,1,1,1,40,15,7.95,28,0
F001894,Chicken Fried Rice,Non-Veg,42,2026-03-13,12:15,11.053896,77.023402,R030,FOOD_BANK,11.039951,77.043483,180,1,1,1,75,8,3.2,14,0
F001895,Chicken Curry & Rice,Non-Veg,58,2026-09-05,19:30,11.039384,76.920741,R040,NGO,11.077527,76.976975,60,1,1,0,0,15,8.44,31,0
F001896,Vegetable Biryani,Veg,91,2026-09-19,20:30,11.076864,76.976338,R032,FOOD_BANK,10.961916,76.996051,300,1,1,1,25,8,15.63,37,0
F001897,Mixed Veg Meals,Veg,101,2026-04-30,10:15,10.955,76.939241,R095,NGO,11.085787,76.952733,150,1,1,1,0,15,19.16,60,0
F001898,Chicken Curry & Rice,Non-Veg,130,2026-07-21,13:30,11.053896,77.023402,R101,NGO,11.05457,77.05428,150,1,1,1,0,15,4.04,12,1
F001899,Chapati & Kurma,Veg,91,2026-07-20,18:45,11.053896,77.023402,R119,NGO,11.046134,77.006426,250,1,1,0,0,15,2.48,11,0
F001900,Tamarind Rice,Veg,104,2026-02-01,12:00,11.03264,76.921297,R100,NGO,11.03497,76.938284,75,1,1,0,0,15,2.1,13,0
F001901,Idli & Sambar,Veg,219,2026-05-05,21:15,11.039384,76.920741,R002,FOOD_BANK,11.088582,76.941869,400,1,1,1,25,8,7.0,23,1
F001902,Curd Rice,Veg,74,2026-09-18,19:00,10.99924,76.975315,R047,NGO,10.948704,77.00128,200,1,0,0,0,15,7.34,21,0
F001903,Dal Rice,Veg,87,2026-02-06,17:30,11.031674,76.940688,R066,NGO,11.064176,76.963349,120,1,0,0,0,15,5.27,20,0
F001904,Mixed Veg Meals,Veg,126,2026-06-29,17:30,11.056687,76.895452,R100,NGO,11.03497,76.938284,75,1,1,1,0,15,6.51,20,0
F001905,Chapati & Kurma,Veg,89,2026-06-04,19:15,11.028005,76.921622,R076,NGO,11.005115,76.870368,50,1,0,0,0,15,7.77,24,0
F001906,Curd Rice,Veg,82,2026-02-19,13:00,11.010739,76.885886,R061,NGO,10.996054,76.864653,40,1,1,1,0,15,3.66,11,0
F001907,Egg Curry & Rice,Non-Veg,83,2026-04-08,22:15,11.031674,76.940688,R002,FOOD_BANK,11.088582,76.941869,400,1,1,1,25,8,7.45,33,0
F001908,Fish Curry & Rice,Non-Veg,36,2026-08-24,13:30,11.024082,76.981748,R086,NGO,11.003612,76.964368,100,1,0,1,0,15,3.61,14,0
F001909,Egg Curry & Rice,Non-Veg,37,2026-08-10,21:00,11.010053,76.918261,R046,NGO,11.03532,76.96968,50,1,0,1,0,15,7.8,18,0
F001910,Egg Curry & Rice,Non-Veg,58,2026-07-08,12:15,10.932716,76.940667,R063,NGO,11.00096,76.956294,200,1,0,0,0,15,9.68,28,0
F001911,Pongal,Veg,80,2026-06-16,21:45,11.033528,76.977257,R072,NGO,11.016329,76.845338,250,1,0,1,0,15,17.88,43,0
F001912,Pongal,Veg,98,2026-09-20,17:15,10.973793,76.954491,R059,NGO,10.946464,76.967626,60,1,1,1,0,15,3.83,16,0
F001913,Upma,Veg,64,2026-05-19,19:30,10.99924,76.975315,R007,FOOD_BANK,10.953647,76.979401,350,1,1,1,50,8,6.16,17,1
F001914,Chapati & Kurma,Veg,90,2026-06-16,18:45,11.039384,76.920741,R102,NGO,11.026939,76.970836,75,1,0,1,0,15,6.34,22,0
F001915,Egg Biryani,Non-Veg,94,2026-05-03,21:15,11.053896,77.023402,R044,NGO,10.991885,76.990569,60,1,0,0,0,15,9.27,30,0
F001916,Paneer Rice,Veg,47,2026-05-18,21:15,10.99924,76.975315,R058,NGO,11.044285,76.99815,60,1,1,1,0,15,6.71,26,1
F001917,Pongal,Veg,184,2026-09-14,11:15,10.99924,76.975315,R105,NGO,10.980298,76.934381,180,1,1,1,0,15,6.22,17,0
F001918,Mixed Veg Meals,Veg,114,2026-09-04,13:00,10.932716,76.940667,R013,FOOD_BANK,10.997835,76.963916,350,1,1,1,30,8,9.42,22,0
F001919,Chicken Noodles,Non-Veg,61,2026-09-04,18:00,10.961692,76.988005,R035,FOOD_BANK,11.005659,76.957081,500,1,0,1,25,6,7.18,22,0
F001920,Tamarind Rice,Veg,101,2026-08-07,19:00,10.966962,76.944406,R065,NGO,10.969044,76.961977,180,1,1,0,0,15,2.28,11,0
F001921,Idli & Sambar,Veg,72,2026-07-30,19:45,11.023729,76.992516,R049,NGO,11.082,76.990118,200,1,1,0,0,15,8.42,26,0
F001922,Pongal,Veg,124,2026-07-30,17:30,10.966962,76.944406,R012,FOOD_BANK,10.991543,76.851715,300,1,1,1,20,8,13.53,36,0
F001923,Veg Noodles,Veg,44,2026-08-17,13:45,11.03264,76.921297,R081,NGO,11.006904,76.896341,75,1,1,1,0,15,4.76,20,1
F001924,Chapati & Kurma,Veg,149,2026-04-11,21:00,11.039384,76.920741,R073,NGO,11.055782,76.867067,180,1,1,1,0,15,7.62,17,1
F001925,Egg Biryani,Non-Veg,77,2026-07-29,14:15,10.966962,76.944406,R065,NGO,10.969044,76.961977,180,1,1,1,0,15,2.28,11,1
F001926,Veg Noodles,Veg,75,2026-04-22,19:00,10.99924,76.975315,R063,NGO,11.00096,76.956294,200,1,0,1,0,15,2.66,13,1
F001927,Dal Rice,Veg,59,2026-07-01,13:00,10.939281,76.954544,R101,NGO,11.05457,77.05428,150,1,1,1,0,15,18.97,69,0
F001928,Egg Biryani,Non-Veg,85,2026-08-11,23:45,11.019931,77.01857,R015,FOOD_BANK,10.998013,77.032486,120,1,1,1,75,18,3.17,14,1
F001929,Lemon Rice,Veg,120,2026-08-26,13:30,11.02334,76.906764,R098,NGO,11.05394,76.961166,80,1,1,1,0,15,8.45,21,0
F001930,Vegetable Biryani,Veg,116,2026-07-27,18:30,11.004965,76.92703,R081,NGO,11.006904,76.896341,75,1,1,0,0,15,3.83,16,0
F001931,Veg Noodles,Veg,88,2026-09-10,20:15,10.989657,77.033427,R018,FOOD_BANK,11.033443,76.984609,300,1,0,1,20,6,8.59,24,0
F001932,Dal Rice,Veg,75,2026-05-15,19:15,10.973793,76.954491,R070,NGO,11.00895,76.982832,100,1,1,1,0,15,6.58,21,1
F001933,Lemon Rice,Veg,101,2026-01-08,22:00,11.056687,76.895452,R054,NGO,10.992456,76.917474,200,1,0,1,0,15,9.77,30,1
F001934,Upma,Veg,69,2026-03-07,18:00,11.038515,77.035361,R084,NGO,11.032741,77.049457,80,1,1,1,0,15,1.9,9,1
F001935,Paneer Rice,Veg,74,2026-08-03,21:00,10.973793,76.954491,R019,FOOD_BANK,10.978431,76.99707,150,1,1,1,25,12,5.27,21,1
F001936,Idli & Sambar,Veg,131,2026-08-05,21:30,11.053896,77.023402,R094,NGO,11.060926,77.018643,50,1,1,1,0,15,1.04,6,0
F001937,Idli & Sambar,Veg,159,2026-05-05,18:30,11.053896,77.023402,R060,NGO,11.075079,76.981996,40,1,0,1,0,15,6.25,18,0
F001938,Egg Biryani,Non-Veg,44,2026-03-12,21:45,10.99924,76.975315,R079,NGO,10.979008,76.977548,250,1,1,1,0,15,2.63,9,1
F001939,Veg Noodles,Veg,109,2026-03-20,13:30,11.033528,76.977257,R046,NGO,11.03532,76.96968,50,1,0,1,0,15,0.94,10,0
F001940,Dal Rice,Veg,185,2026-08-11,11:45,11.053896,77.023402,R036,FOOD_BANK,11.039233,77.037241,180,1,1,1,20,6,2.72,12,0
F001941,Egg Fried Rice,Non-Veg,72,2026-04-01,13:00,11.032916,76.872503,R024,FOOD_BANK,10.995209,76.955337,100,1,1,1,50,12,11.54,34,1
F001942,Chicken Biryani,Non-Veg,65,2026-02-05,20:00,11.058243,76.998573,R119,NGO,11.046134,77.006426,250,1,1,1,0,15,1.93,14,1
F001943,Curd Rice,Veg,73,2026-01-25,20:30,11.006786,77.010739,R018,FOOD_BANK,11.033443,76.984609,300,1,0,1,20,6,5.15,16,1
F001944,Veg Noodles,Veg,132,2026-05-27,19:30,11.010739,76.885886,R071,NGO,11.01227,76.928148,60,1,1,1,0,15,5.87,17,0
F001945,Chicken Curry & Rice,Non-Veg,100,2026-05-10,13:45,11.028005,76.921622,R071,NGO,11.01227,76.928148,60,1,1,0,0,15,2.25,16,0
F001946,Egg Curry & Rice,Non-Veg,65,2026-08-04,14:45,11.038515,77.035361,R050,NGO,11.041148,77.014453,180,1,0,1,0,15,2.92,14,0
F001947,Upma,Veg,111,2026-08-01,22:00,11.024082,76.981748,R103,NGO,11.013321,76.996693,60,1,0,1,0,15,2.51,13,0
F001948,Lemon Rice,Veg,149,2026-07-13,20:15,11.079609,76.965395,R104,NGO,11.122467,76.92657,80,1,1,1,0,15,8.31,20,0
F001949,Chicken Curry & Rice,Non-Veg,81,2026-04-11,21:15,10.932716,76.940667,R035,FOOD_BANK,11.005659,76.957081,500,1,0,1,25,6,9.8,36,0
F001950,Upma,Veg,110,2026-03-29,10:15,10.983486,76.946385,R107,NGO,10.973743,76.935486,80,1,1,1,0,15,1.96,13,0
F001951,Veg Noodles,Veg,56,2026-04-24,17:15,11.058243,76.998573,R120,NGO,11.045705,76.933449,200,1,0,1,0,15,8.31,23,1
F001952,Fish Curry & Rice,Non-Veg,29,2026-08-28,21:00,10.99924,76.975315,R100,NGO,11.03497,76.938284,75,1,1,0,0,15,6.46,19,0
F001953,Paneer Rice,Veg,78,2026-05-05,13:15,10.973793,76.954491,R082,NGO,10.926687,76.982445,150,1,0,0,0,15,7.71,24,0
F001954,Lemon Rice,Veg,67,2026-03-11,21:45,10.979497,76.93907,R007,FOOD_BANK,10.953647,76.979401,350,1,1,1,50,8,6.7,20,1
F001955,Chapati & Kurma,Veg,103,2026-03-25,14:15,11.023729,76.992516,R100,NGO,11.03497,76.938284,75,1,1,1,0,15,6.95,25,0
F001956,Tomato Rice,Veg,69,2026-07-24,12:30,10.979497,76.93907,R012,FOOD_BANK,10.991543,76.851715,300,1,1,1,20,8,10.98,29,0
F001957,Tamarind Rice,Veg,160,2026-09-16,12:15,11.056687,76.895452,R025,FOOD_BANK,11.064094,76.948971,400,1,1,1,75,18,6.53,25,1
F001958,Pongal,Veg,196,2026-01-23,20:45,11.028005,76.921622,R096,NGO,11.028388,76.923499,250,1,0,1,0,15,0.5,9,1
F001959,Pongal,Veg,142,2026-01-19,19:30,11.031674,76.940688,R081,NGO,11.006904,76.896341,75,1,1,0,0,15,7.23,24,0
F001960,Tamarind Rice,Veg,58,2026-02-10,22:30,11.079609,76.965395,R050,NGO,11.041148,77.014453,180,1,0,1,0,15,8.97,25,1
F001961,Egg Biryani,Non-Veg,139,2026-02-28,20:15,10.955,76.939241,R051,NGO,10.961994,76.921525,120,1,1,1,0,15,2.62,14,0
F001962,Upma,Veg,110,2026-02-27,11:15,11.079609,76.965395,R104,NGO,11.122467,76.92657,80,1,1,1,0,15,8.31,27,0
F001963,Mixed Veg Meals,Veg,101,2026-07-25,21:30,11.006786,77.010739,R026,FOOD_BANK,11.077481,76.979058,120,1,0,1,50,6,9.84,31,0
F001964,Egg Curry & Rice,Non-Veg,39,2026-05-30,22:30,10.984536,76.8803,R010,FOOD_BANK,11.013706,76.936718,500,1,1,1,30,10,8.32,21,1
F001965,Upma,Veg,23,2026-02-14,17:45,11.058243,76.998573,R036,FOOD_BANK,11.039233,77.037241,180,1,1,0,20,6,5.66,20,0
F001966,Fish Curry & Rice,Non-Veg,95,2026-08-04,21:45,11.028005,76.921622,R100,NGO,11.03497,76.938284,75,1,1,1,0,15,2.46,10,0
F001967,Pongal,Veg,102,2026-07-03,11:45,11.024082,76.981748,R058,NGO,11.044285,76.99815,60,1,1,1,0,15,3.35,12,0
F001968,Chicken Fried Rice,Non-Veg,67,2026-02-02,20:15,10.979497,76.93907,R107,NGO,10.973743,76.935486,80,1,1,0,0,15,0.97,10,0
F001969,Lemon Rice,Veg,108,2026-05-07,13:15,10.984536,76.8803,R110,NGO,11.051228,76.872849,50,1,1,1,0,15,8.71,30,0
F001970,Pongal,Veg,106,2026-04-26,12:00,10.984536,76.8803,R029,FOOD_BANK,11.006256,76.917282,200,1,0,1,60,15,5.86,19,1
F001971,Lemon Rice,Veg,120,2026-07-14,14:45,11.009674,76.987054,R119,NGO,11.046134,77.006426,250,1,1,1,0,15,5.56,14,1
F001972,Egg Biryani,Non-Veg,50,2026-05-13,22:15,11.053896,77.023402,R069,NGO,11.019827,77.006835,200,1,1,1,0,15,5.02,16,1
F001973,Veg Fried Rice,Veg,105,2026-06-15,12:45,11.03264,76.921297,R008,FOOD_BANK,11.007782,76.873074,350,1,1,1,40,6,7.77,22,0
F001974,Mixed Veg Meals,Veg,89,2026-05-07,22:45,11.009674,76.987054,R093,NGO,10.964782,76.951669,100,1,0,1,0,15,7.54,25,1
F001975,Mixed Veg Meals,Veg,105,2026-09-16,22:00,10.979497,76.93907,R086,NGO,11.003612,76.964368,100,1,0,1,0,15,4.84,15,0
F001976,Upma,Veg,95,2026-08-28,22:30,11.004965,76.92703,R008,FOOD_BANK,11.007782,76.873074,350,1,1,1,40,6,7.2,21,0
F001977,Chicken Biryani,Non-Veg,53,2026-09-09,11:30,11.031674,76.940688,R092,NGO,11.044914,76.905894,50,1,0,1,0,15,4.63,15,0
F001978,Chicken Curry & Rice,Non-Veg,35,2026-09-21,20:30,11.032916,76.872503,R022,FOOD_BANK,11.008467,76.858868,180,1,1,1,30,12,3.99,11,1
F001979,Egg Curry & Rice,Non-Veg,58,2026-03-02,22:30,10.99924,76.975315,R019,FOOD_BANK,10.978431,76.99707,150,1,1,1,25,12,3.84,16,1
F001980,Pongal,Veg,91,2026-07-11,12:30,11.009237,76.990411,R028,FOOD_BANK,11.08297,76.957199,500,1,1,1,30,12,10.43,42,1
F001981,Chicken Noodles,Non-Veg,84,2026-09-09,21:00,11.038515,77.035361,R060,NGO,11.075079,76.981996,40,1,0,1,0,15,8.88,23,0
F001982,Egg Curry & Rice,Non-Veg,37,2026-01-25,18:45,11.03264,76.921297,R086,NGO,11.003612,76.964368,100,1,0,0,0,15,7.49,20,0
F001983,Pongal,Veg,116,2026-01-12,22:30,10.993725,76.957415,R020,FOOD_BANK,10.980675,76.991318,120,1,0,1,25,8,5.0,18,1
F001984,Chicken Fried Rice,Non-Veg,52,2026-04-02,19:45,11.006786,77.010739,R079,NGO,10.979008,76.977548,250,1,1,0,0,15,5.72,24,0
F001985,Pongal,Veg,113,2026-02-06,12:45,11.056687,76.895452,R104,NGO,11.122467,76.92657,80,1,1,1,0,15,9.78,27,0
F001986,Sambar Rice,Veg,114,2026-01-19,18:15,11.014847,77.018815,R063,NGO,11.00096,76.956294,200,1,0,1,0,15,7.82,27,1
F001987,Chicken Biryani,Non-Veg,126,2026-08-10,20:15,11.019931,77.01857,R117,NGO,10.970674,77.017528,80,1,1,1,0,15,6.83,17,0
F001988,Pongal,Veg,75,2026-06-22,17:45,11.010053,76.918261,R112,NGO,11.005344,76.861947,50,1,1,0,0,15,7.17,20,0
F001989,Veg Noodles,Veg,37,2026-05-13,20:00,10.99924,76.975315,R027,FOOD_BANK,10.99906,76.98453,100,1,0,1,30,6,1.27,7,1
F001990,Lemon Rice,Veg,107,2026-02-22,21:45,11.02334,76.906764,R013,FOOD_BANK,10.997835,76.963916,350,1,1,1,30,8,7.81,25,1
F001991,Mixed Veg Meals,Veg,53,2026-04-19,23:15,11.012293,76.884686,R029,FOOD_BANK,11.006256,76.917282,200,1,0,1,60,15,4.06,10,0
F001992,Egg Curry & Rice,Non-Veg,64,2026-04-06,20:30,11.019931,77.01857,R004,FOOD_BANK,11.030506,77.02175,350,1,0,1,60,8,1.6,13,0
F001993,Idli & Sambar,Veg,154,2026-01-14,14:30,11.024082,76.981748,R089,NGO,11.032373,77.019287,40,1,1,1,0,15,5.11,13,0
F001994,Lemon Rice,Veg,117,2026-09-16,17:15,11.02334,76.906764,R080,NGO,11.006411,76.903012,50,1,0,1,0,15,2.15,7,0
F001995,Dal Rice,Veg,108,2026-08-12,18:30,11.038515,77.035361,R058,NGO,11.044285,76.99815,60,1,1,0,0,15,4.59,18,0
F001996,Egg Fried Rice,Non-Veg,99,2026-04-19,20:00,11.02334,76.906764,R056,NGO,11.046451,76.888718,120,1,1,1,0,15,3.96,17,1
F001997,Idli & Sambar,Veg,74,2026-07-07,12:15,10.932716,76.940667,R013,FOOD_BANK,10.997835,76.963916,350,1,1,1,30,8,9.42,30,0
F001998,Egg Fried Rice,Non-Veg,74,2026-07-12,23:30,11.039384,76.920741,R043,NGO,11.032353,76.968259,120,1,1,1,0,15,6.45,26,1
F001999,Dal Rice,Veg,104,2026-05-27,22:00,10.993725,76.957415,R107,NGO,10.973743,76.935486,80,1,1,1,0,15,4.19,17,0
F002000,Paneer Rice,Veg,157,2026-05-21,20:30,11.031674,76.940688,R115,NGO,11.024606,76.91699,200,1,1,1,0,15,3.12,15,1
F002001,Vegetable Biryani,Veg,163,2026-02-05,20:15,10.976233,76.931534,R055,NGO,10.989074,76.971947,150,1,1,0,0,15,5.46,21,0
F002002,Egg Fried Rice,Non-Veg,43,2026-09-04,20:15,10.932716,76.940667,R032,FOOD_BANK,10.961916,76.996051,300,1,1,1,25,8,8.53,30,0
F002003,Mixed Veg Meals,Veg,152,2026-08-30,23:45,11.009237,76.990411,R019,FOOD_BANK,10.978431,76.99707,150,1,1,1,25,12,4.27,18,0
F002004,Lemon Rice,Veg,60,2026-06-05,19:15,10.984536,76.8803,R068,NGO,11.033,76.841178,180,1,0,1,0,15,8.8,25,1
F002005,Pongal,Veg,83,2026-01-21,17:00,11.033528,76.977257,R014,FOOD_BANK,10.969875,76.928412,350,1,1,1,40,15,11.31,27,1
F002006,Egg Fried Rice,Non-Veg,89,2026-06-08,23:30,11.019931,77.01857,R110,NGO,11.051228,76.872849,50,1,1,1,0,15,18.22,41,0
F002007,Curd Rice,Veg,83,2026-02-27,20:15,10.99924,76.975315,R046,NGO,11.03532,76.96968,50,1,0,1,0,15,4.97,17,0
F002008,Chicken Biryani,Non-Veg,86,2026-02-05,13:15,11.03264,76.921297,R071,NGO,11.01227,76.928148,60,1,1,1,0,15,3.09,16,0
F002009,Tomato Rice,Veg,110,2026-01-18,20:00,11.053896,77.023402,R083,NGO,11.048239,76.905998,120,1,1,1,0,15,14.67,33,0
F002010,Chapati & Kurma,Veg,129,2026-01-27,18:30,11.023729,76.992516,R079,NGO,10.979008,76.977548,250,1,1,1,0,15,6.84,24,1
F002011,Tamarind Rice,Veg,31,2026-08-09,22:15,11.019931,77.01857,R053,NGO,11.001509,77.017312,250,1,1,0,0,15,2.36,7,0
F002012,Pongal,Veg,145,2026-01-17,14:00,10.932716,76.940667,R054,NGO,10.992456,76.917474,200,1,0,1,0,15,8.52,29,1
F002013,Tomato Rice,Veg,117,2026-08-28,20:00,11.053896,77.023402,R086,NGO,11.003612,76.964368,100,1,0,1,0,15,10.08,23,0
F002014,Chicken Curry & Rice,Non-Veg,73,2026-09-02,21:45,10.993725,76.957415,R024,FOOD_BANK,10.995209,76.955337,100,1,1,1,50,12,0.5,8,0
F002015,Idli & Sambar,Veg,101,2026-04-19,22:45,11.03264,76.921297,R054,NGO,10.992456,76.917474,200,1,0,1,0,15,5.33,14,1
F002016,Chicken Fried Rice,Non-Veg,104,2026-07-06,12:00,11.012293,76.884686,R021,FOOD_BANK,11.026716,76.853024,200,1,1,1,25,15,4.96,15,1
F002017,Vegetable Biryani,Veg,96,2026-05-23,21:15,11.006786,77.010739,R103,NGO,11.013321,76.996693,60,1,0,1,0,15,1.94,7,0
F002018,Chicken Fried Rice,Non-Veg,71,2026-01-10,17:15,11.010739,76.885886,R058,NGO,11.044285,76.99815,60,1,1,1,0,15,16.03,53,0
F002019,Tomato Rice,Veg,102,2026-01-05,18:00,10.983486,76.946385,R052,NGO,10.949148,76.902044,40,1,0,1,0,15,7.13,25,0
F002020,Chapati & Kurma,Veg,136,2026-08-30,12:00,11.014847,77.018815,R091,NGO,11.008782,77.025358,50,1,0,1,0,15,1.21,10,0
F002021,Tamarind Rice,Veg,140,2026-05-29,12:30,11.02334,76.906764,R014,FOOD_BANK,10.969875,76.928412,350,1,1,1,40,15,7.45,21,1
F002022,Chicken Curry & Rice,Non-Veg,31,2026-02-17,19:45,10.993725,76.957415,R063,NGO,11.00096,76.956294,200,1,0,1,0,15,0.96,5,0
F002023,Lemon Rice,Veg,177,2026-09-09,23:15,11.012293,76.884686,R080,NGO,11.006411,76.903012,50,1,0,0,0,15,2.4,10,0
F002024,Chicken Noodles,Non-Veg,36,2026-08-03,21:00,11.07664,76.919621,R040,NGO,11.077527,76.976975,60,1,1,1,0,15,7.77,23,1
F002025,Idli & Sambar,Veg,147,2026-05-16,18:30,10.983486,76.946385,R046,NGO,11.03532,76.96968,50,1,0,1,0,15,7.88,26,0
F002026,Curd Rice,Veg,112,2026-01-27,12:45,11.009674,76.987054,R009,FOOD_BANK,11.035475,77.018124,200,1,1,1,75,15,5.54,22,1
F002027,Tomato Rice,Veg,149,2026-08-03,18:45,11.009674,76.987054,R004,FOOD_BANK,11.030506,77.02175,350,1,0,1,60,8,5.79,17,1
F002028,Veg Fried Rice,Veg,47,2026-08-19,19:00,11.031674,76.940688,R115,NGO,11.024606,76.91699,200,1,1,1,0,15,3.12,13,1
F002029,Tomato Rice,Veg,81,2026-09-15,20:00,10.993725,76.957415,R042,NGO,10.996123,76.965899,75,1,1,0,0,15,1.22,7,0
F002030,Tomato Rice,Veg,69,2026-04-15,21:00,11.02334,76.906764,R120,NGO,11.045705,76.933449,200,1,0,1,0,15,4.66,15,1
F002031,Tamarind Rice,Veg,166,2026-03-28,13:00,11.020654,77.047909,R015,FOOD_BANK,10.998013,77.032486,120,1,1,1,75,18,3.84,10,0
F002032,Pongal,Veg,126,2026-07-02,22:30,10.932716,76.940667,R034,FOOD_BANK,10.933246,76.91673,300,1,1,1,75,8,3.17,14,0
F002033,Sambar Rice,Veg,77,2026-07-28,22:45,10.955,76.939241,R025,FOOD_BANK,11.064094,76.948971,400,1,1,1,75,18,15.44,37,0
F002034,Pongal,Veg,100,2026-02-18,21:45,11.038515,77.035361,R055,NGO,10.989074,76.971947,150,1,1,1,0,15,10.93,29,1
F002035,Egg Fried Rice,Non-Veg,96,2026-06-10,21:15,11.02334,76.906764,R098,NGO,11.05394,76.961166,80,1,1,1,0,15,8.45,21,0
F002036,Chicken Biryani,Non-Veg,81,2026-05-24,18:30,11.031674,76.940688,R057,NGO,11.013714,76.896117,60,1,1,0,0,15,6.92,19,0
F002037,Vegetable Biryani,Veg,46,2026-06-13,19:30,10.984536,76.8803,R008,FOOD_BANK,11.007782,76.873074,350,1,1,0,40,6,3.01,17,0
F002038,Curd Rice,Veg,111,2026-08-01,20:00,11.010739,76.885886,R116,NGO,11.012179,76.851992,150,1,0,1,0,15,4.18,16,1
F002039,Chicken Fried Rice,Non-Veg,126,2026-05-12,20:00,11.010739,76.885886,R076,NGO,11.005115,76.870368,50,1,0,1,0,15,2.09,13,0
F002040,Dal Rice,Veg,92,2026-03-09,18:00,11.014847,77.018815,R020,FOOD_BANK,10.980675,76.991318,120,1,0,1,25,8,5.66,22,1
F002041,Chicken Noodles,Non-Veg,69,2026-07-31,20:45,11.010739,76.885886,R087,NGO,11.045743,76.907648,75,1,0,1,0,15,5.3,20,0
F002042,Veg Noodles,Veg,93,2026-08-25,18:00,11.03264,76.921297,R100,NGO,11.03497,76.938284,75,1,1,1,0,15,2.1,11,0
F002043,Sambar Rice,Veg,55,2026-06-29,22:00,10.961692,76.988005,R079,NGO,10.979008,76.977548,250,1,1,1,0,15,2.95,13,1
F002044,Egg Curry & Rice,Non-Veg,88,2026-08-11,13:15,11.056687,76.895452,R105,NGO,10.980298,76.934381,180,1,1,1,0,15,10.63,27,1
F002045,Paneer Rice,Veg,86,2026-08-06,13:45,11.020654,77.047909,R018,FOOD_BANK,11.033443,76.984609,300,1,0,1,20,6,9.12,34,0
F002046,Egg Curry & Rice,Non-Veg,96,2026-03-19,22:00,11.079609,76.965395,R092,NGO,11.044914,76.905894,50,1,0,1,0,15,9.79,30,0
F002047,Tamarind Rice,Veg,41,2026-05-21,19:15,10.99924,76.975315,R111,NGO,11.047062,76.964365,200,1,1,1,0,15,6.47,21,1
F002048,Upma,Veg,48,2026-04-24,18:00,11.009674,76.987054,R117,NGO,10.970674,77.017528,80,1,1,0,0,15,6.57,21,0
F002049,Idli & Sambar,Veg,138,2026-01-27,20:30,11.032916,76.872503,R002,FOOD_BANK,11.088582,76.941869,400,1,1,1,25,8,10.88,34,0
F002050,Egg Fried Rice,Non-Veg,119,2026-02-22,22:45,10.966962,76.944406,R031,FOOD_BANK,10.940331,76.930152,250,1,1,1,30,12,4.12,13,1
F002051,Chicken Fried Rice,Non-Veg,34,2026-09-13,19:15,10.989657,77.033427,R055,NGO,10.989074,76.971947,150,1,1,1,0,15,8.67,33,1
F002052,Chicken Fried Rice,Non-Veg,129,2026-01-17,10:00,11.009674,76.987054,R102,NGO,11.026939,76.970836,75,1,0,1,0,15,3.05,15,0
F002053,Curd Rice,Veg,51,2026-05-21,20:30,11.056687,76.895452,R100,NGO,11.03497,76.938284,75,1,1,1,0,15,6.51,18,1
F002054,Idli & Sambar,Veg,131,2026-06-09,14:30,11.056687,76.895452,R116,NGO,11.012179,76.851992,150,1,0,1,0,15,7.7,27,1
F002055,Idli & Sambar,Veg,177,2026-02-11,20:00,11.024082,76.981748,R063,NGO,11.00096,76.956294,200,1,0,0,0,15,4.49,17,0
F002056,Paneer Rice,Veg,79,2026-06-01,17:00,11.032916,76.872503,R014,FOOD_BANK,10.969875,76.928412,350,1,1,1,40,15,11.81,36,1
F002057,Tomato Rice,Veg,102,2026-07-29,19:45,10.955,76.939241,R034,FOOD_BANK,10.933246,76.91673,300,1,1,0,75,8,4.54,11,0
F002058,Chicken Biryani,Non-Veg,127,2026-09-03,13:00,11.006786,77.010739,R036,FOOD_BANK,11.039233,77.037241,180,1,1,1,20,6,5.66,16,1
F002059,Sambar Rice,Veg,155,2026-04-09,21:45,11.079609,76.965395,R095,NGO,11.085787,76.952733,150,1,1,0,0,15,1.82,9,0
F002060,Dal Rice,Veg,100,2026-01-03,22:15,10.984536,76.8803,R107,NGO,10.973743,76.935486,80,1,1,1,0,15,7.51,25,0
F002061,Curd Rice,Veg,114,2026-01-10,18:00,11.076864,76.976338,R046,NGO,11.03532,76.96968,50,1,0,1,0,15,5.93,22,0
F002062,Upma,Veg,93,2026-05-15,21:30,11.020654,77.047909,R086,NGO,11.003612,76.964368,100,1,0,1,0,15,11.26,42,0
F002063,Tomato Rice,Veg,117,2026-03-24,19:00,10.932716,76.940667,R067,NGO,11.041648,77.017067,180,1,1,1,0,15,17.09,40,0
F002064,Chicken Noodles,Non-Veg,65,2026-07-30,13:00,11.010739,76.885886,R087,NGO,11.045743,76.907648,75,1,0,0,0,15,5.3,17,0
F002065,Sambar Rice,Veg,131,2026-08-28,20:45,11.031674,76.940688,R113,NGO,10.999687,76.916433,150,1,0,1,0,15,5.5,22,1
F002066,Idli & Sambar,Veg,149,2026-03-11,11:15,10.993725,76.957415,R078,NGO,10.960637,76.974029,100,1,1,1,0,15,5.19,17,0
F002067,Chicken Biryani,Non-Veg,118,2026-01-10,13:00,11.010739,76.885886,R012,FOOD_BANK,10.991543,76.851715,300,1,1,1,20,8,5.44,18,1
F002068,Egg Curry & Rice,Non-Veg,69,2026-08-01,20:30,10.932716,76.940667,R078,NGO,10.960637,76.974029,100,1,1,1,0,15,6.13,21,1
F002069,Idli & Sambar,Veg,94,2026-06-12,22:00,10.993725,76.957415,R078,NGO,10.960637,76.974029,100,1,1,1,0,15,5.19,24,1
F002070,Chicken Noodles,Non-Veg,86,2026-04-20,17:15,11.020654,77.047909,R091,NGO,11.008782,77.025358,50,1,0,1,0,15,3.52,14,0
F002071,Dal Rice,Veg,105,2026-08-13,12:15,11.079609,76.965395,R089,NGO,11.032373,77.019287,40,1,1,1,0,15,9.72,28,0
F002072,Vegetable Biryani,Veg,148,2026-07-24,21:45,11.009237,76.990411,R035,FOOD_BANK,11.005659,76.957081,500,1,0,1,25,6,4.54,15,1
F002073,Chicken Biryani,Non-Veg,93,2026-05-02,10:45,11.028005,76.921622,R105,NGO,10.980298,76.934381,180,1,1,1,0,15,7.23,17,1
F002074,Chicken Biryani,Non-Veg,85,2026-06-09,17:30,11.02334,76.906764,R110,NGO,11.051228,76.872849,50,1,1,1,0,15,5.38,14,0
F002075,Egg Fried Rice,Non-Veg,99,2026-04-01,17:45,11.024082,76.981748,R086,NGO,11.003612,76.964368,100,1,0,1,0,15,3.61,11,0
F002076,Fish Curry & Rice,Non-Veg,69,2026-07-03,11:15,10.961692,76.988005,R064,NGO,11.019483,77.032452,60,1,1,1,0,15,9.89,36,0
F002077,Egg Curry & Rice,Non-Veg,69,2026-01-26,20:15,11.038515,77.035361,R063,NGO,11.00096,76.956294,200,1,0,1,0,15,11.92,30,0
F002078,Idli & Sambar,Veg,181,2026-04-09,19:30,11.033528,76.977257,R003,FOOD_BANK,11.036567,76.920159,300,1,1,0,40,8,6.99,25,0
F002079,Upma,Veg,54,2026-07-02,22:30,11.031674,76.940688,R042,NGO,10.996123,76.965899,75,1,1,1,0,15,6.27,21,1
F002080,Chicken Fried Rice,Non-Veg,78,2026-05-07,19:30,11.031674,76.940688,R087,NGO,11.045743,76.907648,75,1,0,1,0,15,4.78,19,0
F002081,Tomato Rice,Veg,132,2026-07-11,22:15,11.010484,76.997546,R083,NGO,11.048239,76.905998,120,1,1,1,0,15,13.48,39,0
F002082,Chicken Biryani,Non-Veg,102,2026-05-03,13:30,11.020654,77.047909,R057,NGO,11.013714,76.896117,60,1,1,1,0,15,19.0,52,0
F002083,Chapati & Kurma,Veg,94,2026-04-13,18:30,11.010053,76.918261,R093,NGO,10.964782,76.951669,100,1,0,1,0,15,6.96,22,1
F002084,Chicken Noodles,Non-Veg,116,2026-04-24,20:45,11.079609,76.965395,R060,NGO,11.075079,76.981996,40,1,0,0,0,15,2.43,12,0
F002085,Veg Fried Rice,Veg,38,2026-01-30,13:45,11.056687,76.895452,R029,FOOD_BANK,11.006256,76.917282,200,1,0,1,60,15,7.34,21,0
F002086,Sambar Rice,Veg,124,2026-08-06,20:00,11.019931,77.01857,R035,FOOD_BANK,11.005659,76.957081,500,1,0,1,25,6,8.02,34,0
F002087,Dal Rice,Veg,73,2026-06-01,13:45,11.038515,77.035361,R015,FOOD_BANK,10.998013,77.032486,120,1,1,0,75,18,5.58,20,0
F002088,Upma,Veg,162,2026-05-09,18:45,11.053896,77.023402,R006,FOOD_BANK,11.071337,76.997418,180,1,1,1,40,15,4.51,19,1
F002089,Chicken Noodles,Non-Veg,68,2026-02-10,18:15,10.932716,76.940667,R066,NGO,11.064176,76.963349,120,1,0,1,0,15,18.91,49,0
F002090,Egg Fried Rice,Non-Veg,69,2026-04-27,23:15,10.993725,76.957415,R096,NGO,11.028388,76.923499,250,1,0,1,0,15,6.28,22,0
F002091,Chicken Noodles,Non-Veg,60,2026-02-15,20:30,11.019931,77.01857,R090,NGO,10.96531,76.904554,80,1,1,1,0,15,15.56,47,0
F002092,Chicken Noodles,Non-Veg,102,2026-05-26,19:30,11.010053,76.918261,R024,FOOD_BANK,10.995209,76.955337,100,1,1,1,50,12,5.05,13,0
F002093,Mixed Veg Meals,Veg,138,2026-02-23,21:30,11.033528,76.977257,R088,NGO,10.975209,77.051916,40,1,0,1,0,15,12.92,25,0
F002094,Mixed Veg Meals,Veg,77,2026-06-30,22:45,11.024082,76.981748,R004,FOOD_BANK,11.030506,77.02175,350,1,0,1,60,8,5.28,19,1
F002095,Egg Biryani,Non-Veg,53,2026-04-07,21:45,11.023729,76.992516,R079,NGO,10.979008,76.977548,250,1,1,0,0,15,6.84,16,0
F002096,Egg Fried Rice,Non-Veg,152,2026-03-08,22:45,10.993725,76.957415,R078,NGO,10.960637,76.974029,100,1,1,1,0,15,5.19,23,0
F002097,Mixed Veg Meals,Veg,137,2026-01-12,21:00,10.961692,76.988005,R020,FOOD_BANK,10.980675,76.991318,120,1,0,1,25,8,2.8,13,0
F002098,Tamarind Rice,Veg,131,2026-02-17,19:15,11.020654,77.047909,R004,FOOD_BANK,11.030506,77.02175,350,1,0,1,60,8,3.38,17,1
F002099,Pongal,Veg,156,2026-04-30,21:15,11.004965,76.92703,R052,NGO,10.949148,76.902044,40,1,0,1,0,15,8.08,19,0
F002100,Mixed Veg Meals,Veg,91,2026-08-04,13:45,11.024082,76.981748,R096,NGO,11.028388,76.923499,250,1,0,1,0,15,7.33,20,1
F002101,Paneer Rice,Veg,50,2026-07-10,20:00,11.07664,76.919621,R080,NGO,11.006411,76.903012,50,1,0,1,0,15,9.26,27,0
F002102,Tomato Rice,Veg,108,2026-02-08,14:00,11.039384,76.920741,R098,NGO,11.05394,76.961166,80,1,1,0,0,15,5.52,15,0
F002103,Veg Noodles,Veg,92,2026-01-21,21:30,11.039384,76.920741,R087,NGO,11.045743,76.907648,75,1,0,1,0,15,1.96,6,0
F002104,Chicken Biryani,Non-Veg,78,2026-03-25,14:15,11.009237,76.990411,R109,NGO,11.029882,77.043934,120,1,0,1,0,15,7.37,20,0
F002105,Dal Rice,Veg,63,2026-02-04,19:00,11.023729,76.992516,R055,NGO,10.989074,76.971947,150,1,1,1,0,15,5.17,20,1
F002106,Tamarind Rice,Veg,114,2026-07-26,12:00,11.07664,76.919621,R111,NGO,11.047062,76.964365,200,1,1,1,0,15,6.5,21,1
F002107,Tomato Rice,Veg,96,2026-03-30,13:45,10.939281,76.954544,R107,NGO,10.973743,76.935486,80,1,1,1,0,15,5.15,13,0
F002108,Upma,Veg,102,2026-03-21,22:45,10.939281,76.954544,R014,FOOD_BANK,10.969875,76.928412,350,1,1,1,40,15,4.98,18,1
F002109,Vegetable Biryani,Veg,143,2026-01-24,14:30,10.983486,76.946385,R059,NGO,10.946464,76.967626,60,1,1,1,0,15,6.19,20,0
F002110,Fish Curry & Rice,Non-Veg,27,2026-02-12,18:45,10.966962,76.944406,R055,NGO,10.989074,76.971947,150,1,1,1,0,15,4.41,16,1
F002111,Curd Rice,Veg,179,2026-06-28,19:00,11.004965,76.92703,R004,FOOD_BANK,11.030506,77.02175,350,1,0,1,60,8,13.26,37,0
F002112,Idli & Sambar,Veg,183,2026-05-10,20:45,11.053896,77.023402,R015,FOOD_BANK,10.998013,77.032486,120,1,1,1,75,18,7.18,24,0
F002113,Idli & Sambar,Veg,144,2026-01-02,17:15,10.955,76.939241,R086,NGO,11.003612,76.964368,100,1,0,1,0,15,7.87,24,0
F002114,Idli & Sambar,Veg,105,2026-06-22,12:45,10.984536,76.8803,R072,NGO,11.016329,76.845338,250,1,0,1,0,15,6.61,18,1
F002115,Egg Fried Rice,Non-Veg,104,2026-04-17,23:30,11.033528,76.977257,R013,FOOD_BANK,10.997835,76.963916,350,1,1,1,30,8,4.73,24,1
F002116,Idli & Sambar,Veg,187,2026-07-27,19:15,11.032916,76.872503,R107,NGO,10.973743,76.935486,80,1,1,0,0,15,11.23,26,0
F002117,Chicken Biryani,Non-Veg,87,2026-04-06,10:30,11.02334,76.906764,R013,FOOD_BANK,10.997835,76.963916,350,1,1,1,30,8,7.81,29,1
F002118,Egg Curry & Rice,Non-Veg,81,2026-07-20,19:30,10.979497,76.93907,R043,NGO,11.032353,76.968259,120,1,1,0,0,15,8.06,18,0
F002119,Vegetable Biryani,Veg,133,2026-08-31,22:30,10.984536,76.8803,R058,NGO,11.044285,76.99815,60,1,1,1,0,15,18.44,51,0
F002120,Tamarind Rice,Veg,90,2026-01-29,20:00,11.058243,76.998573,R066,NGO,11.064176,76.963349,120,1,0,1,0,15,4.89,17,1
F002121,Dal Rice,Veg,192,2026-07-15,12:15,11.076864,76.976338,R025,FOOD_BANK,11.064094,76.948971,400,1,1,1,75,18,3.74,13,1
F002122,Egg Curry & Rice,Non-Veg,107,2026-09-06,21:15,11.076864,76.976338,R095,NGO,11.085787,76.952733,150,1,1,0,0,15,3.06,14,0
F002123,Chicken Fried Rice,Non-Veg,44,2026-05-11,22:30,11.019931,77.01857,R041,NGO,11.020484,77.068669,120,1,1,0,0,15,6.24,16,0
F002124,Chicken Fried Rice,Non-Veg,52,2026-01-24,11:45,10.993725,76.957415,R063,NGO,11.00096,76.956294,200,1,0,0,0,15,0.96,6,0
F002125,Pongal,Veg,163,2026-06-10,11:15,11.07664,76.919621,R062,NGO,11.097908,76.991822,80,1,0,1,0,15,9.09,27,0
F002126,Curd Rice,Veg,112,2026-07-29,14:15,10.983486,76.946385,R035,FOOD_BANK,11.005659,76.957081,500,1,0,1,25,6,3.12,13,1
F002127,Upma,Veg,170,2026-01-04,20:00,10.973793,76.954491,R078,NGO,10.960637,76.974029,100,1,1,1,0,15,3.13,17,0
F002128,Chicken Fried Rice,Non-Veg,64,2026-04-06,20:30,10.984536,76.8803,R118,NGO,11.078871,76.965426,200,1,0,1,0,15,16.7,43,0
F002129,Chicken Noodles,Non-Veg,67,2026-07-21,19:45,11.010053,76.918261,R030,FOOD_BANK,11.039951,77.043483,180,1,1,0,75,8,17.21,64,0
F002130,Sambar Rice,Veg,30,2026-04-21,20:15,11.023729,76.992516,R053,NGO,11.001509,77.017312,250,1,1,1,0,15,4.59,15,1
F002131,Egg Curry & Rice,Non-Veg,91,2026-09-22,14:45,11.009674,76.987054,R053,NGO,11.001509,77.017312,250,1,1,1,0,15,3.92,16,1
F002132,Egg Curry & Rice,Non-Veg,104,2026-05-11,13:15,10.983486,76.946385,R045,NGO,10.944544,76.979626,40,1,1,1,0,15,6.31,16,0
F002133,Egg Biryani,Non-Veg,151,2026-05-30,19:00,10.984536,76.8803,R003,FOOD_BANK,11.036567,76.920159,300,1,1,1,40,8,8.48,32,0
F002134,Sambar Rice,Veg,109,2026-01-10,19:15,11.012293,76.884686,R057,NGO,11.013714,76.896117,60,1,1,1,0,15,1.41,8,0
F002135,Pongal,Veg,131,2026-02-20,21:00,10.99924,76.975315,R021,FOOD_BANK,11.026716,76.853024,200,1,1,1,25,15,15.19,42,0
F002136,Egg Fried Rice,Non-Veg,75,2026-04-11,23:15,11.058243,76.998573,R109,NGO,11.029882,77.043934,120,1,0,1,0,15,7.05,22,0
F002137,Tamarind Rice,Veg,212,2026-03-30,17:15,11.076864,76.976338,R102,NGO,11.026939,76.970836,75,1,0,1,0,15,6.68,22,0
F002138,Veg Fried Rice,Veg,68,2026-04-28,20:00,11.076864,76.976338,R087,NGO,11.045743,76.907648,75,1,0,0,0,15,10.72,27,0
F002139,Chicken Biryani,Non-Veg,134,2026-05-17,21:45,10.973793,76.954491,R093,NGO,10.964782,76.951669,100,1,0,1,0,15,1.21,11,0
F002140,Egg Fried Rice,Non-Veg,122,2026-05-28,21:00,11.07664,76.919621,R120,NGO,11.045705,76.933449,200,1,0,1,0,15,4.3,12,0
F002141,Veg Noodles,Veg,87,2026-02-28,14:45,10.939281,76.954544,R096,NGO,11.028388,76.923499,250,1,0,1,0,15,11.78,33,1
F002142,Pongal,Veg,123,2026-09-22,21:45,11.033528,76.977257,R086,NGO,11.003612,76.964368,100,1,0,0,0,15,4.29,14,0
F002143,Dal Rice,Veg,51,2026-05-21,12:00,11.024082,76.981748,R004,FOOD_BANK,11.030506,77.02175,350,1,0,1,60,8,5.28,20,0
F002144,Pongal,Veg,122,2026-09-11,20:15,11.056687,76.895452,R081,NGO,11.006904,76.896341,75,1,1,1,0,15,6.78,20,0
F002145,Sambar Rice,Veg,124,2026-04-16,23:30,11.033528,76.977257,R020,FOOD_BANK,10.980675,76.991318,120,1,0,1,25,8,7.79,24,0
F002146,Curd Rice,Veg,128,2026-07-01,10:00,10.979497,76.93907,R024,FOOD_BANK,10.995209,76.955337,100,1,1,1,50,12,2.99,15,0
F002147,Chicken Biryani,Non-Veg,27,2026-09-05,22:30,11.053896,77.023402,R070,NGO,11.00895,76.982832,100,1,1,0,0,15,8.63,23,0
F002148,Upma,Veg,47,2026-07-27,18:00,11.014847,77.018815,R044,NGO,10.991885,76.990569,60,1,0,0,0,15,5.24,19,0
F002149,Paneer Rice,Veg,96,2026-04-06,13:00,11.009674,76.987054,R089,NGO,11.032373,77.019287,40,1,1,1,0,15,4.91,22,0
F002150,Tomato Rice,Veg,62,2026-06-07,18:15,11.010739,76.885886,R046,NGO,11.03532,76.96968,50,1,0,0,0,15,11.66,25,0
F002151,Dal Rice,Veg,112,2026-04-27,19:30,11.03264,76.921297,R095,NGO,11.085787,76.952733,150,1,1,1,0,15,8.25,32,1
F002152,Paneer Rice,Veg,38,2026-05-29,12:30,10.932716,76.940667,R033,FOOD_BANK,10.907708,76.987427,400,1,0,1,40,10,6.48,21,0
F002153,Chapati & Kurma,Veg,75,2026-01-30,14:15,10.993725,76.957415,R070,NGO,11.00895,76.982832,100,1,1,0,0,15,3.69,16,0
F002154,Pongal,Veg,89,2026-01-31,13:15,11.02334,76.906764,R014,FOOD_BANK,10.969875,76.928412,350,1,1,1,40,15,7.45,21,1
F002155,Chicken Biryani,Non-Veg,96,2026-07-11,14:15,11.033528,76.977257,R094,NGO,11.060926,77.018643,50,1,1,1,0,15,6.04,18,0
F002156,Veg Fried Rice,Veg,151,2026-08-09,14:00,11.010739,76.885886,R096,NGO,11.028388,76.923499,250,1,0,0,0,15,5.56,21,0
F002157,Dal Rice,Veg,140,2026-01-10,20:00,11.076864,76.976338,R001,FOOD_BANK,10.929752,76.993726,350,1,1,1,40,15,21.25,53,0
F002158,Sambar Rice,Veg,129,2026-01-07,21:45,10.99924,76.975315,R007,FOOD_BANK,10.953647,76.979401,350,1,1,0,50,8,6.16,19,0
F002159,Chapati & Kurma,Veg,143,2026-03-14,21:00,11.076864,76.976338,R063,NGO,11.00096,76.956294,200,1,0,0,0,15,9.77,31,0
F002160,Veg Fried Rice,Veg,131,2026-08-23,19:30,11.031674,76.940688,R096,NGO,11.028388,76.923499,250,1,0,1,0,15,2.3,11,1
F002161,Upma,Veg,160,2026-09-06,18:15,11.056687,76.895452,R086,NGO,11.003612,76.964368,100,1,0,1,0,15,11.12,30,0
F002162,Pongal,Veg,150,2026-07-08,23:15,10.989657,77.033427,R069,NGO,11.019827,77.006835,200,1,1,1,0,15,5.02,20,1
F002163,Sambar Rice,Veg,113,2026-07-21,22:15,10.966962,76.944406,R103,NGO,11.013321,76.996693,60,1,0,1,0,15,8.54,21,0
F002164,Chicken Noodles,Non-Veg,32,2026-02-06,17:45,10.979497,76.93907,R029,FOOD_BANK,11.006256,76.917282,200,1,0,1,60,15,4.53,13,0
F002165,Egg Curry & Rice,Non-Veg,101,2026-01-18,10:30,11.053896,77.023402,R093,NGO,10.964782,76.951669,100,1,0,1,0,15,15.1,37,0
F002166,Tomato Rice,Veg,147,2026-03-12,21:45,11.019931,77.01857,R084,NGO,11.032741,77.049457,80,1,1,1,0,15,4.55,11,0
F002167,Tamarind Rice,Veg,96,2026-08-27,21:45,11.03264,76.921297,R034,FOOD_BANK,10.933246,76.91673,300,1,1,0,75,8,13.26,31,0
F002168,Veg Noodles,Veg,108,2026-05-27,13:45,11.033528,76.977257,R028,FOOD_BANK,11.08297,76.957199,500,1,1,1,30,12,7.31,23,1
F002169,Chicken Curry & Rice,Non-Veg,56,2026-05-03,14:45,10.955,76.939241,R052,NGO,10.949148,76.902044,40,1,0,0,0,15,4.74,17,0
F002170,Lemon Rice,Veg,144,2026-03-12,13:45,10.989657,77.033427,R094,NGO,11.060926,77.018643,50,1,1,1,0,15,9.45,23,0
F002171,Paneer Rice,Veg,70,2026-01-11,18:15,11.004965,76.92703,R107,NGO,10.973743,76.935486,80,1,1,0,0,15,4.11,15,0
F002172,Egg Fried Rice,Non-Veg,59,2026-01-04,20:30,10.984536,76.8803,R075,NGO,10.946154,76.960857,120,1,0,0,0,15,10.79,30,0
F002173,Tomato Rice,Veg,116,2026-08-05,22:45,11.039384,76.920741,R104,NGO,11.122467,76.92657,80,1,1,1,0,15,10.65,28,0
F002174,Chicken Biryani,Non-Veg,60,2026-09-22,20:30,10.961692,76.988005,R031,FOOD_BANK,10.940331,76.930152,250,1,1,1,30,12,8.55,19,1
F002175,Chicken Noodles,Non-Veg,34,2026-02-07,19:15,10.984536,76.8803,R021,FOOD_BANK,11.026716,76.853024,200,1,1,1,25,15,7.03,25,1
F002176,Dal Rice,Veg,67,2026-04-16,14:30,11.004965,76.92703,R105,NGO,10.980298,76.934381,180,1,1,1,0,15,3.37,17,1
F002177,Idli & Sambar,Veg,64,2026-03-27,23:00,10.939281,76.954544,R042,NGO,10.996123,76.965899,75,1,1,0,0,15,7.61,17,0
F002178,Chicken Curry & Rice,Non-Veg,99,2026-05-15,19:45,10.979497,76.93907,R037,NGO,11.000097,76.871592,200,1,0,1,0,15,9.4,32,0
F002179,Paneer Rice,Veg,79,2026-04-05,20:45,11.02334,76.906764,R083,NGO,11.048239,76.905998,120,1,1,1,0,15,3.4,14,1
F002180,Vegetable Biryani,Veg,176,2026-05-02,14:00,11.031674,76.940688,R054,NGO,10.992456,76.917474,200,1,0,1,0,15,5.58,15,1
F002181,Chicken Fried Rice,Non-Veg,65,2026-03-20,19:15,11.032916,76.872503,R105,NGO,10.980298,76.934381,180,1,1,0,0,15,10.49,37,0
F002182,Paneer Rice,Veg,76,2026-04-07,14:30,10.99924,76.975315,R040,NGO,11.077527,76.976975,60,1,1,1,0,15,11.26,27,0
F002183,Tomato Rice,Veg,30,2026-04-29,11:00,11.031674,76.940688,R026,FOOD_BANK,11.077481,76.979058,120,1,0,1,50,6,8.55,34,0
F002184,Lemon Rice,Veg,118,2026-09-12,19:30,11.02334,76.906764,R071,NGO,11.01227,76.928148,60,1,1,1,0,15,3.38,11,0
F002185,Dal Rice,Veg,100,2026-02-27,19:15,11.07664,76.919621,R011,FOOD_BANK,11.031302,77.041945,350,1,1,1,60,6,17.29,42,0
F002186,Veg Fried Rice,Veg,72,2026-04-19,21:45,11.031674,76.940688,R083,NGO,11.048239,76.905998,120,1,1,1,0,15,5.5,17,1
F002187,Lemon Rice,Veg,141,2026-07-08,23:15,10.989657,77.033427,R067,NGO,11.041648,77.017067,180,1,1,0,0,15,7.47,26,0
F002188,Veg Fried Rice,Veg,49,2026-08-09,23:15,11.07664,76.919621,R039,NGO,11.112771,76.941297,80,1,0,1,0,15,6.09,18,1
F002189,Mixed Veg Meals,Veg,199,2026-02-09,18:15,11.012293,76.884686,R071,NGO,11.01227,76.928148,60,1,1,1,0,15,5.3,13,0
F002190,Upma,Veg,74,2026-03-28,23:30,11.014847,77.018815,R009,FOOD_BANK,11.035475,77.018124,200,1,1,1,75,15,2.93,12,0
F002191,Sambar Rice,Veg,90,2026-06-20,20:00,10.984536,76.8803,R072,NGO,11.016329,76.845338,250,1,0,1,0,15,6.61,24,1
F002192,Veg Noodles,Veg,62,2026-08-01,13:30,11.039384,76.920741,R076,NGO,11.005115,76.870368,50,1,0,1,0,15,8.08,25,0
F002193,Mixed Veg Meals,Veg,140,2026-02-20,19:00,10.983486,76.946385,R105,NGO,10.980298,76.934381,180,1,1,1,0,15,1.75,11,1
F002194,Paneer Rice,Veg,37,2026-06-22,21:15,10.976233,76.931534,R102,NGO,11.026939,76.970836,75,1,0,1,0,15,8.66,32,0
F002195,Egg Curry & Rice,Non-Veg,77,2026-05-09,13:15,11.028005,76.921622,R115,NGO,11.024606,76.91699,200,1,1,1,0,15,0.74,4,1
F002196,Curd Rice,Veg,121,2026-06-15,21:15,11.032916,76.872503,R022,FOOD_BANK,11.008467,76.858868,180,1,1,1,30,12,3.99,14,1
F002197,Veg Noodles,Veg,95,2026-01-11,23:45,11.009237,76.990411,R109,NGO,11.029882,77.043934,120,1,0,1,0,15,7.37,24,1
F002198,Chapati & Kurma,Veg,102,2026-01-30,20:45,10.939281,76.954544,R082,NGO,10.926687,76.982445,150,1,0,1,0,15,3.71,13,1
F002199,Curd Rice,Veg,85,2026-05-21,13:30,10.979497,76.93907,R098,NGO,11.05394,76.961166,80,1,1,1,0,15,10.32,31,0
F002200,Vegetable Biryani,Veg,34,2026-09-23,22:45,11.024082,76.981748,R059,NGO,10.946464,76.967626,60,1,1,1,0,15,9.92,33,1
F002201,Upma,Veg,77,2026-03-16,20:30,10.976233,76.931534,R038,NGO,11.057645,77.04603,100,1,1,1,0,15,17.79,40,0
F002202,Fish Curry & Rice,Non-Veg,101,2026-06-16,12:00,11.039384,76.920741,R025,FOOD_BANK,11.064094,76.948971,400,1,1,1,75,18,4.8,15,1
F002203,Veg Noodles,Veg,71,2026-02-16,12:30,11.014847,77.018815,R089,NGO,11.032373,77.019287,40,1,1,1,0,15,2.25,12,0
F002204,Lemon Rice,Veg,152,2026-04-28,17:15,10.973793,76.954491,R034,FOOD_BANK,10.933246,76.91673,300,1,1,1,75,8,8.04,18,0
F002205,Chapati & Kurma,Veg,102,2026-09-02,19:30,11.02334,76.906764,R035,FOOD_BANK,11.005659,76.957081,500,1,0,1,25,6,6.66,21,0
F002206,Idli & Sambar,Veg,133,2026-07-06,20:45,10.961692,76.988005,R103,NGO,11.013321,76.996693,60,1,0,1,0,15,6.48,24,0
F002207,Paneer Rice,Veg,124,2026-07-29,12:30,11.056687,76.895452,R098,NGO,11.05394,76.961166,80,1,1,0,0,15,8.45,23,0
F002208,Dal Rice,Veg,142,2026-01-29,18:00,11.056687,76.895452,R061,NGO,10.996054,76.864653,40,1,1,1,0,15,8.32,21,0
F002209,Upma,Veg,55,2026-02-21,14:00,11.009237,76.990411,R055,NGO,10.989074,76.971947,150,1,1,1,0,15,3.58,19,1
F002210,Fish Curry & Rice,Non-Veg,36,2026-07-18,14:15,11.010484,76.997546,R035,FOOD_BANK,11.005659,76.957081,500,1,0,1,25,6,5.16,14,0
F002211,Egg Curry & Rice,Non-Veg,119,2026-07-01,20:30,10.99924,76.975315,R069,NGO,11.019827,77.006835,200,1,1,1,0,15,5.0,16,1
F002212,Dal Rice,Veg,76,2026-04-23,20:00,11.028005,76.921622,R120,NGO,11.045705,76.933449,200,1,0,1,0,15,3.01,13,1
F002213,Lemon Rice,Veg,126,2026-06-15,18:00,11.020654,77.047909,R004,FOOD_BANK,11.030506,77.02175,350,1,0,1,60,8,3.38,12,1
F002214,Upma,Veg,90,2026-05-01,20:30,11.020654,77.047909,R044,NGO,10.991885,76.990569,60,1,0,1,0,15,7.78,21,0
F002215,Vegetable Biryani,Veg,113,2026-04-29,21:30,10.993725,76.957415,R027,FOOD_BANK,10.99906,76.98453,100,1,0,1,30,6,3.98,10,0
F002216,Vegetable Biryani,Veg,91,2026-03-10,20:45,10.984536,76.8803,R008,FOOD_BANK,11.007782,76.873074,350,1,1,0,40,6,3.01,11,0
F002217,Vegetable Biryani,Veg,131,2026-09-19,17:00,10.979497,76.93907,R003,FOOD_BANK,11.036567,76.920159,300,1,1,1,40,8,8.24,21,0
F002218,Upma,Veg,45,2026-04-17,13:45,11.009674,76.987054,R086,NGO,11.003612,76.964368,100,1,0,1,0,15,3.25,13,0
F002219,Fish Curry & Rice,Non-Veg,106,2026-03-24,11:00,11.039384,76.920741,R029,FOOD_BANK,11.006256,76.917282,200,1,0,1,60,15,4.41,19,0
F002220,Paneer Rice,Veg,36,2026-01-01,13:30,11.024082,76.981748,R067,NGO,11.041648,77.017067,180,1,1,1,0,15,4.95,11,1
F002221,Sambar Rice,Veg,100,2026-07-16,11:45,11.079609,76.965395,R092,NGO,11.044914,76.905894,50,1,0,1,0,15,9.79,23,0
F002222,Idli & Sambar,Veg,156,2026-08-04,21:00,10.983486,76.946385,R115,NGO,11.024606,76.91699,200,1,1,1,0,15,6.89,28,1
F002223,Veg Fried Rice,Veg,137,2026-06-20,21:30,11.033528,76.977257,R043,NGO,11.032353,76.968259,120,1,1,1,0,15,1.21,9,0
F002224,Lemon Rice,Veg,94,2026-05-11,11:30,11.033528,76.977257,R025,FOOD_BANK,11.064094,76.948971,400,1,1,1,75,18,5.95,16,1
F002225,Upma,Veg,109,2026-03-26,20:15,11.032916,76.872503,R110,NGO,11.051228,76.872849,50,1,1,1,0,15,2.54,14,0
F002226,Idli & Sambar,Veg,49,2026-04-06,22:00,10.966962,76.944406,R024,FOOD_BANK,10.995209,76.955337,100,1,1,1,50,12,4.06,15,0
F002227,Paneer Rice,Veg,70,2026-08-12,18:45,11.012293,76.884686,R037,NGO,11.000097,76.871592,200,1,0,1,0,15,2.51,11,1
F002228,Upma,Veg,60,2026-07-17,13:30,10.989657,77.033427,R058,NGO,11.044285,76.99815,60,1,1,1,0,15,8.7,37,0
F002229,Lemon Rice,Veg,64,2026-05-10,12:00,11.031674,76.940688,R111,NGO,11.047062,76.964365,200,1,1,1,0,15,3.68,18,1
F002230,Chicken Fried Rice,Non-Veg,87,2026-02-26,14:30,11.024082,76.981748,R009,FOOD_BANK,11.035475,77.018124,200,1,1,0,75,15,5.44,18,0
F002231,Curd Rice,Veg,74,2026-04-30,14:45,10.983486,76.946385,R086,NGO,11.003612,76.964368,100,1,0,1,0,15,3.37,14,1
F002232,Paneer Rice,Veg,59,2026-08-15,19:15,10.99924,76.975315,R114,NGO,10.998157,77.025944,75,1,0,1,0,15,6.49,27,1
F002233,Egg Biryani,Non-Veg,82,2026-02-17,11:00,11.019931,77.01857,R031,FOOD_BANK,10.940331,76.930152,250,1,1,1,30,12,14.5,43,0
F002234,Veg Fried Rice,Veg,109,2026-03-07,20:15,11.012293,76.884686,R110,NGO,11.051228,76.872849,50,1,1,1,0,15,5.06,18,0
F002235,Dal Rice,Veg,124,2026-05-10,13:00,10.984536,76.8803,R118,NGO,11.078871,76.965426,200,1,0,1,0,15,16.7,37,0
F002236,Chapati & Kurma,Veg,104,2026-05-16,21:45,11.024082,76.981748,R013,FOOD_BANK,10.997835,76.963916,350,1,1,1,30,8,3.99,18,1
F002237,Chicken Fried Rice,Non-Veg,94,2026-05-15,14:30,10.932716,76.940667,R099,NGO,10.897905,76.956454,50,1,1,0,0,15,5.51,21,0
F002238,Dal Rice,Veg,143,2026-08-13,11:45,10.983486,76.946385,R054,NGO,10.992456,76.917474,200,1,0,0,0,15,3.86,16,0
F002239,Egg Biryani,Non-Veg,50,2026-02-07,17:45,10.976233,76.931534,R100,NGO,11.03497,76.938284,75,1,1,1,0,15,8.49,29,0
F002240,Paneer Rice,Veg,75,2026-07-10,21:00,10.973793,76.954491,R044,NGO,10.991885,76.990569,60,1,0,1,0,15,5.46,20,0
F002241,Idli & Sambar,Veg,96,2026-06-16,17:45,11.009674,76.987054,R078,NGO,10.960637,76.974029,100,1,1,1,0,15,6.36,19,1
F002242,Tamarind Rice,Veg,72,2026-03-18,17:00,10.955,76.939241,R057,NGO,11.013714,76.896117,60,1,1,1,0,15,8.88,24,0
F002243,Dal Rice,Veg,65,2026-03-11,19:00,10.955,76.939241,R034,FOOD_BANK,10.933246,76.91673,300,1,1,1,75,8,4.54,17,0
F002244,Pongal,Veg,158,2026-03-16,12:00,11.014847,77.018815,R062,NGO,11.097908,76.991822,80,1,0,1,0,15,11.07,40,0
F002245,Mixed Veg Meals,Veg,77,2026-05-12,11:15,10.99924,76.975315,R053,NGO,11.001509,77.017312,250,1,1,1,0,15,6.02,20,1
F002246,Veg Fried Rice,Veg,64,2026-08-31,21:45,11.076864,76.976338,R094,NGO,11.060926,77.018643,50,1,1,1,0,15,5.8,15,0
F002247,Upma,Veg,136,2026-07-05,20:45,11.076864,76.976338,R067,NGO,11.041648,77.017067,180,1,1,1,0,15,7.2,26,1
F002248,Mixed Veg Meals,Veg,43,2026-05-10,10:30,11.009237,76.990411,R114,NGO,10.998157,77.025944,75,1,0,1,0,15,5.09,21,0
F002249,Upma,Veg,84,2026-07-16,18:15,11.006786,77.010739,R031,FOOD_BANK,10.940331,76.930152,250,1,1,0,30,12,14.16,34,0
F002250,Upma,Veg,71,2026-01-06,17:00,11.056687,76.895452,R110,NGO,11.051228,76.872849,50,1,1,1,0,15,3.01,8,0
F002251,Fish Curry & Rice,Non-Veg,82,2026-01-24,12:30,11.006786,77.010739,R026,FOOD_BANK,11.077481,76.979058,120,1,0,1,50,6,9.84,28,0
F002252,Chicken Fried Rice,Non-Veg,84,2026-05-19,20:00,11.028005,76.921622,R024,FOOD_BANK,10.995209,76.955337,100,1,1,1,50,12,6.13,17,1
F002253,Chicken Fried Rice,Non-Veg,61,2026-02-11,17:45,10.983486,76.946385,R115,NGO,11.024606,76.91699,200,1,1,1,0,15,6.89,17,1
F002254,Pongal,Veg,133,2026-01-24,14:15,11.02334,76.906764,R096,NGO,11.028388,76.923499,250,1,0,1,0,15,2.25,14,1
F002255,Dal Rice,Veg,113,2026-05-15,20:00,10.973793,76.954491,R080,NGO,11.006411,76.903012,50,1,0,1,0,15,7.53,25,0
F002256,Chicken Noodles,Non-Veg,97,2026-07-26,19:30,10.966962,76.944406,R033,FOOD_BANK,10.907708,76.987427,400,1,0,1,40,10,8.94,29,0
F002257,Chicken Biryani,Non-Veg,136,2026-09-04,13:00,11.009237,76.990411,R079,NGO,10.979008,76.977548,250,1,1,1,0,15,4.21,19,1
F002258,Paneer Rice,Veg,68,2026-01-19,23:15,10.966962,76.944406,R082,NGO,10.926687,76.982445,150,1,0,1,0,15,6.9,21,1
F002259,Chicken Biryani,Non-Veg,88,2026-04-02,18:30,10.99924,76.975315,R004,FOOD_BANK,11.030506,77.02175,350,1,0,1,60,8,7.04,25,0
F002260,Veg Fried Rice,Veg,96,2026-01-26,19:00,10.961692,76.988005,R102,NGO,11.026939,76.970836,75,1,0,1,0,15,8.69,30,0
F002261,Veg Fried Rice,Veg,84,2026-03-21,20:00,11.006786,77.010739,R070,NGO,11.00895,76.982832,100,1,1,1,0,15,3.89,16,1
F002262,Idli & Sambar,Veg,94,2026-07-05,17:15,11.032916,76.872503,R071,NGO,11.01227,76.928148,60,1,1,1,0,15,7.69,19,0
F002263,Upma,Veg,122,2026-02-28,17:45,11.024082,76.981748,R004,FOOD_BANK,11.030506,77.02175,350,1,0,0,60,8,5.28,18,0
F002264,Egg Curry & Rice,Non-Veg,78,2026-05-10,22:15,10.993725,76.957415,R093,NGO,10.964782,76.951669,100,1,0,1,0,15,3.72,16,0
F002265,Mixed Veg Meals,Veg,45,2026-03-30,20:45,11.006786,77.010739,R086,NGO,11.003612,76.964368,100,1,0,1,0,15,5.86,20,1
F002266,Paneer Rice,Veg,125,2026-07-18,13:45,10.989657,77.033427,R019,FOOD_BANK,10.978431,76.99707,150,1,1,1,25,12,4.86,16,1
F002267,Curd Rice,Veg,154,2026-07-24,21:30,11.014847,77.018815,R067,NGO,11.041648,77.017067,180,1,1,1,0,15,3.91,12,1
F002268,Sambar Rice,Veg,74,2026-09-15,18:30,11.056687,76.895452,R022,FOOD_BANK,11.008467,76.858868,180,1,1,1,30,12,8.5,34,0
F002269,Chicken Fried Rice,Non-Veg,83,2026-09-18,18:00,11.031674,76.940688,R105,NGO,10.980298,76.934381,180,1,1,0,0,15,6.55,23,0
F002270,Pongal,Veg,74,2026-01-03,12:00,10.939281,76.954544,R001,FOOD_BANK,10.929752,76.993726,350,1,1,1,40,15,4.9,20,1
F002271,Paneer Rice,Veg,57,2026-07-07,18:15,10.961692,76.988005,R036,FOOD_BANK,11.039233,77.037241,180,1,1,1,20,6,12.64,35,0
F002272,Paneer Rice,Veg,74,2026-02-10,17:15,11.024082,76.981748,R018,FOOD_BANK,11.033443,76.984609,300,1,0,0,20,6,1.22,11,0
F002273,Mixed Veg Meals,Veg,124,2026-09-06,20:30,11.009674,76.987054,R009,FOOD_BANK,11.035475,77.018124,200,1,1,1,75,15,5.54,14,1
F002274,Chapati & Kurma,Veg,55,2026-08-02,21:45,11.07664,76.919621,R057,NGO,11.013714,76.896117,60,1,1,1,0,15,9.29,30,1
F002275,Vegetable Biryani,Veg,61,2026-03-16,14:15,10.984536,76.8803,R003,FOOD_BANK,11.036567,76.920159,300,1,1,0,40,8,8.48,24,0
F002276,Egg Curry & Rice,Non-Veg,110,2026-06-13,19:00,11.038515,77.035361,R058,NGO,11.044285,76.99815,60,1,1,1,0,15,4.59,14,0
F002277,Sambar Rice,Veg,193,2026-03-16,21:15,11.056687,76.895452,R068,NGO,11.033,76.841178,180,1,0,1,0,15,7.63,22,0
F002278,Egg Curry & Rice,Non-Veg,119,2026-04-30,11:45,11.010484,76.997546,R027,FOOD_BANK,10.99906,76.98453,100,1,0,1,30,6,2.33,8,0
F002279,Chicken Noodles,Non-Veg,120,2026-01-04,21:15,11.010053,76.918261,R076,NGO,11.005115,76.870368,50,1,0,1,0,15,6.18,15,0
F002280,Lemon Rice,Veg,159,2026-07-21,19:30,11.031674,76.940688,R081,NGO,11.006904,76.896341,75,1,1,1,0,15,7.23,28,0
F002281,Chicken Fried Rice,Non-Veg,73,2026-09-06,21:45,10.932716,76.940667,R014,FOOD_BANK,10.969875,76.928412,350,1,1,1,40,15,5.73,17,1
F002282,Tomato Rice,Veg,89,2026-08-14,19:15,10.955,76.939241,R031,FOOD_BANK,10.940331,76.930152,250,1,1,1,30,12,2.32,10,1
F002283,Lemon Rice,Veg,30,2026-04-21,21:30,11.009237,76.990411,R070,NGO,11.00895,76.982832,100,1,1,0,0,15,0.95,8,0
F002284,Chicken Noodles,Non-Veg,122,2026-01-11,13:15,11.033528,76.977257,R111,NGO,11.047062,76.964365,200,1,1,1,0,15,2.67,10,1
F002285,Tomato Rice,Veg,109,2026-04-03,20:30,11.024082,76.981748,R069,NGO,11.019827,77.006835,200,1,1,0,0,15,3.54,13,0
F002286,Lemon Rice,Veg,74,2026-08-06,17:15,11.033528,76.977257,R118,NGO,11.078871,76.965426,200,1,0,1,0,15,6.1,17,1
F002287,Vegetable Biryani,Veg,104,2026-09-15,18:15,10.939281,76.954544,R024,FOOD_BANK,10.995209,76.955337,100,1,1,1,50,12,8.13,27,0
F002288,Dal Rice,Veg,159,2026-01-04,19:15,11.024082,76.981748,R111,NGO,11.047062,76.964365,200,1,1,1,0,15,4.06,13,1
F002289,Sambar Rice,Veg,128,2026-08-13,19:30,11.03264,76.921297,R023,FOOD_BANK,11.067518,77.033737,250,1,1,1,30,8,15.69,38,0
F002290,Chapati & Kurma,Veg,124,2026-07-04,23:45,11.07664,76.919621,R056,NGO,11.046451,76.888718,120,1,1,0,0,15,5.58,25,0
F002291,Fish Curry & Rice,Non-Veg,66,2026-05-12,21:30,11.03264,76.921297,R106,NGO,11.012111,77.034302,75,1,0,0,0,15,15.75,45,0
F002292,Fish Curry & Rice,Non-Veg,92,2026-05-01,21:45,11.010484,76.997546,R077,NGO,11.021303,77.050329,150,1,0,1,0,15,6.58,22,0
F002293,Chapati & Kurma,Veg,53,2026-03-27,19:45,11.012293,76.884686,R054,NGO,10.992456,76.917474,200,1,0,1,0,15,5.2,19,1
F002294,Veg Noodles,Veg,110,2026-02-20,13:00,11.010739,76.885886,R093,NGO,10.964782,76.951669,100,1,0,1,0,15,10.23,30,0
F002295,Veg Noodles,Veg,32,2026-03-21,12:15,11.023729,76.992516,R063,NGO,11.00096,76.956294,200,1,0,1,0,15,5.81,20,1
F002296,Egg Fried Rice,Non-Veg,104,2026-07-28,18:45,10.976233,76.931534,R079,NGO,10.979008,76.977548,250,1,1,1,0,15,5.92,17,1
F002297,Mixed Veg Meals,Veg,128,2026-01-10,19:15,11.012293,76.884686,R031,FOOD_BANK,10.940331,76.930152,250,1,1,1,30,12,10.46,31,1
F002298,Chapati & Kurma,Veg,165,2026-04-17,23:00,11.010053,76.918261,R029,FOOD_BANK,11.006256,76.917282,200,1,0,1,60,15,0.56,5,1
F002299,Pongal,Veg,114,2026-04-02,17:00,11.033528,76.977257,R100,NGO,11.03497,76.938284,75,1,1,1,0,15,5.49,22,0
F002300,Paneer Rice,Veg,125,2026-05-15,18:00,11.053896,77.023402,R038,NGO,11.057645,77.04603,100,1,1,1,0,15,2.98,11,0
F002301,Veg Noodles,Veg,95,2026-07-04,12:30,11.012293,76.884686,R110,NGO,11.051228,76.872849,50,1,1,0,0,15,5.06,17,0
F002302,Chicken Curry & Rice,Non-Veg,50,2026-03-04,23:45,11.076864,76.976338,R002,FOOD_BANK,11.088582,76.941869,400,1,1,0,25,8,5.22,16,0
F002303,Sambar Rice,Veg,108,2026-03-07,22:45,11.038515,77.035361,R005,FOOD_BANK,11.070808,77.000467,400,1,1,0,30,6,6.02,24,0
F002304,Tamarind Rice,Veg,57,2026-06-02,20:45,11.038515,77.035361,R086,NGO,11.003612,76.964368,100,1,0,1,0,15,9.68,32,0
F002305,Egg Biryani,Non-Veg,137,2026-09-04,20:15,10.966962,76.944406,R016,FOOD_BANK,10.91709,76.982611,350,1,1,1,60,8,7.99,30,1
F002306,Chicken Curry & Rice,Non-Veg,50,2026-03-06,12:45,11.032916,76.872503,R008,FOOD_BANK,11.007782,76.873074,350,1,1,0,40,6,3.19,10,0
F002307,Sambar Rice,Veg,97,2026-08-19,18:30,11.033528,76.977257,R060,NGO,11.075079,76.981996,40,1,0,0,0,15,5.81,20,0
F002308,Upma,Veg,126,2026-04-22,22:30,10.966962,76.944406,R032,FOOD_BANK,10.961916,76.996051,300,1,1,1,25,8,7.47,23,1
F002309,Mixed Veg Meals,Veg,73,2026-02-02,14:30,11.07664,76.919621,R010,FOOD_BANK,11.013706,76.936718,500,1,1,1,30,10,8.67,22,1
F002310,Sambar Rice,Veg,159,2026-01-16,14:45,10.979497,76.93907,R115,NGO,11.024606,76.91699,200,1,1,0,0,15,6.87,26,0
F002311,Veg Noodles,Veg,95,2026-02-17,14:45,10.976233,76.931534,R031,FOOD_BANK,10.940331,76.930152,250,1,1,1,30,12,5.21,15,1
F002312,Mixed Veg Meals,Veg,183,2026-02-23,19:45,11.07664,76.919621,R050,NGO,11.041148,77.014453,180,1,0,1,0,15,13.35,52,0
F002313,Chicken Fried Rice,Non-Veg,74,2026-02-10,22:00,11.038515,77.035361,R102,NGO,11.026939,76.970836,75,1,0,1,0,15,8.4,24,0
F002314,Pongal,Veg,185,2026-06-12,21:30,11.010739,76.885886,R003,FOOD_BANK,11.036567,76.920159,300,1,1,1,40,8,5.48,22,1
F002315,Mixed Veg Meals,Veg,125,2026-03-09,14:45,10.993725,76.957415,R061,NGO,10.996054,76.864653,40,1,1,1,0,15,11.27,27,0
F002316,Chicken Noodles,Non-Veg,94,2026-07-30,19:00,11.056687,76.895452,R111,NGO,11.047062,76.964365,200,1,1,1,0,15,9.65,24,1
F002317,Tomato Rice,Veg,175,2026-01-20,18:00,11.076864,76.976338,R067,NGO,11.041648,77.017067,180,1,1,1,0,15,7.2,26,1
F002318,Sambar Rice,Veg,197,2026-04-13,21:15,10.976233,76.931534,R100,NGO,11.03497,76.938284,75,1,1,1,0,15,8.49,23,0
F002319,Vegetable Biryani,Veg,113,2026-01-26,12:45,10.983486,76.946385,R072,NGO,11.016329,76.845338,250,1,0,1,0,15,14.15,42,1
F002320,Dal Rice,Veg,83,2026-01-27,21:30,11.012293,76.884686,R051,NGO,10.961994,76.921525,120,1,1,1,0,15,7.74,25,1
F002321,Vegetable Biryani,Veg,132,2026-06-10,10:15,11.079609,76.965395,R023,FOOD_BANK,11.067518,77.033737,250,1,1,1,30,8,9.08,22,0
F002322,Chapati & Kurma,Veg,72,2026-05-21,17:00,10.939281,76.954544,R107,NGO,10.973743,76.935486,80,1,1,1,0,15,5.15,18,1
F002323,Vegetable Biryani,Veg,178,2026-03-10,19:15,10.99924,76.975315,R029,FOOD_BANK,11.006256,76.917282,200,1,0,1,60,15,7.82,30,1
F002324,Idli & Sambar,Veg,64,2026-04-11,22:00,10.99924,76.975315,R084,NGO,11.032741,77.049457,80,1,1,1,0,15,11.63,25,1
F002325,Chicken Noodles,Non-Veg,66,2026-02-15,20:00,11.020654,77.047909,R084,NGO,11.032741,77.049457,80,1,1,1,0,15,1.62,11,1
F002326,Pongal,Veg,91,2026-03-06,19:30,11.023729,76.992516,R109,NGO,11.029882,77.043934,120,1,0,1,0,15,6.46,22,1
F002327,Fish Curry & Rice,Non-Veg,23,2026-08-05,22:00,10.989657,77.033427,R103,NGO,11.013321,76.996693,60,1,0,1,0,15,6.19,25,0
F002328,Tamarind Rice,Veg,171,2026-04-04,22:15,11.02334,76.906764,R080,NGO,11.006411,76.903012,50,1,0,0,0,15,2.15,11,0
F002329,Veg Fried Rice,Veg,67,2026-07-01,22:00,10.961692,76.988005,R027,FOOD_BANK,10.99906,76.98453,100,1,0,1,30,6,5.27,19,1
F002330,Fish Curry & Rice,Non-Veg,93,2026-04-15,20:00,11.033528,76.977257,R004,FOOD_BANK,11.030506,77.02175,350,1,0,1,60,8,5.6,19,0
F002331,Paneer Rice,Veg,104,2026-04-13,20:30,11.014847,77.018815,R080,NGO,11.006411,76.903012,50,1,0,1,0,15,15.21,33,0
F002332,Egg Fried Rice,Non-Veg,32,2026-09-13,22:30,10.993725,76.957415,R102,NGO,11.026939,76.970836,75,1,0,1,0,15,4.51,17,0
F002333,Mixed Veg Meals,Veg,167,2026-02-14,19:15,11.032916,76.872503,R071,NGO,11.01227,76.928148,60,1,1,1,0,15,7.69,22,0
F002334,Idli & Sambar,Veg,103,2026-04-11,20:00,10.983486,76.946385,R024,FOOD_BANK,10.995209,76.955337,100,1,1,0,50,12,1.85,9,0
F002335,Paneer Rice,Veg,71,2026-02-27,18:00,11.024082,76.981748,R013,FOOD_BANK,10.997835,76.963916,350,1,1,1,30,8,3.99,11,1
F002336,Pongal,Veg,57,2026-07-13,14:30,11.024082,76.981748,R069,NGO,11.019827,77.006835,200,1,1,1,0,15,3.54,12,1
F002337,Tomato Rice,Veg,92,2026-06-23,20:00,11.031674,76.940688,R029,FOOD_BANK,11.006256,76.917282,200,1,0,1,60,15,4.61,17,1
F002338,Veg Fried Rice,Veg,90,2026-05-14,14:00,10.976233,76.931534,R031,FOOD_BANK,10.940331,76.930152,250,1,1,0,30,12,5.21,19,0
F002339,Veg Fried Rice,Veg,61,2026-06-26,21:15,11.038515,77.035361,R087,NGO,11.045743,76.907648,75,1,0,1,0,15,16.77,45,0
F002340,Chicken Curry & Rice,Non-Veg,104,2026-02-28,17:45,11.02334,76.906764,R019,FOOD_BANK,10.978431,76.99707,150,1,1,0,25,12,12.33,33,0
F002341,Egg Fried Rice,Non-Veg,149,2026-02-02,14:45,11.009237,76.990411,R100,NGO,11.03497,76.938284,75,1,1,0,0,15,7.04,21,0
F002342,Chicken Biryani,Non-Veg,108,2026-01-29,12:45,11.031674,76.940688,R113,NGO,10.999687,76.916433,150,1,0,1,0,15,5.5,26,0
F002343,Curd Rice,Veg,139,2026-08-02,22:45,11.076864,76.976338,R026,FOOD_BANK,11.077481,76.979058,120,1,0,1,50,6,0.5,6,0
F002344,Veg Noodles,Veg,126,2026-09-20,20:45,11.079609,76.965395,R100,NGO,11.03497,76.938284,75,1,1,1,0,15,7.03,19,0
F002345,Chicken Biryani,Non-Veg,77,2026-01-24,11:00,11.056687,76.895452,R002,FOOD_BANK,11.088582,76.941869,400,1,1,1,25,8,7.85,25,1
F002346,Upma,Veg,154,2026-06-26,17:00,11.010739,76.885886,R063,NGO,11.00096,76.956294,200,1,0,1,0,15,8.63,22,1
F002347,Chicken Noodles,Non-Veg,59,2026-04-22,13:15,10.99924,76.975315,R018,FOOD_BANK,11.033443,76.984609,300,1,0,1,20,6,4.97,14,0
F002348,Lemon Rice,Veg,101,2026-06-02,23:45,11.010053,76.918261,R022,FOOD_BANK,11.008467,76.858868,180,1,1,1,30,12,8.42,18,1
F002349,Chicken Noodles,Non-Veg,103,2026-06-15,18:00,11.004965,76.92703,R014,FOOD_BANK,10.969875,76.928412,350,1,1,1,40,15,5.06,18,1
F002350,Veg Fried Rice,Veg,132,2026-01-24,21:00,10.984536,76.8803,R061,NGO,10.996054,76.864653,40,1,1,1,0,15,2.69,16,0
F002351,Idli & Sambar,Veg,152,2026-05-05,21:15,10.955,76.939241,R031,FOOD_BANK,10.940331,76.930152,250,1,1,1,30,12,2.32,15,1
F002352,Egg Fried Rice,Non-Veg,42,2026-05-20,19:15,11.056687,76.895452,R116,NGO,11.012179,76.851992,150,1,0,1,0,15,7.7,20,0
F002353,Chicken Curry & Rice,Non-Veg,90,2026-08-03,19:15,10.961692,76.988005,R059,NGO,10.946464,76.967626,60,1,1,1,0,15,3.43,14,0
F002354,Chicken Fried Rice,Non-Veg,72,2026-08-04,22:00,11.07664,76.919621,R114,NGO,10.998157,77.025944,75,1,0,1,0,15,18.08,64,0
F002355,Dal Rice,Veg,156,2026-02-02,20:00,11.056687,76.895452,R003,FOOD_BANK,11.036567,76.920159,300,1,1,1,40,8,4.1,12,1
F002356,Idli & Sambar,Veg,192,2026-03-06,19:00,11.006786,77.010739,R106,NGO,11.012111,77.034302,75,1,0,1,0,15,2.91,15,0
F002357,Upma,Veg,108,2026-07-23,19:45,11.07664,76.919621,R096,NGO,11.028388,76.923499,250,1,0,1,0,15,6.12,19,1
F002358,Chicken Curry & Rice,Non-Veg,57,2026-04-09,18:30,11.053896,77.023402,R046,NGO,11.03532,76.96968,50,1,0,1,0,15,7.44,21,0
F002359,Chicken Curry & Rice,Non-Veg,62,2026-01-21,21:45,11.02334,76.906764,R012,FOOD_BANK,10.991543,76.851715,300,1,1,1,20,8,7.75,29,1
F002360,Paneer Rice,Veg,68,2026-02-16,17:30,11.07664,76.919621,R039,NGO,11.112771,76.941297,80,1,0,0,0,15,6.09,19,0
F002361,Idli & Sambar,Veg,147,2026-01-19,18:00,11.053896,77.023402,R062,NGO,11.097908,76.991822,80,1,0,0,0,15,7.54,23,0
F002362,Fish Curry & Rice,Non-Veg,107,2026-06-27,14:00,11.056687,76.895452,R032,FOOD_BANK,10.961916,76.996051,300,1,1,1,25,8,19.44,59,0
F002363,Egg Fried Rice,Non-Veg,127,2026-03-25,14:00,10.932716,76.940667,R052,NGO,10.949148,76.902044,40,1,0,1,0,15,5.08,17,0
F002364,Fish Curry & Rice,Non-Veg,60,2026-09-22,20:15,11.079609,76.965395,R116,NGO,11.012179,76.851992,150,1,0,1,0,15,16.2,38,0
F002365,Chapati & Kurma,Veg,75,2026-05-13,14:45,11.079609,76.965395,R023,FOOD_BANK,11.067518,77.033737,250,1,1,1,30,8,9.08,25,0
F002366,Chapati & Kurma,Veg,132,2026-01-03,10:15,10.989657,77.033427,R092,NGO,11.044914,76.905894,50,1,0,1,0,15,19.03,43,0
F002367,Idli & Sambar,Veg,125,2026-09-23,14:00,11.03264,76.921297,R046,NGO,11.03532,76.96968,50,1,0,1,0,15,6.37,15,0
F002368,Chicken Curry & Rice,Non-Veg,67,2026-09-18,19:00,10.984536,76.8803,R093,NGO,10.964782,76.951669,100,1,0,1,0,15,9.01,23,0
F002369,Vegetable Biryani,Veg,123,2026-07-10,22:00,11.07664,76.919621,R081,NGO,11.006904,76.896341,75,1,1,0,0,15,10.53,28,0
F002370,Mixed Veg Meals,Veg,40,2026-01-14,19:30,11.006786,77.010739,R020,FOOD_BANK,10.980675,76.991318,120,1,0,1,25,8,4.67,19,1
F002371,Idli & Sambar,Veg,130,2026-06-07,20:15,11.019931,77.01857,R070,NGO,11.00895,76.982832,100,1,1,1,0,15,4.83,20,0
F002372,Sambar Rice,Veg,107,2026-05-04,21:00,11.020654,77.047909,R047,NGO,10.948704,77.00128,200,1,0,1,0,15,11.33,31,1
F002373,Lemon Rice,Veg,81,2026-01-01,23:30,10.99924,76.975315,R029,FOOD_BANK,11.006256,76.917282,200,1,0,1,60,15,7.82,27,1
F002374,Lemon Rice,Veg,189,2026-08-30,17:00,11.023729,76.992516,R019,FOOD_BANK,10.978431,76.99707,150,1,1,1,25,12,5.77,12,0
F002375,Veg Fried Rice,Veg,103,2026-04-21,21:45,11.012293,76.884686,R100,NGO,11.03497,76.938284,75,1,1,1,0,15,7.69,23,0
F002376,Lemon Rice,Veg,81,2026-02-11,14:30,10.99924,76.975315,R018,FOOD_BANK,11.033443,76.984609,300,1,0,0,20,6,4.97,19,0
F002377,Egg Fried Rice,Non-Veg,43,2026-04-23,14:00,10.961692,76.988005,R044,NGO,10.991885,76.990569,60,1,0,1,0,15,3.76,13,0
F002378,Mixed Veg Meals,Veg,100,2026-08-10,12:00,11.012293,76.884686,R100,NGO,11.03497,76.938284,75,1,1,1,0,15,7.69,24,0
F002379,Dal Rice,Veg,149,2026-03-22,21:15,10.973793,76.954491,R034,FOOD_BANK,10.933246,76.91673,300,1,1,1,75,8,8.04,26,0
F002380,Egg Curry & Rice,Non-Veg,71,2026-01-27,22:30,10.989657,77.033427,R114,NGO,10.998157,77.025944,75,1,0,1,0,15,1.57,5,0
F002381,Curd Rice,Veg,147,2026-01-22,22:45,11.024082,76.981748,R090,NGO,10.96531,76.904554,80,1,1,1,0,15,12.46,38,0
F002382,Lemon Rice,Veg,99,2026-09-13,13:00,11.014847,77.018815,R091,NGO,11.008782,77.025358,50,1,0,1,0,15,1.21,10,0
F002383,Chapati & Kurma,Veg,98,2026-08-03,13:45,10.973793,76.954491,R097,NGO,10.914195,76.949189,100,1,1,1,0,15,7.93,16,1
F002384,Dal Rice,Veg,154,2026-01-10,19:30,10.984536,76.8803,R107,NGO,10.973743,76.935486,80,1,1,0,0,15,7.51,32,0
F002385,Curd Rice,Veg,202,2026-03-17,10:30,10.966962,76.944406,R103,NGO,11.013321,76.996693,60,1,0,1,0,15,8.54,27,0
F002386,Tomato Rice,Veg,97,2026-07-15,22:00,11.004965,76.92703,R120,NGO,11.045705,76.933449,200,1,0,1,0,15,5.07,16,1
F002387,Vegetable Biryani,Veg,96,2026-05-19,19:15,11.038515,77.035361,R114,NGO,10.998157,77.025944,75,1,0,1,0,15,5.72,15,0
F002388,Tomato Rice,Veg,175,2026-09-21,11:45,11.033528,76.977257,R096,NGO,11.028388,76.923499,250,1,0,0,0,15,7.05,23,0
F002389,Idli & Sambar,Veg,131,2026-08-01,22:15,11.03264,76.921297,R085,NGO,11.08813,76.948347,50,1,1,1,0,15,7.99,22,0
F002390,Chicken Fried Rice,Non-Veg,136,2026-01-08,14:15,11.028005,76.921622,R026,FOOD_BANK,11.077481,76.979058,120,1,0,1,50,6,9.3,26,0
F002391,Chapati & Kurma,Veg,93,2026-01-01,22:30,11.012293,76.884686,R074,NGO,11.052052,76.880485,250,1,1,1,0,15,5.01,18,1
F002392,Dal Rice,Veg,201,2026-03-06,10:45,11.032916,76.872503,R105,NGO,10.980298,76.934381,180,1,1,1,0,15,10.49,29,0
F002393,Egg Curry & Rice,Non-Veg,47,2026-05-14,12:45,11.032916,76.872503,R115,NGO,11.024606,76.91699,200,1,1,1,0,15,6.52,15,1
F002394,Lemon Rice,Veg,94,2026-04-12,23:00,10.973793,76.954491,R023,FOOD_BANK,11.067518,77.033737,250,1,1,1,30,8,17.63,39,0
F002395,Fish Curry & Rice,Non-Veg,96,2026-05-19,20:30,10.966962,76.944406,R079,NGO,10.979008,76.977548,250,1,1,1,0,15,4.71,22,1
F002396,Chicken Biryani,Non-Veg,140,2026-09-05,19:00,11.028005,76.921622,R087,NGO,11.045743,76.907648,75,1,0,1,0,15,2.96,15,0
F002397,Veg Fried Rice,Veg,66,2026-07-15,20:30,11.009237,76.990411,R112,NGO,11.005344,76.861947,50,1,1,1,0,15,15.91,45,0
F002398,Curd Rice,Veg,181,2026-02-10,23:45,11.028005,76.921622,R110,NGO,11.051228,76.872849,50,1,1,1,0,15,7.76,25,0
F002399,Upma,Veg,166,2026-03-22,20:15,11.009237,76.990411,R107,NGO,10.973743,76.935486,80,1,1,1,0,15,8.56,27,0
F002400,Paneer Rice,Veg,80,2026-08-26,23:15,11.02334,76.906764,R029,FOOD_BANK,11.006256,76.917282,200,1,0,1,60,15,2.79,9,1
F002401,Curd Rice,Veg,138,2026-02-28,23:15,10.983486,76.946385,R024,FOOD_BANK,10.995209,76.955337,100,1,1,1,50,12,1.85,13,0
F002402,Chicken Fried Rice,Non-Veg,86,2026-07-21,14:30,11.079609,76.965395,R026,FOOD_BANK,11.077481,76.979058,120,1,0,1,50,6,1.69,9,0
F002403,Egg Fried Rice,Non-Veg,145,2026-02-05,23:15,11.033528,76.977257,R092,NGO,11.044914,76.905894,50,1,0,1,0,15,9.51,20,0
F002404,Mixed Veg Meals,Veg,139,2026-06-29,18:15,10.983486,76.946385,R045,NGO,10.944544,76.979626,40,1,1,1,0,15,6.31,22,0
F002405,Mixed Veg Meals,Veg,128,2026-07-03,19:30,11.033528,76.977257,R098,NGO,11.05394,76.961166,80,1,1,0,0,15,3.24,9,0
F002406,Dal Rice,Veg,52,2026-08-01,18:15,11.010053,76.918261,R102,NGO,11.026939,76.970836,75,1,0,1,0,15,6.9,19,1
F002407,Egg Biryani,Non-Veg,76,2026-06-29,20:00,10.979497,76.93907,R043,NGO,11.032353,76.968259,120,1,1,1,0,15,8.06,29,1
F002408,Sambar Rice,Veg,165,2026-08-03,20:15,10.939281,76.954544,R044,NGO,10.991885,76.990569,60,1,0,1,0,15,9.18,26,0
F002409,Chicken Noodles,Non-Veg,99,2026-06-15,18:00,11.07664,76.919621,R081,NGO,11.006904,76.896341,75,1,1,0,0,15,10.53,29,0
F002410,Veg Noodles,Veg,88,2026-05-28,21:00,10.989657,77.033427,R070,NGO,11.00895,76.982832,100,1,1,0,0,15,7.65,24,0
F002411,Egg Biryani,Non-Veg,54,2026-06-30,20:30,11.028005,76.921622,R098,NGO,11.05394,76.961166,80,1,1,1,0,15,6.72,22,1
F002412,Chicken Fried Rice,Non-Veg,102,2026-01-12,20:00,11.033528,76.977257,R046,NGO,11.03532,76.96968,50,1,0,1,0,15,0.94,10,0
F002413,Chicken Noodles,Non-Veg,44,2026-03-21,20:30,11.053896,77.023402,R086,NGO,11.003612,76.964368,100,1,0,1,0,15,10.08,21,0
F002414,Sambar Rice,Veg,112,2026-05-16,20:45,11.039384,76.920741,R080,NGO,11.006411,76.903012,50,1,0,0,0,15,5.11,19,0
F002415,Chicken Curry & Rice,Non-Veg,85,2026-01-12,20:15,11.009237,76.990411,R018,FOOD_BANK,11.033443,76.984609,300,1,0,1,20,6,3.55,10,0
F002416,Chicken Fried Rice,Non-Veg,77,2026-04-04,12:00,11.053896,77.023402,R066,NGO,11.064176,76.963349,120,1,0,1,0,15,7.52,23,0
F002417,Fish Curry & Rice,Non-Veg,88,2026-04-02,21:30,10.961692,76.988005,R063,NGO,11.00096,76.956294,200,1,0,1,0,15,6.58,17,0
F002418,Pongal,Veg,125,2026-06-18,19:15,11.03264,76.921297,R094,NGO,11.060926,77.018643,50,1,1,1,0,15,13.19,46,0
F002419,Mixed Veg Meals,Veg,93,2026-09-23,20:00,11.010484,76.997546,R020,FOOD_BANK,10.980675,76.991318,120,1,0,1,25,8,3.98,17,1
F002420,Tamarind Rice,Veg,96,2026-08-23,19:30,10.966962,76.944406,R090,NGO,10.96531,76.904554,80,1,1,1,0,15,4.93,21,0
F002421,Chicken Biryani,Non-Veg,55,2026-03-24,13:00,10.961692,76.988005,R044,NGO,10.991885,76.990569,60,1,0,1,0,15,3.76,14,0
F002422,Chapati & Kurma,Veg,128,2026-01-04,23:30,11.038515,77.035361,R060,NGO,11.075079,76.981996,40,1,0,1,0,15,8.88,29,0
F002423,Chicken Biryani,Non-Veg,101,2026-07-11,23:30,11.010484,76.997546,R016,FOOD_BANK,10.91709,76.982611,350,1,1,1,60,8,11.67,28,0
F002424,Chicken Curry & Rice,Non-Veg,90,2026-01-02,20:30,11.03264,76.921297,R108,NGO,11.08074,76.950706,40,1,0,1,0,15,8.1,30,0
F002425,Curd Rice,Veg,183,2026-02-13,13:45,11.004965,76.92703,R054,NGO,10.992456,76.917474,200,1,0,1,0,15,1.99,8,1
F002426,Upma,Veg,77,2026-07-28,20:00,11.07664,76.919621,R080,NGO,11.006411,76.903012,50,1,0,0,0,15,9.26,28,0
F002427,Veg Fried Rice,Veg,95,2026-03-12,19:30,11.038515,77.035361,R026,FOOD_BANK,11.077481,76.979058,120,1,0,1,50,6,9.63,22,0
F002428,Dal Rice,Veg,125,2026-02-16,21:45,11.058243,76.998573,R055,NGO,10.989074,76.971947,150,1,1,1,0,15,10.83,28,1
F002429,Chicken Curry & Rice,Non-Veg,102,2026-07-17,21:45,10.966962,76.944406,R080,NGO,11.006411,76.903012,50,1,0,1,0,15,7.89,18,0
F002430,Chicken Noodles,Non-Veg,101,2026-06-02,20:00,11.010484,76.997546,R030,FOOD_BANK,11.039951,77.043483,180,1,1,1,75,8,7.36,18,1
F002431,Upma,Veg,144,2026-06-27,22:45,11.023729,76.992516,R119,NGO,11.046134,77.006426,250,1,1,1,0,15,3.45,9,1
F002432,Sambar Rice,Veg,147,2026-03-03,17:30,11.020654,77.047909,R103,NGO,11.013321,76.996693,60,1,0,1,0,15,6.92,21,0
F002433,Egg Fried Rice,Non-Veg,107,2026-01-01,22:00,11.038515,77.035361,R050,NGO,11.041148,77.014453,180,1,0,1,0,15,2.92,13,0
F002434,Mixed Veg Meals,Veg,140,2026-06-04,20:45,10.989657,77.033427,R067,NGO,11.041648,77.017067,180,1,1,1,0,15,7.47,19,1
F002435,Paneer Rice,Veg,80,2026-06-20,10:00,11.009674,76.987054,R119,NGO,11.046134,77.006426,250,1,1,1,0,15,5.56,15,1
F002436,Tomato Rice,Veg,95,2026-02-06,20:30,10.932716,76.940667,R054,NGO,10.992456,76.917474,200,1,0,1,0,15,8.52,32,0
F002437,Egg Fried Rice,Non-Veg,66,2026-09-18,20:15,11.009237,76.990411,R091,NGO,11.008782,77.025358,50,1,0,1,0,15,4.97,15,0
F002438,Vegetable Biryani,Veg,116,2026-08-31,20:45,10.989657,77.033427,R053,NGO,11.001509,77.017312,250,1,1,1,0,15,2.7,7,1
F002439,Sambar Rice,Veg,66,2026-05-29,20:15,11.03264,76.921297,R112,NGO,11.005344,76.861947,50,1,1,0,0,15,8.25,28,0
F002440,Egg Fried Rice,Non-Veg,68,2026-01-08,17:45,11.053896,77.023402,R004,FOOD_BANK,11.030506,77.02175,350,1,0,0,60,8,3.31,11,0
F002441,Fish Curry & Rice,Non-Veg,71,2026-01-16,23:00,10.939281,76.954544,R079,NGO,10.979008,76.977548,250,1,1,1,0,15,5.95,14,1
F002442,Mixed Veg Meals,Veg,77,2026-01-04,12:30,11.053896,77.023402,R118,NGO,11.078871,76.965426,200,1,0,1,0,15,8.75,33,1
F002443,Egg Curry & Rice,Non-Veg,113,2026-01-28,14:15,10.961692,76.988005,R055,NGO,10.989074,76.971947,150,1,1,1,0,15,3.88,10,1
F002444,Sambar Rice,Veg,104,2026-03-07,20:45,10.973793,76.954491,R034,FOOD_BANK,10.933246,76.91673,300,1,1,1,75,8,8.04,22,0
F002445,Tamarind Rice,Veg,105,2026-07-25,19:30,11.010484,76.997546,R069,NGO,11.019827,77.006835,200,1,1,1,0,15,1.71,9,1
F002446,Dal Rice,Veg,126,2026-04-27,22:15,11.053896,77.023402,R114,NGO,10.998157,77.025944,75,1,0,1,0,15,8.02,25,0
F002447,Upma,Veg,78,2026-05-23,21:15,11.010739,76.885886,R010,FOOD_BANK,11.013706,76.936718,500,1,1,1,30,10,6.79,22,1
F002448,Idli & Sambar,Veg,73,2026-08-12,13:00,11.010484,76.997546,R046,NGO,11.03532,76.96968,50,1,0,1,0,15,4.56,18,0
F002449,Lemon Rice,Veg,138,2026-07-12,22:30,11.031674,76.940688,R087,NGO,11.045743,76.907648,75,1,0,1,0,15,4.78,14,0
F002450,Sambar Rice,Veg,177,2026-07-12,22:30,11.03264,76.921297,R003,FOOD_BANK,11.036567,76.920159,300,1,1,1,40,8,0.53,8,1
F002451,Fish Curry & Rice,Non-Veg,57,2026-07-02,21:45,10.932716,76.940667,R003,FOOD_BANK,11.036567,76.920159,300,1,1,1,40,8,15.03,46,0
F002452,Lemon Rice,Veg,108,2026-05-02,19:30,11.004965,76.92703,R092,NGO,11.044914,76.905894,50,1,0,1,0,15,5.51,23,0
F002453,Chicken Noodles,Non-Veg,92,2026-04-01,17:30,11.02334,76.906764,R042,NGO,10.996123,76.965899,75,1,1,0,0,15,8.07,31,0
F002454,Chapati & Kurma,Veg,77,2026-03-08,20:45,11.010053,76.918261,R102,NGO,11.026939,76.970836,75,1,0,0,0,15,6.9,19,0
F002455,Chicken Curry & Rice,Non-Veg,81,2026-05-31,11:15,10.966962,76.944406,R013,FOOD_BANK,10.997835,76.963916,350,1,1,1,30,8,5.32,19,1
F002456,Tamarind Rice,Veg,77,2026-02-13,22:30,10.955,76.939241,R051,NGO,10.961994,76.921525,120,1,1,1,0,15,2.62,13,1
F002457,Mixed Veg Meals,Veg,59,2026-04-20,22:30,10.993725,76.957415,R053,NGO,11.001509,77.017312,250,1,1,1,0,15,7.38,27,1
F002458,Mixed Veg Meals,Veg,138,2026-08-12,17:15,11.053896,77.023402,R036,FOOD_BANK,11.039233,77.037241,180,1,1,1,20,6,2.72,13,1
F002459,Idli & Sambar,Veg,183,2026-06-06,13:30,10.932716,76.940667,R097,NGO,10.914195,76.949189,100,1,1,1,0,15,2.88,13,0
F002460,Egg Curry & Rice,Non-Veg,75,2026-01-20,18:45,11.076864,76.976338,R089,NGO,11.032373,77.019287,40,1,1,1,0,15,8.7,24,0
F002461,Pongal,Veg,124,2026-08-18,19:45,11.012293,76.884686,R029,FOOD_BANK,11.006256,76.917282,200,1,0,1,60,15,4.06,16,1
F002462,Chicken Fried Rice,Non-Veg,123,2026-07-27,20:15,11.004965,76.92703,R080,NGO,11.006411,76.903012,50,1,0,1,0,15,3.39,10,0
F002463,Idli & Sambar,Veg,169,2026-01-30,20:45,11.012293,76.884686,R090,NGO,10.96531,76.904554,80,1,1,1,0,15,6.63,25,0
F002464,Veg Fried Rice,Veg,146,2026-01-24,21:45,10.961692,76.988005,R075,NGO,10.946154,76.960857,120,1,0,0,0,15,4.42,14,0
F002465,Upma,Veg,60,2026-08-07,20:30,10.932716,76.940667,R027,FOOD_BANK,10.99906,76.98453,100,1,0,1,30,6,10.4,29,0
F002466,Idli & Sambar,Veg,118,2026-06-30,17:15,11.009674,76.987054,R030,FOOD_BANK,11.039951,77.043483,180,1,1,1,75,8,9.05,33,0
F002467,Chicken Curry & Rice,Non-Veg,58,2026-07-05,19:00,10.983486,76.946385,R057,NGO,11.013714,76.896117,60,1,1,0,0,15,8.28,21,0
F002468,Curd Rice,Veg,96,2026-06-23,19:00,11.010484,76.997546,R036,FOOD_BANK,11.039233,77.037241,180,1,1,1,20,6,6.64,25,0
F002469,Pongal,Veg,121,2026-01-24,19:15,11.053896,77.023402,R063,NGO,11.00096,76.956294,200,1,0,1,0,15,12.27,38,0
F002470,Dal Rice,Veg,83,2026-01-13,14:15,10.966962,76.944406,R042,NGO,10.996123,76.965899,75,1,1,0,0,15,4.95,22,0
F002471,Mixed Veg Meals,Veg,110,2026-05-06,14:00,11.032916,76.872503,R014,FOOD_BANK,10.969875,76.928412,350,1,1,1,40,15,11.81,30,1
F002472,Chicken Curry & Rice,Non-Veg,62,2026-01-30,18:15,11.020654,77.047909,R038,NGO,11.057645,77.04603,100,1,1,1,0,15,4.77,17,1
F002473,Idli & Sambar,Veg,43,2026-09-02,19:15,11.014847,77.018815,R103,NGO,11.013321,76.996693,60,1,0,1,0,15,2.94,14,1
F002474,Mixed Veg Meals,Veg,114,2026-01-25,14:30,11.012293,76.884686,R072,NGO,11.016329,76.845338,250,1,0,1,0,15,5.65,24,1
F002475,Veg Fried Rice,Veg,178,2026-07-22,18:00,10.976233,76.931534,R113,NGO,10.999687,76.916433,150,1,0,1,0,15,3.48,20,0
F002476,Chicken Curry & Rice,Non-Veg,57,2026-09-12,20:30,11.079609,76.965395,R009,FOOD_BANK,11.035475,77.018124,200,1,1,1,75,15,8.93,28,0
F002477,Upma,Veg,35,2026-05-31,14:30,10.979497,76.93907,R079,NGO,10.979008,76.977548,250,1,1,1,0,15,5.05,13,1
F002478,Tamarind Rice,Veg,168,2026-06-27,23:15,11.058243,76.998573,R019,FOOD_BANK,10.978431,76.99707,150,1,1,1,25,12,9.92,28,0
F002479,Vegetable Biryani,Veg,135,2026-03-28,19:15,11.033528,76.977257,R119,NGO,11.046134,77.006426,250,1,1,1,0,15,4.14,18,1
F002480,Pongal,Veg,195,2026-05-11,21:30,10.979497,76.93907,R103,NGO,11.013321,76.996693,60,1,0,1,0,15,8.5,24,0
F002481,Dal Rice,Veg,120,2026-01-04,10:15,11.028005,76.921622,R098,NGO,11.05394,76.961166,80,1,1,1,0,15,6.72,21,0
F002482,Tomato Rice,Veg,162,2026-06-01,12:00,11.019931,77.01857,R078,NGO,10.960637,76.974029,100,1,1,1,0,15,10.66,32,0
F002483,Veg Noodles,Veg,126,2026-01-05,12:15,11.010484,76.997546,R084,NGO,11.032741,77.049457,80,1,1,1,0,15,7.11,29,0
F002484,Sambar Rice,Veg,85,2026-04-29,21:15,11.023729,76.992516,R098,NGO,11.05394,76.961166,80,1,1,0,0,15,5.31,19,0
F002485,Vegetable Biryani,Veg,144,2026-03-06,13:15,11.07664,76.919621,R111,NGO,11.047062,76.964365,200,1,1,1,0,15,6.5,22,1
F002486,Fish Curry & Rice,Non-Veg,94,2026-03-24,21:45,11.023729,76.992516,R008,FOOD_BANK,11.007782,76.873074,350,1,1,1,40,6,16.21,60,0
F002487,Egg Biryani,Non-Veg,109,2026-08-17,14:30,10.984536,76.8803,R056,NGO,11.046451,76.888718,120,1,1,1,0,15,8.91,22,1
F002488,Vegetable Biryani,Veg,60,2026-08-22,19:30,10.99924,76.975315,R032,FOOD_BANK,10.961916,76.996051,300,1,1,1,25,8,5.77,20,1
F002489,Tomato Rice,Veg,128,2026-07-28,22:15,11.020654,77.047909,R018,FOOD_BANK,11.033443,76.984609,300,1,0,0,20,6,9.12,35,0
F002490,Sambar Rice,Veg,196,2026-06-24,20:30,10.973793,76.954491,R031,FOOD_BANK,10.940331,76.930152,250,1,1,1,30,12,6.02,23,1
F002491,Paneer Rice,Veg,44,2026-02-04,21:45,11.010053,76.918261,R046,NGO,11.03532,76.96968,50,1,0,1,0,15,7.8,21,1
F002492,Upma,Veg,76,2026-03-26,23:15,11.053896,77.023402,R034,FOOD_BANK,10.933246,76.91673,300,1,1,1,75,8,22.79,48,0
F002493,Upma,Veg,136,2026-08-13,18:15,11.014847,77.018815,R004,FOOD_BANK,11.030506,77.02175,350,1,0,1,60,8,2.05,12,1
F002494,Egg Fried Rice,Non-Veg,57,2026-08-22,21:45,10.979497,76.93907,R100,NGO,11.03497,76.938284,75,1,1,1,0,15,7.2,18,1
F002495,Paneer Rice,Veg,99,2026-05-12,17:45,11.004965,76.92703,R056,NGO,11.046451,76.888718,120,1,1,1,0,15,7.15,20,1
F002496,Paneer Rice,Veg,95,2026-01-12,10:45,11.02334,76.906764,R098,NGO,11.05394,76.961166,80,1,1,1,0,15,8.45,26,0
F002497,Chicken Curry & Rice,Non-Veg,74,2026-03-20,21:00,10.99924,76.975315,R117,NGO,10.970674,77.017528,80,1,1,1,0,15,6.46,23,0
F002498,Vegetable Biryani,Veg,150,2026-02-06,20:00,11.033528,76.977257,R098,NGO,11.05394,76.961166,80,1,1,1,0,15,3.24,13,0
F002499,Tomato Rice,Veg,137,2026-09-05,12:00,11.053896,77.023402,R023,FOOD_BANK,11.067518,77.033737,250,1,1,0,30,8,2.43,11,0
F002500,Paneer Rice,Veg,104,2026-01-18,14:15,11.004965,76.92703,R063,NGO,11.00096,76.956294,200,1,0,1,0,15,3.71,13,1
